--
-- New creature properties for darkmoonfaire
--
REPLACE INTO `creature_properties` (`entry`, `killcredit1`, `killcredit2`, `male_displayid`, `female_displayid`, `male_displayid2`, `female_displayid2`, `name`, `subname`, `info_str`, `flags1`, `type`, `family`, `rank`, `encounter`, `unknown_float1`, `unknown_float2`, `leader`, `minlevel`, `maxlevel`, `faction`, `minhealth`, `maxhealth`, `mana`, `scale`, `npcflags`, `attacktime`, `attacktype`, `mindamage`, `maxdamage`, `can_ranged`, `rangedattacktime`, `rangedmindamage`, `rangedmaxdamage`, `respawntime`, `armor`, `resistance1`, `resistance2`, `resistance3`, `resistance4`, `resistance5`, `resistance6`, `combat_reach`, `bounding_radius`, `auras`, `boss`, `money`, `invisibility_type`, `walk_speed`, `run_speed`, `fly_speed`, `extra_a9_flags`, `spell1`, `spell2`, `spell3`, `spell4`, `spell5`, `spell6`, `spell7`, `spell8`, `spell_flags`, `modImmunities`, `isTrainingDummy`, `guardtype`, `summonguard`, `spelldataid`, `vehicleid`, `rooted`, `questitem1`, `questitem2`, `questitem3`, `questitem4`, `questitem5`, `questitem6`, `waypointid`) VALUES
   (52039, 0, 0, 26241, 26241, 0, 0, 'ELM General Purpose Bunny (scale x0.75)', '', '', 2048, 0, 0, 0, 0, 0, 0, 0, 85, 85, 35, 1, 1, 0, 0.75, 0, 0, 0, 0, 0, 0, 0, 0, 0, 0, 0, 0, 0, 0, 0, 0, 0, 1, 1, '', 0, 0, 0, 2.5, 8, 14, 0, 0, 0, 0, 0, 0, 0, 0, 0, 0, 0, 0, 0, 0, 0, 0, 0, 0, 0, 0, 0, 0, 0, 0),
   (54485, 0, 0, 39073, 0, 0, 0, 'Jessica Rogers', 'Ring Toss', '', 2048, 0, 0, 0, 0, 0, 0, 0, 55, 55, 35, 24, 24, 0, 1, 3, 0, 0, 0, 0, 0, 0, 0, 0, 0, 0, 0, 0, 0, 0, 0, 0, 1, 1, '', 0, 0, 0, 2.5, 8, 14, 0, 0, 0, 0, 0, 0, 0, 0, 0, 0, 0, 0, 0, 0, 0, 0, 0, 0, 0, 0, 0, 0, 0, 0),
   (54487, 0, 0, 38809, 0, 0, 0, 'Darkmoon Turtle', '', '', 2048, 0, 0, 0, 0, 0, 0, 0, 1, 1, 188, 40, 40, 0, 1, 0, 0, 0, 0, 0, 0, 0, 0, 0, 0, 0, 0, 0, 0, 0, 0, 0, 1, 1, '', 0, 0, 0, 2.5, 8, 14, 0, 0, 0, 0, 0, 0, 0, 0, 0, 0, 0, 0, 0, 0, 0, 0, 0, 0, 0, 0, 0, 0, 0, 0),
   (54490, 0, 0, 39038, 0, 0, 0, 'Dubenko', 'The Darkmoon Turtle', '', 2048, 0, 0, 0, 0, 0, 0, 0, 1, 1, 35, 1, 1, 0, 1, 0, 0, 0, 0, 0, 0, 0, 0, 0, 0, 0, 0, 0, 0, 0, 0, 0, 1, 1, '', 0, 0, 0, 2.5, 8, 14, 0, 0, 0, 0, 0, 0, 0, 0, 0, 0, 0, 0, 0, 0, 0, 0, 0, 0, 0, 0, 0, 0, 0, 0),
   (54491, 0, 0, 39549, 0, 0, 0, 'Darkmoon Monkey', '', '', 2048, 0, 0, 0, 0, 0, 0, 0, 1, 1, 188, 1, 1, 0, 1, 0, 0, 0, 0, 0, 0, 0, 0, 0, 0, 0, 0, 0, 0, 0, 0, 0, 1, 1, '', 0, 0, 0, 2.5, 8, 14, 0, 0, 0, 0, 0, 0, 0, 0, 0, 0, 0, 0, 0, 0, 0, 0, 0, 0, 0, 0, 0, 0, 0, 0),
   (54546, 0, 0, 38857, 0, 0, 0, 'Whack-a-Gnoll Barrel', '', '', 2048, 0, 0, 0, 0, 0, 0, 0, 1, 1, 35, 1, 1, 0, 1, 0, 0, 0, 0, 0, 0, 0, 0, 0, 0, 0, 0, 0, 0, 0, 0, 0, 1, 1, '', 0, 0, 0, 2.5, 8, 14, 0, 0, 0, 0, 0, 0, 0, 0, 0, 0, 0, 0, 0, 0, 0, 0, 0, 0, 0, 0, 0, 0, 0, 0),
   (54551, 0, 0, 29183, 22769, 0, 0, 'Darkmoon Cookpot', '', '', 2048, 0, 0, 0, 0, 0, 0, 0, 5, 5, 35, 1, 1, 0, 1, 0, 0, 0, 0, 0, 0, 0, 0, 0, 0, 0, 0, 0, 0, 0, 0, 0, 1, 1, '', 0, 0, 0, 2.5, 8, 14, 0, 0, 0, 0, 0, 0, 0, 0, 0, 0, 0, 0, 0, 0, 0, 0, 0, 0, 0, 0, 0, 0, 0, 0),
   (54595, 0, 0, 257, 0, 0, 0, 'Maggy', '', '', 2048, 0, 0, 0, 0, 0, 0, 0, 6, 6, 35, 1, 1, 0, 1, 0, 0, 0, 0, 0, 0, 0, 0, 0, 0, 0, 0, 0, 0, 0, 0, 0, 1, 1, '', 0, 0, 0, 2.5, 8, 14, 0, 0, 0, 0, 0, 0, 0, 0, 0, 0, 0, 0, 0, 0, 0, 0, 0, 0, 0, 0, 0, 0, 0, 0),
   (54596, 0, 0, 19092, 0, 0, 0, 'Raan', '', '', 2048, 0, 0, 0, 0, 0, 0, 0, 5, 5, 35, 1, 1, 0, 1, 0, 0, 0, 0, 0, 0, 0, 0, 0, 0, 0, 0, 0, 0, 0, 0, 0, 1, 1, '', 0, 0, 0, 2.5, 8, 14, 0, 0, 0, 0, 0, 0, 0, 0, 0, 0, 0, 0, 0, 0, 0, 0, 0, 0, 0, 0, 0, 0, 0, 0),
   (54601, 0, 0, 39069, 0, 0, 0, 'Mola', 'Whack-a-Mole', '', 2048, 0, 0, 0, 0, 0, 0, 0, 85, 85, 35, 1, 1, 0, 1, 3, 0, 0, 0, 0, 0, 0, 0, 0, 0, 0, 0, 0, 0, 0, 0, 0, 1, 1, '', 0, 0, 0, 2.5, 8, 14, 0, 0, 0, 0, 0, 0, 0, 0, 0, 0, 0, 0, 0, 0, 0, 0, 0, 0, 0, 0, 0, 0, 0, 0),
   (54605, 0, 0, 39093, 0, 0, 0, 'Finlay Coolshot', 'Tonk Challenge', '', 2048, 0, 0, 0, 0, 0, 0, 0, 1, 1, 35, 1, 1, 0, 1, 3, 0, 0, 0, 0, 0, 0, 0, 0, 0, 0, 0, 0, 0, 0, 0, 0, 1, 1, '', 0, 0, 0, 2.5, 8, 14, 0, 0, 0, 0, 0, 0, 0, 0, 0, 0, 0, 0, 0, 0, 0, 0, 0, 0, 0, 0, 0, 0, 0, 0),
   (54642, 0, 0, 15381, 0, 0, 0, 'Enemy Tonk', '', '', 0, 0, 0, 0, 0, 0, 0, 0, 1, 1, 1616, 1, 1, 0, 1, 0, 0, 0, 0, 0, 0, 0, 0, 0, 0, 0, 0, 0, 0, 0, 0, 0, 1, 1, '', 0, 0, 0, 2.5, 8, 14, 0, 0, 0, 0, 0, 0, 0, 0, 0, 0, 0, 0, 0, 0, 0, 0, 0, 0, 0, 0, 0, 0, 0, 0),
   (54643, 0, 0, 17192, 0, 0, 0, 'Enemy MiniZep', '', '', 0, 0, 0, 0, 0, 0, 0, 0, 1, 1, 1616, 1, 1, 0, 1, 0, 0, 0, 0, 0, 0, 0, 0, 0, 0, 0, 0, 0, 0, 0, 0, 0, 1, 1, '', 0, 0, 0, 2.5, 8, 14, 0, 0, 0, 0, 0, 0, 0, 0, 0, 0, 0, 0, 0, 0, 0, 0, 0, 0, 0, 0, 0, 0, 0, 0),
   (55072, 0, 0, 39017, 0, 0, 0, 'Barum', 'Replica Armor Prizes', '', 2048, 0, 0, 0, 0, 0, 0, 0, 55, 55, 1555, 1, 1, 0, 1, 4224, 0, 0, 0, 0, 0, 0, 0, 0, 0, 0, 0, 0, 0, 0, 0, 0, 1, 1, '', 0, 0, 0, 2.5, 8, 14, 0, 0, 0, 0, 0, 0, 0, 0, 0, 0, 0, 0, 0, 0, 0, 0, 0, 0, 0, 0, 0, 0, 0, 0),
   (55117, 0, 0, 39165, 0, 0, 0, 'Gargantua', '', '', 2048, 0, 9, 0, 0, 0, 0, 0, 70, 70, 1555, 1, 1, 0, 1, 0, 0, 0, 0, 0, 0, 0, 0, 0, 0, 0, 0, 0, 0, 0, 0, 0, 1, 1, '', 0, 0, 0, 2.5, 8, 14, 0, 0, 0, 0, 0, 0, 0, 0, 0, 0, 0, 0, 0, 0, 0, 0, 0, 0, 0, 0, 0, 0, 0, 0),
   (55118, 0, 0, 17899, 0, 0, 0, 'Jumbo', '', '', 2048, 0, 0, 0, 0, 0, 0, 0, 70, 70, 1555, 1, 1, 0, 1, 0, 0, 0, 0, 0, 0, 0, 0, 0, 0, 0, 0, 0, 0, 0, 0, 0, 1, 1, '', 0, 0, 0, 2.5, 8, 14, 0, 0, 0, 0, 0, 0, 0, 0, 0, 0, 0, 0, 0, 0, 0, 0, 0, 0, 0, 0, 0, 0, 0, 0),
   (55119, 0, 0, 39196, 0, 0, 0, 'Pygmy Cockatrice', '', '', 2048, 0, 0, 0, 0, 0, 0, 0, 1, 1, 1555, 1, 1, 0, 1, 0, 0, 0, 0, 0, 0, 0, 0, 0, 0, 0, 0, 0, 0, 0, 0, 0, 1, 1, '', 0, 0, 0, 2.5, 8, 14, 0, 0, 0, 0, 0, 0, 0, 0, 0, 0, 0, 0, 0, 0, 0, 0, 0, 0, 0, 0, 0, 0, 0, 0),
   (55120, 0, 0, 39197, 0, 0, 0, 'Darkmoon Penguin', '', '', 2048, 0, 0, 0, 0, 0, 0, 0, 1, 1, 1555, 1, 1, 0, 1, 0, 0, 0, 0, 0, 0, 0, 0, 0, 0, 0, 0, 0, 0, 0, 0, 0, 1, 1, '', 0, 0, 0, 2.5, 8, 14, 0, 0, 0, 0, 0, 0, 0, 0, 0, 0, 0, 0, 0, 0, 0, 0, 0, 0, 0, 0, 0, 0, 0, 0),
   (55121, 0, 0, 25938, 25937, 25385, 25381, 'Frenzyheart Visitor', '', '', 2048, 0, 0, 0, 0, 0, 0, 0, 70, 78, 1555, 1, 1, 0, 1, 0, 0, 0, 0, 0, 0, 0, 0, 0, 0, 0, 0, 0, 0, 0, 0, 0, 1, 1, '', 0, 0, 0, 2.5, 8, 14, 0, 0, 0, 0, 0, 0, 0, 0, 0, 0, 0, 0, 0, 0, 0, 0, 0, 0, 0, 0, 0, 0, 0, 0),
   (55133, 0, 0, 17705, 0, 0, 0, 'Corki', '', '', 2048, 0, 0, 0, 0, 0, 0, 0, 74, 78, 1555, 1, 1, 0, 1, 1, 0, 0, 0, 0, 0, 0, 0, 0, 0, 0, 0, 0, 0, 0, 0, 0, 1, 1, '', 0, 0, 0, 2.5, 8, 14, 0, 0, 0, 0, 0, 0, 0, 0, 0, 0, 0, 0, 0, 0, 0, 0, 0, 0, 0, 0, 0, 0, 0, 0),
   (55220, 0, 0, 39078, 0, 0, 0, 'Fire Juggler', '', '', 2048, 0, 0, 0, 0, 0, 0, 0, 40, 60, 35, 1, 1, 0, 1, 0, 0, 0, 0, 0, 0, 0, 0, 0, 0, 0, 0, 0, 0, 0, 0, 0, 1, 1, '', 0, 0, 0, 2.5, 8, 14, 0, 0, 0, 0, 0, 0, 0, 0, 0, 0, 0, 0, 0, 0, 0, 0, 0, 0, 0, 0, 0, 0, 0, 0),
   (55221, 0, 0, 39079, 0, 0, 0, 'Fire Juggler', '', '', 2048, 0, 0, 0, 0, 0, 0, 0, 41, 51, 35, 1, 1, 0, 1, 0, 0, 0, 0, 0, 0, 0, 0, 0, 0, 0, 0, 0, 0, 0, 0, 0, 1, 1, '', 0, 0, 0, 2.5, 8, 14, 0, 0, 0, 0, 0, 0, 0, 0, 0, 0, 0, 0, 0, 0, 0, 0, 0, 0, 0, 0, 0, 0, 0, 0),
   (55222, 0, 0, 39080, 0, 0, 0, 'Fire Juggler', '', '', 2048, 0, 0, 0, 0, 0, 0, 0, 42, 57, 35, 1, 1, 0, 1, 0, 0, 0, 0, 0, 0, 0, 0, 0, 0, 0, 0, 0, 0, 0, 0, 0, 1, 1, '', 0, 0, 0, 2.5, 8, 14, 0, 0, 0, 0, 0, 0, 0, 0, 0, 0, 0, 0, 0, 0, 0, 0, 0, 0, 0, 0, 0, 0, 0, 0),
   (55223, 0, 0, 39081, 0, 0, 0, 'Fire Juggler', '', '', 2048, 0, 0, 0, 0, 0, 0, 0, 40, 59, 35, 1, 1, 0, 1, 0, 0, 0, 0, 0, 0, 0, 0, 0, 0, 0, 0, 0, 0, 0, 0, 0, 1, 1, '', 0, 0, 0, 2.5, 8, 14, 0, 0, 0, 0, 0, 0, 0, 0, 0, 0, 0, 0, 0, 0, 0, 0, 0, 0, 0, 0, 0, 0, 0, 0),
   (55225, 0, 0, 39083, 0, 0, 0, 'Fire Juggler', '', '', 2048, 0, 0, 0, 0, 0, 0, 0, 48, 54, 35, 1, 1, 0, 1, 0, 0, 0, 0, 0, 0, 0, 0, 0, 0, 0, 0, 0, 0, 0, 0, 0, 1, 1, '', 0, 0, 0, 2.5, 8, 14, 0, 0, 0, 0, 0, 0, 0, 0, 0, 0, 0, 0, 0, 0, 0, 0, 0, 0, 0, 0, 0, 0, 0, 0),
   (55226, 0, 0, 39084, 0, 0, 0, 'Fire Juggler', '', '', 2048, 0, 0, 0, 0, 0, 0, 0, 49, 59, 35, 1, 1, 0, 1, 0, 0, 0, 0, 0, 0, 0, 0, 0, 0, 0, 0, 0, 0, 0, 0, 0, 1, 1, '', 0, 0, 0, 2.5, 8, 14, 0, 0, 0, 0, 0, 0, 0, 0, 0, 0, 0, 0, 0, 0, 0, 0, 0, 0, 0, 0, 0, 0, 0, 0),
   (55229, 0, 0, 39087, 0, 0, 0, 'Fire Eater', '', '', 2048, 0, 0, 0, 0, 0, 0, 0, 60, 69, 35, 1, 1, 0, 1, 0, 0, 0, 0, 0, 0, 0, 0, 0, 0, 0, 0, 0, 0, 0, 0, 0, 1, 1, '', 0, 0, 0, 2.5, 8, 14, 0, 0, 0, 0, 0, 0, 0, 0, 0, 0, 0, 0, 0, 0, 0, 0, 0, 0, 0, 0, 0, 0, 0, 0),
   (55230, 0, 0, 39088, 0, 0, 0, 'Fire Eater', '', '', 2048, 0, 0, 0, 0, 0, 0, 0, 60, 66, 35, 1, 1, 0, 1, 0, 0, 0, 0, 0, 0, 0, 0, 0, 0, 0, 0, 0, 0, 0, 0, 0, 1, 1, '', 0, 0, 0, 2.5, 8, 14, 0, 0, 0, 0, 0, 0, 0, 0, 0, 0, 0, 0, 0, 0, 0, 0, 0, 0, 0, 0, 0, 0, 0, 0),
   (55231, 0, 0, 39089, 0, 0, 0, 'Fire Eater', '', '', 2048, 0, 0, 0, 0, 0, 0, 0, 60, 70, 35, 1, 1, 0, 1, 0, 0, 0, 0, 0, 0, 0, 0, 0, 0, 0, 0, 0, 0, 0, 0, 0, 1, 1, '', 0, 0, 0, 2.5, 8, 14, 0, 0, 0, 0, 0, 0, 0, 0, 0, 0, 0, 0, 0, 0, 0, 0, 0, 0, 0, 0, 0, 0, 0, 0),
   (55250, 0, 0, 19092, 0, 0, 0, 'Duquan', '', '', 2048, 0, 0, 0, 0, 0, 0, 0, 1, 1, 35, 1, 1, 0, 1, 0, 0, 0, 0, 0, 0, 0, 0, 0, 0, 0, 0, 0, 0, 0, 0, 0, 1, 1, '', 0, 0, 0, 2.5, 8, 14, 0, 0, 0, 0, 0, 0, 0, 0, 0, 0, 0, 0, 0, 0, 0, 0, 0, 0, 0, 0, 0, 0, 0, 0),
   (55251, 0, 0, 20545, 0, 0, 0, 'Namond', '', '', 2048, 0, 0, 0, 0, 0, 0, 0, 1, 1, 35, 1, 1, 0, 1, 0, 0, 0, 0, 0, 0, 0, 0, 0, 0, 0, 0, 0, 0, 0, 0, 0, 1, 1, '', 0, 0, 0, 2.5, 8, 14, 0, 0, 0, 0, 0, 0, 0, 0, 0, 0, 0, 0, 0, 0, 0, 0, 0, 0, 0, 0, 0, 0, 0, 0),
   (55252, 0, 0, 221, 0, 0, 0, 'Michael', '', '', 2048, 0, 0, 0, 0, 0, 0, 0, 1, 1, 35, 1, 1, 0, 1, 0, 0, 0, 0, 0, 0, 0, 0, 0, 0, 0, 0, 0, 0, 0, 0, 0, 1, 1, '', 0, 0, 0, 2.5, 8, 14, 0, 0, 0, 0, 0, 0, 0, 0, 0, 0, 0, 0, 0, 0, 0, 0, 0, 0, 0, 0, 0, 0, 0, 0),
   (55253, 0, 0, 19314, 0, 0, 0, 'Randy', '', '', 2048, 0, 0, 0, 0, 0, 0, 0, 1, 1, 35, 1, 1, 0, 1, 0, 0, 0, 0, 0, 0, 0, 0, 0, 0, 0, 0, 0, 0, 0, 0, 0, 1, 1, '', 0, 0, 0, 2.5, 8, 14, 0, 0, 0, 0, 0, 0, 0, 0, 0, 0, 0, 0, 0, 0, 0, 0, 0, 0, 0, 0, 0, 0, 0, 0),
   (55254, 0, 0, 21674, 0, 0, 0, 'Ellie Goodup', '', '', 2048, 0, 0, 0, 0, 0, 0, 0, 65, 70, 35, 1, 1, 0, 1, 0, 0, 0, 0, 0, 0, 0, 0, 0, 0, 0, 0, 0, 0, 0, 0, 0, 1, 1, '', 0, 0, 0, 2.5, 8, 14, 0, 0, 0, 0, 0, 0, 0, 0, 0, 0, 0, 0, 0, 0, 0, 0, 0, 0, 0, 0, 0, 0, 0, 0),
   (55261, 0, 0, 1126, 11686, 0, 0, 'Darkmoon Parade Creature', '', '', 2048, 0, 0, 0, 0, 0, 0, 0, 85, 85, 1555, 1, 1, 0, 1, 0, 0, 0, 0, 0, 0, 0, 0, 0, 0, 0, 0, 0, 0, 0, 0, 0, 1, 1, '', 0, 0, 0, 2.5, 8, 14, 0, 0, 0, 0, 0, 0, 0, 0, 0, 0, 0, 0, 0, 0, 0, 0, 0, 0, 0, 0, 0, 0, 0, 0),
   (55264, 0, 0, 39300, 0, 0, 0, 'Sazz Coincatcher', 'Game Tokens', '', 2048, 0, 0, 0, 0, 0, 0, 0, 25, 25, 1555, 1, 1, 0, 1, 128, 0, 0, 0, 0, 0, 0, 0, 0, 0, 0, 0, 0, 0, 0, 0, 0, 1, 1, '', 0, 0, 0, 2.5, 8, 14, 0, 0, 0, 0, 0, 0, 0, 0, 0, 0, 0, 0, 0, 0, 0, 0, 0, 0, 0, 0, 0, 0, 0, 0),
   (55266, 0, 0, 39301, 0, 0, 0, 'Zina Sharpworth', 'Game Tokens', '', 2048, 0, 0, 0, 0, 0, 0, 0, 25, 25, 1555, 1, 1, 0, 1, 128, 0, 0, 0, 0, 0, 0, 0, 0, 0, 0, 0, 0, 0, 0, 0, 0, 1, 1, '', 0, 0, 0, 2.5, 8, 14, 0, 0, 0, 0, 0, 0, 0, 0, 0, 0, 0, 0, 0, 0, 0, 0, 0, 0, 0, 0, 0, 0, 0, 0),
   (55268, 0, 0, 38419, 0, 0, 0, 'Aja', '', '', 2048, 0, 0, 0, 0, 0, 0, 0, 1, 1, 35, 1, 1, 0, 1, 0, 0, 0, 0, 0, 0, 0, 0, 0, 0, 0, 0, 0, 0, 0, 0, 0, 1, 1, '', 0, 0, 0, 2.5, 8, 14, 0, 0, 0, 0, 0, 0, 0, 0, 0, 0, 0, 0, 0, 0, 0, 0, 0, 0, 0, 0, 0, 0, 0, 0),
   (55269, 0, 0, 19091, 0, 0, 0, 'Jerrica', '', '', 2048, 0, 0, 0, 0, 0, 0, 0, 1, 1, 35, 1, 1, 0, 1, 0, 0, 0, 0, 0, 0, 0, 0, 0, 0, 0, 0, 0, 0, 0, 0, 0, 1, 1, '', 0, 0, 0, 2.5, 8, 14, 0, 0, 0, 0, 0, 0, 0, 0, 0, 0, 0, 0, 0, 0, 0, 0, 0, 0, 0, 0, 0, 0, 0, 0),
   (55270, 0, 0, 19315, 0, 0, 0, 'Kimber', '', '', 2048, 0, 0, 0, 0, 0, 0, 0, 1, 1, 35, 1, 1, 0, 1, 0, 0, 0, 0, 0, 0, 0, 0, 0, 0, 0, 0, 0, 0, 0, 0, 0, 1, 1, '', 0, 0, 0, 2.5, 8, 14, 0, 0, 0, 0, 0, 0, 0, 0, 0, 0, 0, 0, 0, 0, 0, 0, 0, 0, 0, 0, 0, 0, 0, 0),
   (55271, 0, 0, 344, 0, 0, 0, 'Shana', '', '', 2048, 0, 0, 0, 0, 0, 0, 0, 1, 1, 35, 1, 1, 0, 1, 0, 0, 0, 0, 0, 0, 0, 0, 0, 0, 0, 0, 0, 0, 0, 0, 0, 1, 1, '', 0, 0, 0, 2.5, 8, 14, 0, 0, 0, 0, 0, 0, 0, 0, 0, 0, 0, 0, 0, 0, 0, 0, 0, 0, 0, 0, 0, 0, 0, 0),
   (55278, 0, 0, 39097, 0, 0, 0, 'Boomie Sparks', 'Fireworks', '', 2048, 0, 0, 0, 0, 0, 0, 0, 46, 46, 35, 1, 1, 0, 1, 128, 0, 0, 0, 0, 0, 0, 0, 0, 0, 0, 0, 0, 0, 0, 0, 0, 1, 1, '', 0, 0, 0, 2.5, 8, 14, 0, 0, 0, 0, 0, 0, 0, 0, 0, 0, 0, 0, 0, 0, 0, 0, 0, 0, 0, 0, 0, 0, 0, 0),
   (55305, 0, 0, 39313, 0, 0, 0, 'Carl Goodup', 'Balloon Vendor', '', 34816, 0, 0, 0, 0, 0, 0, 0, 20, 20, 1555, 1, 1, 0, 1, 128, 0, 0, 0, 0, 0, 0, 0, 0, 0, 0, 0, 0, 0, 0, 0, 0, 1, 1, '', 0, 0, 0, 2.5, 8, 14, 0, 0, 0, 0, 0, 0, 0, 0, 0, 0, 0, 0, 0, 0, 0, 0, 0, 0, 0, 0, 0, 0, 0, 0),
   (55306, 0, 0, 33303, 0, 0, 0, 'Balloon Cart', '', '', 2048, 0, 0, 0, 0, 0, 0, 0, 1, 1, 7, 1, 1, 0, 1, 0, 0, 0, 0, 0, 0, 0, 0, 0, 0, 0, 0, 0, 0, 0, 0, 0, 1, 1, '', 0, 0, 0, 2.5, 8, 14, 0, 0, 0, 0, 0, 0, 0, 0, 0, 0, 0, 0, 0, 0, 0, 0, 0, 0, 0, 0, 0, 0, 0, 0),
   (55307, 0, 0, 20570, 22769, 0, 0, 'Balloon Cart Bunny', '', '', 2048, 0, 0, 0, 0, 0, 0, 0, 1, 1, 35, 1, 1, 0, 1, 0, 0, 0, 0, 0, 0, 0, 0, 0, 0, 0, 0, 0, 0, 0, 0, 0, 1, 1, '', 0, 0, 0, 2.5, 8, 14, 0, 0, 0, 0, 0, 0, 0, 0, 0, 0, 0, 0, 0, 0, 0, 0, 0, 0, 0, 0, 0, 0, 0, 0),
   (55339, 0, 0, 39302, 0, 0, 0, 'Trixi Sharpworth', 'Game Tokens', '', 2048, 0, 0, 0, 0, 0, 0, 0, 25, 25, 1555, 1, 1, 0, 1, 128, 0, 0, 0, 0, 0, 0, 0, 0, 0, 0, 0, 0, 0, 0, 0, 0, 1, 1, '', 0, 0, 0, 2.5, 8, 14, 0, 0, 0, 0, 0, 0, 0, 0, 0, 0, 0, 0, 0, 0, 0, 0, 0, 0, 0, 0, 0, 0, 0, 0),
   (55341, 0, 0, 39104, 0, 0, 0, 'Fire Juggler', '', '', 2048, 0, 0, 0, 0, 0, 0, 0, 40, 60, 35, 1, 1, 0, 1, 0, 0, 0, 0, 0, 0, 0, 0, 0, 0, 0, 0, 0, 0, 0, 0, 0, 1, 1, '', 0, 0, 0, 2.5, 8, 14, 0, 0, 0, 0, 0, 0, 0, 0, 0, 0, 0, 0, 0, 0, 0, 0, 0, 0, 0, 0, 0, 0, 0, 0),
   (55342, 0, 0, 39105, 0, 0, 0, 'Fire Juggler', '', '', 2048, 0, 0, 0, 0, 0, 0, 0, 43, 58, 35, 1, 1, 0, 1, 0, 0, 0, 0, 0, 0, 0, 0, 0, 0, 0, 0, 0, 0, 0, 0, 0, 1, 1, '', 0, 0, 0, 2.5, 8, 14, 0, 0, 0, 0, 0, 0, 0, 0, 0, 0, 0, 0, 0, 0, 0, 0, 0, 0, 0, 0, 0, 0, 0, 0),
   (55347, 0, 0, 1501, 21621, 0, 0, 'Alliance Citizen', '', '', 2048, 0, 0, 0, 0, 0, 0, 0, 40, 85, 35, 1, 1, 0, 1, 0, 0, 0, 0, 0, 0, 0, 0, 0, 0, 0, 0, 0, 0, 0, 0, 0, 1, 1, '', 0, 0, 0, 2.5, 8, 14, 0, 0, 0, 0, 0, 0, 0, 0, 0, 0, 0, 0, 0, 0, 0, 0, 0, 0, 0, 0, 0, 0, 0, 0),
   (55348, 0, 0, 1501, 21621, 0, 0, 'Horde Citizen', '', '', 2048, 0, 0, 0, 0, 0, 0, 0, 40, 85, 1735, 1, 1, 0, 1, 0, 0, 0, 0, 0, 0, 0, 0, 0, 0, 0, 0, 0, 0, 0, 0, 0, 1, 1, '', 0, 0, 0, 2.5, 8, 14, 0, 0, 0, 0, 0, 0, 0, 0, 0, 0, 0, 0, 0, 0, 0, 0, 0, 0, 0, 0, 0, 0, 0, 0),
   (55356, 0, 0, 15381, 0, 0, 0, 'Darkmoon Tonk', '', '', 2048, 0, 0, 0, 0, 0, 0, 0, 1, 1, 188, 1, 1, 0, 1, 0, 0, 0, 0, 0, 0, 0, 0, 0, 0, 0, 0, 0, 0, 0, 0, 0, 1, 1, '', 0, 0, 0, 2.5, 8, 14, 0, 0, 0, 0, 0, 0, 0, 0, 0, 0, 0, 0, 0, 0, 0, 0, 0, 0, 0, 0, 0, 0, 0, 0),
   (55367, 0, 0, 17192, 0, 0, 0, 'Darkmoon Zeppelin', '', '', 2048, 0, 0, 0, 0, 0, 0, 0, 1, 1, 188, 1, 1, 0, 1, 0, 0, 0, 0, 0, 0, 0, 0, 0, 0, 0, 0, 0, 0, 0, 0, 0, 1, 1, '', 0, 0, 0, 2.5, 8, 14, 0, 0, 0, 0, 0, 0, 0, 0, 0, 0, 0, 0, 0, 0, 0, 0, 0, 0, 0, 0, 0, 0, 0, 0),
   (55402, 0, 0, 39121, 0, 0, 0, 'Korgol Crushskull', 'The Pit Master', '', 2048, 0, 0, 0, 0, 0, 0, 0, 85, 85, 1555, 1, 1, 0, 1, 3, 0, 0, 0, 0, 0, 0, 0, 0, 0, 0, 0, 0, 0, 0, 0, 0, 1, 1, '', 0, 0, 0, 2.5, 8, 14, 0, 0, 0, 0, 0, 0, 0, 0, 0, 0, 0, 0, 0, 0, 0, 0, 0, 0, 0, 0, 0, 0, 0, 0),
   (55428, 0, 0, 39131, 0, 0, 0, 'Jumbo Jr.', '', '', 2048, 0, 0, 0, 0, 0, 0, 0, 15, 15, 1555, 1, 1, 0, 1, 0, 0, 0, 0, 0, 0, 0, 0, 0, 0, 0, 0, 0, 0, 0, 0, 0, 1, 1, '', 0, 0, 0, 2.5, 8, 14, 0, 0, 0, 0, 0, 0, 0, 0, 0, 0, 0, 0, 0, 0, 0, 0, 0, 0, 0, 0, 0, 0, 0, 0),
   (55429, 0, 0, 21393, 0, 0, 0, 'Jumbina', '', '', 2048, 0, 0, 0, 0, 0, 0, 0, 1, 1, 1555, 1, 1, 0, 1, 0, 0, 0, 0, 0, 0, 0, 0, 0, 0, 0, 0, 0, 0, 0, 0, 0, 1, 1, '', 0, 0, 0, 2.5, 8, 14, 0, 0, 0, 0, 0, 0, 0, 0, 0, 0, 0, 0, 0, 0, 0, 0, 0, 0, 0, 0, 0, 0, 0, 0),
   (55440, 0, 0, 21268, 0, 0, 0, 'Violet', '', '', 2048, 0, 12, 0, 0, 0, 0, 0, 70, 70, 1555, 1, 1, 0, 1, 0, 0, 0, 0, 0, 0, 0, 0, 0, 0, 0, 0, 0, 0, 0, 0, 0, 1, 1, '', 0, 0, 0, 2.5, 8, 14, 0, 0, 0, 0, 0, 0, 0, 0, 0, 0, 0, 0, 0, 0, 0, 0, 0, 0, 0, 0, 0, 0, 0, 0),
   (55443, 0, 0, 39133, 0, 0, 0, 'Goldwing', '', '', 2048, 0, 26, 0, 0, 0, 0, 0, 80, 80, 1555, 1, 1, 0, 1, 0, 0, 0, 0, 0, 0, 0, 0, 0, 0, 0, 0, 0, 0, 0, 0, 0, 1, 1, '', 0, 0, 0, 2.5, 8, 14, 0, 0, 0, 0, 0, 0, 0, 0, 0, 0, 0, 0, 0, 0, 0, 0, 0, 0, 0, 0, 0, 0, 0, 0),
   (55444, 0, 0, 39134, 0, 0, 0, 'King Leo', '', '', 2048, 0, 0, 0, 0, 0, 0, 0, 60, 60, 1555, 1, 1, 0, 1, 0, 0, 0, 0, 0, 0, 0, 0, 0, 0, 0, 0, 0, 0, 0, 0, 0, 1, 1, '', 0, 0, 0, 2.5, 8, 14, 0, 0, 0, 0, 0, 0, 0, 0, 0, 0, 0, 0, 0, 0, 0, 0, 0, 0, 0, 0, 0, 0, 0, 0),
   (55446, 0, 0, 39135, 0, 0, 0, 'Queen Savannah', '', '', 2048, 0, 0, 0, 0, 0, 0, 0, 60, 60, 1555, 1, 1, 0, 1, 0, 0, 0, 0, 0, 0, 0, 0, 0, 0, 0, 0, 0, 0, 0, 0, 0, 1, 1, '', 0, 0, 0, 2.5, 8, 14, 0, 0, 0, 0, 0, 0, 0, 0, 0, 0, 0, 0, 0, 0, 0, 0, 0, 0, 0, 0, 0, 0, 0, 0),
   (55448, 0, 0, 39137, 0, 0, 0, 'M\'ku', 'The Little Prince', '', 2048, 0, 0, 0, 0, 0, 0, 0, 60, 60, 1555, 1, 1, 0, 1, 0, 0, 0, 0, 0, 0, 0, 0, 0, 0, 0, 0, 0, 0, 0, 0, 0, 1, 1, '', 0, 0, 0, 2.5, 8, 14, 0, 0, 0, 0, 0, 0, 0, 0, 0, 0, 0, 0, 0, 0, 0, 0, 0, 0, 0, 0, 0, 0, 0, 0),
   (55449, 0, 0, 39136, 0, 0, 0, 'Binti', '', '', 2048, 0, 0, 0, 0, 0, 0, 0, 60, 60, 1555, 1, 1, 0, 1, 0, 0, 0, 0, 0, 0, 0, 0, 0, 0, 0, 0, 0, 0, 0, 0, 0, 1, 1, '', 0, 0, 0, 2.5, 8, 14, 0, 0, 0, 0, 0, 0, 0, 0, 0, 0, 0, 0, 0, 0, 0, 0, 0, 0, 0, 0, 0, 0, 0, 0),
   (55457, 0, 0, 39142, 0, 0, 0, 'Gleok', 'The Untamable', '', 2048, 0, 68, 0, 0, 0, 0, 0, 60, 60, 1555, 1, 1, 0, 1, 0, 0, 0, 0, 0, 0, 0, 0, 0, 0, 0, 0, 0, 0, 0, 0, 0, 1, 1, '', 0, 0, 0, 2.5, 8, 14, 0, 0, 0, 0, 0, 0, 0, 0, 0, 0, 0, 0, 0, 0, 0, 0, 0, 0, 0, 0, 0, 0, 0, 0),
   (55475, 0, 0, 999, 641, 1938, 1000, 'Darkmoon Tide Crawler', '', '', 2048, 0, 8, 0, 0, 0, 0, 0, 10, 11, 7, 1, 1, 0, 1, 0, 0, 0, 0, 0, 0, 0, 0, 0, 0, 0, 0, 0, 0, 0, 0, 0, 1, 1, '', 0, 0, 0, 2.5, 8, 14, 0, 0, 0, 0, 0, 0, 0, 0, 0, 0, 0, 0, 0, 0, 0, 0, 0, 0, 0, 0, 0, 0, 0, 0),
   (55487, 0, 0, 2536, 9829, 1160, 14952, 'Moonweb Spider', '', '', 2048, 0, 0, 0, 0, 0, 0, 0, 1, 1, 190, 1, 1, 0, 1, 0, 0, 0, 0, 0, 0, 0, 0, 0, 0, 0, 0, 0, 0, 0, 0, 0, 1, 1, '', 0, 0, 0, 2.5, 8, 14, 0, 0, 0, 0, 0, 0, 0, 0, 0, 0, 0, 0, 0, 0, 0, 0, 0, 0, 0, 0, 0, 0, 0, 0),
   (55596, 0, 0, 39164, 0, 0, 0, 'Careless Carnie', '', '', 2048, 0, 0, 0, 0, 0, 0, 0, 25, 25, 1555, 1, 1, 0, 1, 1, 0, 0, 0, 0, 0, 0, 0, 0, 0, 0, 0, 0, 0, 0, 0, 0, 1, 1, '', 0, 0, 0, 2.5, 8, 14, 0, 0, 0, 0, 0, 0, 0, 0, 0, 0, 0, 0, 0, 0, 0, 0, 0, 0, 0, 0, 0, 0, 0, 0),
   (55598, 0, 0, 2076, 0, 0, 0, 'Krystal', 'Please Avoid Eye Contact', '', 2048, 0, 0, 0, 0, 0, 0, 0, 60, 60, 1555, 1, 1, 0, 1, 0, 0, 0, 0, 0, 0, 0, 0, 0, 0, 0, 0, 0, 0, 0, 0, 0, 1, 1, '', 0, 0, 0, 2.5, 8, 14, 0, 0, 0, 0, 0, 0, 0, 0, 0, 0, 0, 0, 0, 0, 0, 0, 0, 0, 0, 0, 0, 0, 0, 0),
   (55602, 0, 0, 25120, 0, 0, 0, 'Urefu', '', '', 2048, 0, 0, 0, 0, 0, 0, 0, 60, 60, 1555, 1, 1, 0, 1, 0, 0, 0, 0, 0, 0, 0, 0, 0, 0, 0, 0, 0, 0, 0, 0, 0, 1, 1, '', 0, 0, 0, 2.5, 8, 14, 0, 0, 0, 0, 0, 0, 0, 0, 0, 0, 0, 0, 0, 0, 0, 0, 0, 0, 0, 0, 0, 0, 0, 0),
   (55609, 0, 0, 39167, 0, 0, 0, 'Lizzy', '', '', 2048, 0, 0, 0, 0, 0, 0, 0, 60, 60, 1555, 1, 1, 0, 1, 0, 0, 0, 0, 0, 0, 0, 0, 0, 0, 0, 0, 0, 0, 0, 0, 0, 1, 1, '', 0, 0, 0, 2.5, 8, 14, 0, 0, 0, 0, 0, 0, 0, 0, 0, 0, 0, 0, 0, 0, 0, 0, 0, 0, 0, 0, 0, 0, 0, 0),
   (55712, 0, 0, 358, 0, 0, 0, 'Darkmoon Slime', '', '', 2048, 0, 0, 0, 0, 0, 0, 0, 1, 1, 1555, 1, 1, 0, 1, 0, 0, 0, 0, 0, 0, 0, 0, 0, 0, 0, 0, 0, 0, 0, 0, 0, 1, 1, '', 0, 0, 0, 2.5, 8, 14, 0, 0, 0, 0, 0, 0, 0, 0, 0, 0, 0, 0, 0, 0, 0, 0, 0, 0, 0, 0, 0, 0, 0, 0),
   (55714, 0, 0, 39187, 0, 0, 0, 'Darkmoon Monkey', '', '', 2048, 0, 51, 0, 0, 0, 0, 0, 1, 1, 188, 1, 1, 0, 1, 0, 0, 0, 0, 0, 0, 0, 0, 0, 0, 0, 0, 0, 0, 0, 0, 0, 1, 1, '', 0, 0, 0, 2.5, 8, 14, 0, 0, 0, 0, 0, 0, 0, 0, 0, 0, 0, 0, 0, 0, 0, 0, 0, 0, 0, 0, 0, 0, 0, 0),
   (55715, 0, 0, 39192, 39195, 39193, 0, 'Darkmoon Pony', '', 'vehichleCursor', 2048, 0, 0, 0, 0, 0, 0, 0, 5, 5, 35, 1, 1, 0, 1, 16777216, 0, 0, 0, 0, 0, 0, 0, 0, 0, 0, 0, 0, 0, 0, 0, 0, 1, 1, '', 0, 0, 0, 2.5, 8, 14, 0, 0, 0, 0, 0, 0, 0, 0, 0, 0, 0, 0, 0, 0, 0, 0, 0, 0, 0, 0, 0, 0, 0, 0),
   (55741, 0, 0, 36743, 0, 0, 0, 'Crow', '', '', 2048, 0, 0, 0, 0, 0, 0, 0, 1, 1, 2136, 1, 1, 0, 1, 0, 0, 0, 0, 0, 0, 0, 0, 0, 0, 0, 0, 0, 0, 0, 0, 0, 1, 1, '', 0, 0, 0, 2.5, 8, 14, 0, 0, 0, 0, 0, 0, 0, 0, 0, 0, 0, 0, 0, 0, 0, 0, 0, 0, 0, 0, 0, 0, 0, 0),
   (55749, 0, 0, 36499, 0, 0, 0, 'Sea Gull', '', '', 2048, 0, 0, 0, 0, 0, 0, 0, 1, 1, 2136, 1, 1, 0, 1, 0, 0, 0, 0, 0, 0, 0, 0, 0, 0, 0, 0, 0, 0, 0, 0, 0, 1, 1, '', 0, 0, 0, 2.5, 8, 14, 0, 0, 0, 0, 0, 0, 0, 0, 0, 0, 0, 0, 0, 0, 0, 0, 0, 0, 0, 0, 0, 0, 0, 0),
   (55761, 0, 0, 251, 0, 0, 0, 'Phillipe', '', '', 2048, 0, 0, 0, 0, 0, 0, 0, 1, 1, 35, 1, 1, 0, 1, 0, 0, 0, 0, 0, 0, 0, 0, 0, 0, 0, 0, 0, 0, 0, 0, 0, 1, 1, '', 0, 0, 0, 2.5, 8, 14, 0, 0, 0, 0, 0, 0, 0, 0, 0, 0, 0, 0, 0, 0, 0, 0, 0, 0, 0, 0, 0, 0, 0, 0),
   (56025, 0, 0, 18641, 0, 0, 0, 'Cro Threadstrong', '', '', 2048, 0, 0, 0, 0, 0, 0, 0, 62, 62, 1818, 1, 1, 0, 1, 0, 0, 0, 0, 0, 0, 0, 0, 0, 0, 0, 0, 0, 0, 0, 0, 0, 1, 1, '', 0, 0, 0, 2.5, 8, 14, 0, 0, 0, 0, 0, 0, 0, 0, 0, 0, 0, 0, 0, 0, 0, 0, 0, 0, 0, 0, 0, 0, 0, 0),
   (56026, 0, 0, 18630, 0, 0, 0, 'Darmari', '', '', 2048, 0, 0, 0, 0, 0, 0, 0, 63, 63, 1818, 1, 1, 0, 1, 0, 0, 0, 0, 0, 0, 0, 0, 0, 0, 0, 0, 0, 0, 0, 0, 0, 1, 1, '', 0, 0, 0, 2.5, 8, 14, 0, 0, 0, 0, 0, 0, 0, 0, 0, 0, 0, 0, 0, 0, 0, 0, 0, 0, 0, 0, 0, 0, 0, 0),
   (56031, 0, 0, 39137, 0, 0, 0, 'Darkmoon Cub', '', '', 2048, 0, 0, 0, 0, 0, 0, 0, 1, 1, 188, 1, 1, 0, 1, 0, 0, 0, 0, 0, 0, 0, 0, 0, 0, 0, 0, 0, 0, 0, 0, 0, 1, 1, '', 0, 0, 0, 2.5, 8, 14, 0, 0, 0, 0, 0, 0, 0, 0, 0, 0, 0, 0, 0, 0, 0, 0, 0, 0, 0, 0, 0, 0, 0, 0),
   (56035, 0, 0, 39060, 0, 0, 0, 'Kolin', 'The Dancing Bear', '', 2048, 0, 0, 0, 0, 0, 0, 0, 10, 10, 1555, 1, 1, 0, 1, 0, 0, 0, 0, 0, 0, 0, 0, 0, 0, 0, 0, 0, 0, 0, 0, 0, 1, 1, '', 0, 0, 0, 2.5, 8, 14, 0, 0, 0, 0, 0, 0, 0, 0, 0, 0, 0, 0, 0, 0, 0, 0, 0, 0, 0, 0, 0, 0, 0, 0),
   (56041, 0, 0, 39296, 0, 0, 0, 'Rona Greenteeth', '', '', 2048, 0, 0, 0, 0, 0, 0, 0, 85, 85, 35, 1, 1, 0, 1, 129, 0, 0, 0, 0, 0, 0, 0, 0, 0, 0, 0, 0, 0, 0, 0, 0, 1, 1, '', 0, 0, 0, 2.5, 8, 14, 0, 0, 0, 0, 0, 0, 0, 0, 0, 0, 0, 0, 0, 0, 0, 0, 0, 0, 0, 0, 0, 0, 0, 0),
   (56044, 0, 0, 30233, 0, 0, 0, '[DND] Spooky Ghost - Ghost Vehicle', '', '', 2048, 0, 0, 0, 0, 0, 0, 0, 75, 75, 35, 1, 1, 0, 1, 1, 0, 0, 0, 0, 0, 0, 0, 0, 0, 0, 0, 0, 0, 0, 0, 0, 1, 1, '', 0, 0, 0, 2.5, 8, 14, 0, 0, 0, 0, 0, 0, 0, 0, 0, 0, 0, 0, 0, 0, 0, 0, 0, 0, 0, 0, 0, 0, 0, 0),
   (56068, 0, 0, 39294, 0, 0, 0, 'Steven Stagnaro', 'Fishing Trainer', '', 2048, 0, 0, 0, 0, 0, 0, 0, 35, 35, 1555, 1, 1, 0, 1, 81, 0, 0, 0, 0, 0, 0, 0, 0, 0, 0, 0, 0, 0, 0, 0, 0, 1, 1, '', 0, 0, 0, 2.5, 8, 14, 0, 0, 0, 0, 0, 0, 0, 0, 0, 0, 0, 0, 0, 0, 0, 0, 0, 0, 0, 0, 0, 0, 0, 0),
   (56069, 0, 0, 39295, 0, 0, 0, 'Tatia Brine', 'Fishing Supplies', '', 2048, 0, 0, 0, 0, 0, 0, 0, 35, 35, 1555, 1, 1, 0, 1, 640, 0, 0, 0, 0, 0, 0, 0, 0, 0, 0, 0, 0, 0, 0, 0, 0, 1, 1, '', 0, 0, 0, 2.5, 8, 14, 0, 0, 0, 0, 0, 0, 0, 0, 0, 0, 0, 0, 0, 0, 0, 0, 0, 0, 0, 0, 0, 0, 0, 0),
   (56097, 0, 0, 39319, 0, 0, 0, 'Sandbox Tiger', '', 'vehichleCursor', 67110912, 0, 2, 0, 0, 0, 0, 0, 1, 1, 35, 1, 1, 0, 1, 16777216, 0, 0, 0, 0, 0, 0, 0, 0, 0, 0, 0, 0, 0, 0, 0, 0, 1, 1, '', 0, 0, 0, 2.5, 8, 14, 0, 0, 0, 0, 0, 0, 0, 0, 0, 0, 0, 0, 0, 0, 0, 0, 0, 0, 0, 0, 0, 0, 0, 0),
   (56129, 0, 0, 39330, 0, 0, 0, 'Sandbox Tiger', '', 'vehichleCursor', 67110912, 0, 2, 0, 0, 0, 0, 0, 1, 1, 35, 1, 1, 0, 1, 16777216, 0, 0, 0, 0, 0, 0, 0, 0, 0, 0, 0, 0, 0, 0, 0, 0, 1, 1, '', 0, 0, 0, 2.5, 8, 14, 0, 0, 0, 0, 0, 0, 0, 0, 0, 0, 0, 0, 0, 0, 0, 0, 0, 0, 0, 0, 0, 0, 0, 0),
   (56130, 0, 0, 39331, 0, 0, 0, 'Sandbox Tiger', '', 'vehichleCursor', 67110912, 0, 2, 0, 0, 0, 0, 0, 1, 1, 35, 1, 1, 0, 1, 16777216, 0, 0, 0, 0, 0, 0, 0, 0, 0, 0, 0, 0, 0, 0, 0, 0, 1, 1, '', 0, 0, 0, 2.5, 8, 14, 0, 0, 0, 0, 0, 0, 0, 0, 0, 0, 0, 0, 0, 0, 0, 0, 0, 0, 0, 0, 0, 0, 0, 0),
   (56131, 0, 0, 39332, 0, 0, 0, 'Sandbox Tiger', '', 'vehichleCursor', 67110912, 0, 2, 0, 0, 0, 0, 0, 1, 1, 35, 1, 1, 0, 1, 16777216, 0, 0, 0, 0, 0, 0, 0, 0, 0, 0, 0, 0, 0, 0, 0, 0, 1, 1, '', 0, 0, 0, 2.5, 8, 14, 0, 0, 0, 0, 0, 0, 0, 0, 0, 0, 0, 0, 0, 0, 0, 0, 0, 0, 0, 0, 0, 0, 0, 0),
   (56160, 0, 0, 782, 0, 0, 0, 'Darkmoon Wolf', '', '', 2048, 0, 1, 0, 0, 0, 0, 0, 85, 85, 32, 1, 1, 0, 1, 0, 0, 0, 0, 0, 0, 0, 0, 0, 0, 0, 0, 0, 0, 0, 0, 0, 1, 1, '', 0, 0, 0, 2.5, 8, 14, 0, 0, 0, 0, 0, 0, 0, 0, 0, 0, 0, 0, 0, 0, 0, 0, 0, 0, 0, 0, 0, 0, 0, 0),
   (56335, 0, 0, 39389, 0, 0, 0, 'Daenrand Dawncrest', 'Heirloom Prizes', '', 2048, 0, 0, 0, 0, 0, 0, 0, 55, 55, 1555, 1, 1, 0, 1, 128, 0, 0, 0, 0, 0, 0, 0, 0, 0, 0, 0, 0, 0, 0, 0, 0, 1, 1, '', 0, 0, 0, 2.5, 8, 14, 0, 0, 0, 0, 0, 0, 0, 0, 0, 0, 0, 0, 0, 0, 0, 0, 0, 0, 0, 0, 0, 0, 0, 0),
   (57850, 0, 0, 39832, 0, 0, 0, 'Teleportologist Fozlebub', 'Gone Fishin\'', '', 2048, 0, 0, 0, 0, 0, 0, 0, 55, 55, 1555, 1, 1, 0, 1, 1, 0, 0, 0, 0, 0, 0, 0, 0, 0, 0, 0, 0, 0, 0, 0, 0, 1, 1, '', 0, 0, 0, 2.5, 8, 14, 0, 0, 0, 0, 0, 0, 0, 0, 0, 0, 0, 0, 0, 0, 0, 0, 0, 0, 0, 0, 0, 0, 0, 0),
   (57983, 0, 0, 39953, 0, 0, 0, 'Baruma', 'Replica Armor Prizes', '', 2048, 0, 0, 0, 0, 0, 0, 0, 55, 55, 1555, 1, 1, 0, 1, 4224, 0, 0, 0, 0, 0, 0, 0, 0, 0, 0, 0, 0, 0, 0, 0, 0, 1, 1, '', 0, 0, 0, 2.5, 8, 14, 0, 0, 0, 0, 0, 0, 0, 0, 0, 0, 0, 0, 0, 0, 0, 0, 0, 0, 0, 0, 0, 0, 0, 0),
   (58570, 0, 0, 21955, 11686, 0, 0, '[DNT] Darkmoon Faire Whack-a-Gnoll Bunny', '', '', 2050, 0, 0, 0, 0, 0, 0, 0, 1, 1, 35, 1, 1, 0, 1, 0, 0, 0, 0, 0, 0, 0, 0, 0, 0, 0, 0, 0, 0, 0, 0, 0, 1, 1, '', 0, 0, 0, 2.5, 8, 14, 0, 0, 0, 0, 0, 0, 0, 0, 0, 0, 0, 0, 0, 0, 0, 0, 0, 0, 0, 0, 0, 0, 0, 0);

--
-- New creature spawns for darkmoonfaire
--
REPLACE INTO `creature_spawns` (`id`, `entry`, `map`, `position_x`, `position_y`, `position_z`, `orientation`, `movetype`, `displayid`, `faction`, `flags`, `bytes0`, `bytes1`, `bytes2`, `emote_state`, `npc_respawn_link`, `channel_spell`, `channel_target_sqlid`, `channel_target_sqlid_creature`, `standstate`, `death_state`, `mountdisplayid`, `slot1item`, `slot2item`, `slot3item`, `CanFly`, `phase`) VALUES
	(199007, 55475, 974, -3687.57, 6945.35, -28.6747, 3.9223, 0, 999, 7, 0, 0, 0, 0, 0, 0, 0, 0, 0, 0, 0, 0, 0, 0, 0, 0, 1),
	(199008, 55475, 974, -3636.83, 6944.35, -33.8975, 5.25432, 0, 999, 7, 0, 0, 0, 0, 0, 0, 0, 0, 0, 0, 0, 0, 0, 0, 0, 0, 1),
	(199009, 55475, 974, -3611.32, 6910.8, -30.3119, 0.494906, 0, 999, 7, 0, 0, 0, 0, 0, 0, 0, 0, 0, 0, 0, 0, 0, 0, 0, 0, 1),
	(199010, 55475, 974, -3619.43, 6901.54, -29.3238, 5.20223, 0, 999, 7, 0, 0, 0, 0, 0, 0, 0, 0, 0, 0, 0, 0, 0, 0, 0, 0, 1),
	(199011, 55475, 974, -3785.23, 6852.88, -15.5356, 4.43286, 0, 999, 7, 0, 0, 0, 0, 0, 0, 0, 0, 0, 0, 0, 0, 0, 0, 0, 0, 1),
	(199012, 55475, 974, -3665.1, 6914, -24.703, 6.00408, 0, 999, 7, 0, 0, 0, 0, 0, 0, 0, 0, 0, 0, 0, 0, 0, 0, 0, 0, 1),
	(199013, 55475, 974, -3706.77, 6867.71, -1.45862, 2.35666, 0, 999, 7, 0, 0, 0, 0, 0, 0, 0, 0, 0, 0, 0, 0, 0, 0, 0, 0, 1),
	(199014, 55475, 974, -3646.11, 6857.27, -25.6498, 4.27452, 0, 999, 7, 0, 0, 0, 0, 0, 0, 0, 0, 0, 0, 0, 0, 0, 0, 0, 0, 1),
	(199015, 55475, 974, -3651.73, 6879.85, -23.959, 4.55558, 0, 999, 7, 0, 0, 0, 0, 0, 0, 0, 0, 0, 0, 0, 0, 0, 0, 0, 0, 1),
	(199016, 55475, 974, -3689.25, 6825.82, -17.5338, 2.83684, 0, 999, 7, 0, 0, 0, 0, 0, 0, 0, 0, 0, 0, 0, 0, 0, 0, 0, 0, 1),
	(199017, 55475, 974, -3636.21, 6780.29, -17.9387, 5.8272, 0, 999, 7, 0, 0, 0, 0, 0, 0, 0, 0, 0, 0, 0, 0, 0, 0, 0, 0, 1),
	(199018, 55475, 974, -3583.35, 6705.97, -15.0054, 4.19536, 0, 999, 7, 0, 0, 0, 0, 0, 0, 0, 0, 0, 0, 0, 0, 0, 0, 0, 0, 1),
	(199019, 55475, 974, -3605.03, 6762.43, -17.7115, 3.95394, 0, 999, 7, 0, 0, 0, 0, 0, 0, 0, 0, 0, 0, 0, 0, 0, 0, 0, 0, 1),
	(199020, 55475, 974, -3581.35, 6649.85, -23.3394, 3.37709, 0, 999, 7, 0, 0, 0, 0, 0, 0, 0, 0, 0, 0, 0, 0, 0, 0, 0, 0, 1),
	(199021, 55475, 974, -3617.68, 6626.01, -22.9603, 1.96761, 0, 999, 7, 0, 0, 0, 0, 0, 0, 0, 0, 0, 0, 0, 0, 0, 0, 0, 0, 1),
	(199022, 55475, 974, -3656.5, 6678.46, 2.73441, 5.92716, 0, 999, 7, 0, 0, 0, 0, 0, 0, 0, 0, 0, 0, 0, 0, 0, 0, 0, 0, 1),
	(199023, 55475, 974, -3656.96, 6718.91, -9.56388, 4.88165, 0, 999, 7, 0, 0, 0, 0, 0, 0, 0, 0, 0, 0, 0, 0, 0, 0, 0, 0, 1),
	(199024, 56044, 974, -3682.91, 6649.35, 10.0511, 3.16698, 0, 30233, 35, 0, 0, 0, 0, 0, 0, 0, 0, 0, 0, 0, 0, 0, 0, 0, 0, 1),
	(199025, 55475, 974, -3641.9, 6656.4, 3.18683, 1.217, 0, 999, 7, 0, 0, 0, 0, 0, 0, 0, 0, 0, 0, 0, 0, 0, 0, 0, 0, 1),
	(199026, 55475, 974, -3701.52, 6710.62, 5.68598, 2.7794, 0, 999, 7, 0, 0, 0, 0, 0, 0, 0, 0, 0, 0, 0, 0, 0, 0, 0, 0, 1),
	(199027, 55475, 974, -3710.92, 6777.69, 0.120595, 4.96799, 0, 999, 7, 0, 0, 0, 0, 0, 0, 0, 0, 0, 0, 0, 0, 0, 0, 0, 0, 1),
	(199028, 55475, 974, -3682.98, 6683.62, 7.45741, 1.01313, 0, 999, 7, 0, 0, 0, 0, 0, 0, 0, 0, 0, 0, 0, 0, 0, 0, 0, 0, 1),
	(199029, 55475, 974, -3678.54, 6755.86, -2.38372, 2.82448, 0, 999, 7, 0, 0, 0, 0, 0, 0, 0, 0, 0, 0, 0, 0, 0, 0, 0, 0, 1),
	(199030, 55475, 974, -3760.33, 6807.87, -7.63487, 1.4376, 0, 999, 7, 0, 0, 0, 0, 0, 0, 0, 0, 0, 0, 0, 0, 0, 0, 0, 0, 1),
	(199031, 55475, 974, -3812.96, 6813.28, -3.53948, 5.95206, 0, 999, 7, 0, 0, 0, 0, 0, 0, 0, 0, 0, 0, 0, 0, 0, 0, 0, 0, 1),
	(199032, 55475, 974, -3748.38, 6753.98, 5.72726, 1.5075, 0, 999, 7, 0, 0, 0, 0, 0, 0, 0, 0, 0, 0, 0, 0, 0, 0, 0, 0, 1),
	(199033, 55475, 974, -3789.85, 6790.04, 0.092695, 3.74625, 0, 999, 7, 0, 0, 0, 0, 0, 0, 0, 0, 0, 0, 0, 0, 0, 0, 0, 0, 1),
	(199034, 55475, 974, -3846.56, 6780.48, -3.42997, 1.77336, 0, 999, 7, 0, 0, 0, 0, 0, 0, 0, 0, 0, 0, 0, 0, 0, 0, 0, 0, 1),
	(199035, 55475, 974, -3813.96, 6752.08, 2.00029, 1.06587, 0, 999, 7, 0, 0, 0, 0, 0, 0, 0, 0, 0, 0, 0, 0, 0, 0, 0, 0, 1),
	(199036, 56160, 974, -3950.24, 6495.16, 19.8257, 6.10071, 0, 782, 32, 0, 0, 0, 0, 0, 0, 0, 0, 0, 0, 0, 0, 0, 0, 0, 0, 1),
	(199037, 56160, 974, -3905.21, 6424.53, 13.6096, 4.07404, 0, 782, 32, 0, 0, 0, 0, 0, 0, 0, 0, 0, 0, 0, 0, 0, 0, 0, 0, 1),
	(199038, 55741, 974, -3828.4, 6548.42, 11.0504, 5.53269, 0, 36743, 2136, 0, 0, 0, 0, 0, 0, 0, 0, 0, 0, 0, 0, 0, 0, 0, 0, 1),
	(199039, 55741, 974, -3830.2, 6554.77, 10.8299, 1.8326, 0, 36743, 2136, 0, 0, 0, 0, 0, 0, 0, 0, 0, 0, 0, 0, 0, 0, 0, 0, 1),
	(199040, 55741, 974, -3834.89, 6551.35, 10.4132, 2.58309, 0, 36743, 2136, 0, 0, 0, 0, 0, 0, 0, 0, 0, 0, 0, 0, 0, 0, 0, 0, 1),
	(199041, 55741, 974, -3834.83, 6554.96, 10.3316, 1.79769, 0, 36743, 2136, 0, 0, 0, 0, 0, 0, 0, 0, 0, 0, 0, 0, 0, 0, 0, 0, 1),
	(199042, 55741, 974, -3840.22, 6550.33, 10.8108, 2.79253, 0, 36743, 2136, 0, 0, 0, 0, 0, 0, 0, 0, 0, 0, 0, 0, 0, 0, 0, 0, 1),
	(199043, 56160, 974, -3822.14, 6573.56, 12.9635, 1.30807, 0, 782, 32, 0, 0, 0, 0, 0, 0, 0, 0, 0, 0, 0, 0, 0, 0, 0, 0, 1),
	(199044, 55475, 974, -3846.93, 6717.55, 1.6428, 1.06507, 0, 999, 7, 0, 0, 0, 0, 0, 0, 0, 0, 0, 0, 0, 0, 0, 0, 0, 0, 1),
	(199045, 55475, 974, -3885.42, 6760.42, 1.293, 1.47054, 0, 999, 7, 0, 0, 0, 0, 0, 0, 0, 0, 0, 0, 0, 0, 0, 0, 0, 0, 1),
	(199046, 55475, 974, -3908.93, 6768.77, -5.73238, 5.25599, 0, 999, 7, 0, 0, 0, 0, 0, 0, 0, 0, 0, 0, 0, 0, 0, 0, 0, 0, 1),
	(199047, 55475, 974, -3910.11, 6743.23, 2.18753, 1.43379, 0, 999, 7, 0, 0, 0, 0, 0, 0, 0, 0, 0, 0, 0, 0, 0, 0, 0, 0, 1),
	(199048, 55475, 974, -3987.13, 6788.55, -20.9444, 6.09531, 0, 999, 7, 0, 0, 0, 0, 0, 0, 0, 0, 0, 0, 0, 0, 0, 0, 0, 0, 1),
	(199049, 55475, 974, -4089.91, 6739.58, 0.369669, 3.14159, 0, 999, 7, 0, 0, 0, 0, 0, 0, 0, 0, 0, 0, 0, 0, 0, 0, 0, 0, 1),
	(199050, 55475, 974, -4044.57, 6778.76, -17.803, 5.66157, 0, 999, 7, 0, 0, 0, 0, 0, 0, 0, 0, 0, 0, 0, 0, 0, 0, 0, 0, 1),
	(199051, 55475, 974, -4081.43, 6755.42, -5.39419, 1.24688, 0, 999, 7, 0, 0, 0, 0, 0, 0, 0, 0, 0, 0, 0, 0, 0, 0, 0, 0, 1),
	(199052, 55475, 974, -3951.52, 6751.19, 1.99564, 1.02096, 0, 999, 7, 0, 0, 0, 0, 0, 0, 0, 0, 0, 0, 0, 0, 0, 0, 0, 0, 1),
	(199053, 55475, 974, -4020.83, 6737.5, 5.42375, 0.470285, 0, 999, 7, 0, 0, 0, 0, 0, 0, 0, 0, 0, 0, 0, 0, 0, 0, 0, 0, 1),
	(199054, 56160, 974, -3939.16, 6641.45, 10.2732, 0.342761, 0, 782, 32, 0, 0, 0, 0, 0, 0, 0, 0, 0, 0, 0, 0, 0, 0, 0, 0, 1),
	(199055, 55741, 974, -3945.55, 6536.46, 13.6556, 1.79769, 0, 36743, 2136, 0, 0, 0, 0, 0, 0, 0, 0, 0, 0, 0, 0, 0, 0, 0, 0, 1),
	(199056, 55741, 974, -3940.92, 6536.28, 13.3333, 1.8326, 0, 36743, 2136, 0, 0, 0, 0, 0, 0, 0, 0, 0, 0, 0, 0, 0, 0, 0, 0, 1),
	(199057, 55741, 974, -3944.09, 6529.14, 14.6233, 2.79253, 0, 36743, 2136, 0, 0, 0, 0, 0, 0, 0, 0, 0, 0, 0, 0, 0, 0, 0, 0, 1),
	(199058, 55741, 974, -3939.12, 6529.93, 13.7153, 5.53269, 0, 36743, 2136, 0, 0, 0, 0, 0, 0, 0, 0, 0, 0, 0, 0, 0, 0, 0, 0, 1),
	(199059, 55741, 974, -3945.61, 6532.86, 14.2205, 2.58309, 0, 36743, 2136, 0, 0, 0, 0, 0, 0, 0, 0, 0, 0, 0, 0, 0, 0, 0, 0, 1),
	(199060, 56044, 974, -4047.05, 6665, 13.8465, 2.43822, 0, 30233, 35, 0, 0, 0, 0, 0, 0, 0, 0, 0, 0, 0, 0, 0, 0, 0, 0, 1),
	(199061, 55741, 974, -4002.61, 6631.44, 14.648, 2.79253, 0, 36743, 2136, 0, 0, 0, 0, 0, 0, 0, 0, 0, 0, 0, 0, 0, 0, 0, 0, 1),
	(199062, 55741, 974, -4013.23, 6626.21, 17.0701, 2.79253, 0, 36743, 2136, 0, 0, 0, 0, 0, 0, 0, 0, 0, 0, 0, 0, 0, 0, 0, 0, 1),
	(199063, 55741, 974, -4013.27, 6633.62, 15.3919, 1.79769, 0, 36743, 2136, 0, 0, 0, 0, 0, 0, 0, 0, 0, 0, 0, 0, 0, 0, 0, 0, 1),
	(199064, 55741, 974, -4011.77, 6636.52, 14.8411, 2.79253, 0, 36743, 2136, 0, 0, 0, 0, 0, 0, 0, 0, 0, 0, 0, 0, 0, 0, 0, 0, 1),
	(199065, 55741, 974, -4006.83, 6627.08, 15.8438, 5.53269, 0, 36743, 2136, 0, 0, 0, 0, 0, 0, 0, 0, 0, 0, 0, 0, 0, 0, 0, 0, 1),
	(199066, 55741, 974, -4008.63, 6633.43, 15.0628, 1.8326, 0, 36743, 2136, 0, 0, 0, 0, 0, 0, 0, 0, 0, 0, 0, 0, 0, 0, 0, 0, 1),
	(199067, 55741, 974, -4013.32, 6630.01, 16.1892, 2.58309, 0, 36743, 2136, 0, 0, 0, 0, 0, 0, 0, 0, 0, 0, 0, 0, 0, 0, 0, 0, 1),
	(199068, 56041, 974, -4041.53, 6589.58, 17.6025, 1.0821, 0, 39296, 35, 0, 0, 0, 0, 0, 0, 0, 0, 0, 0, 0, 0, 0, 0, 0, 0, 1),
	(199069, 56160, 974, -4151.1, 6642.49, 14.1597, 0.310226, 0, 782, 32, 0, 0, 0, 0, 0, 0, 0, 0, 0, 0, 0, 0, 0, 0, 0, 0, 1),
	(199070, 56160, 974, -4078.03, 6532.44, 13.974, 3.64983, 0, 782, 32, 0, 0, 0, 0, 0, 0, 0, 0, 0, 0, 0, 0, 0, 0, 0, 0, 1),
	(199071, 56160, 974, -4197.63, 6556.05, 13.4665, 0.784123, 0, 782, 32, 0, 0, 0, 0, 0, 0, 0, 0, 0, 0, 0, 0, 0, 0, 0, 0, 1),
	(199072, 55475, 974, -4352.11, 6655.54, -2.58166, 4.82596, 0, 999, 7, 0, 0, 0, 0, 0, 0, 0, 0, 0, 0, 0, 0, 0, 0, 0, 0, 1),
	(199073, 55741, 974, -4275.08, 6592.89, 13.6076, 3.82227, 0, 36743, 2136, 0, 0, 0, 0, 0, 0, 0, 0, 0, 0, 0, 0, 0, 0, 0, 0, 1),
	(199074, 55741, 974, -4276.7, 6599.57, 13.2952, 1.79769, 0, 36743, 2136, 0, 0, 0, 0, 0, 0, 0, 0, 0, 0, 0, 0, 0, 0, 0, 0, 1),
	(199075, 55741, 974, -4270.52, 6596.21, 13.8641, 0.10472, 0, 36743, 2136, 0, 0, 0, 0, 0, 0, 0, 0, 0, 0, 0, 0, 0, 0, 0, 0, 1),
	(199076, 55741, 974, -4270.27, 6593.03, 13.9496, 2.44346, 0, 36743, 2136, 0, 0, 0, 0, 0, 0, 0, 0, 0, 0, 0, 0, 0, 0, 0, 0, 1),
	(199077, 55741, 974, -4272.07, 6599.38, 13.5955, 1.8326, 0, 36743, 2136, 0, 0, 0, 0, 0, 0, 0, 0, 0, 0, 0, 0, 0, 0, 0, 0, 1),
	(199078, 55741, 974, -4276.76, 6595.96, 13.5344, 2.58309, 0, 36743, 2136, 0, 0, 0, 0, 0, 0, 0, 0, 0, 0, 0, 0, 0, 0, 0, 0, 1),
	(199079, 56160, 974, -4275.35, 6575.45, 15.1765, 4.89894, 0, 782, 32, 0, 0, 0, 0, 0, 0, 0, 0, 0, 0, 0, 0, 0, 0, 0, 0, 1),
	(199080, 55475, 974, -4372.13, 6620.2, 1.83703, 0.874764, 0, 999, 7, 0, 0, 0, 0, 0, 0, 0, 0, 0, 0, 0, 0, 0, 0, 0, 0, 1),
	(199081, 55475, 974, -4404.63, 6584.16, 1.05305, 3.6393, 0, 999, 7, 0, 0, 0, 0, 0, 0, 0, 0, 0, 0, 0, 0, 0, 0, 0, 0, 1),
	(199082, 55475, 974, -4437.62, 6534.69, 1.64086, 4.6518, 0, 999, 7, 0, 0, 0, 0, 0, 0, 0, 0, 0, 0, 0, 0, 0, 0, 0, 0, 1),
	(199083, 55475, 974, -4446.58, 6562.85, -13.0164, 2.07525, 0, 999, 7, 0, 0, 0, 0, 0, 0, 0, 0, 0, 0, 0, 0, 0, 0, 0, 0, 1),
	(199084, 55475, 974, -4477.63, 6457.35, -13.9793, 4.10054, 0, 999, 7, 0, 0, 0, 0, 0, 0, 0, 0, 0, 0, 0, 0, 0, 0, 0, 0, 1),
	(199085, 55475, 974, -4436.75, 6455.44, 4.81721, 5.97844, 0, 999, 7, 0, 0, 0, 0, 0, 0, 0, 0, 0, 0, 0, 0, 0, 0, 0, 0, 1),
	(199086, 14849, 974, -4409.57, 6460.11, 12.7291, 4.24115, 0, 14890, 1555, 0, 0, 0, 0, 0, 0, 0, 0, 0, 0, 0, 0, 0, 0, 0, 0, 1),
	(199087, 14849, 974, -4402.63, 6457.5, 11.3221, 1.79769, 0, 14890, 1555, 0, 0, 0, 0, 0, 0, 0, 0, 0, 0, 0, 0, 0, 0, 0, 0, 1),
	(199088, 55749, 974, -4456.6, 6337.08, 15.1965, 4.60767, 0, 36499, 2136, 0, 0, 0, 0, 0, 0, 0, 0, 0, 0, 0, 0, 0, 0, 0, 0, 1),
	(199089, 55475, 974, -4464.17, 6425.63, -8.33812, 3.22721, 0, 999, 7, 0, 0, 0, 0, 0, 0, 0, 0, 0, 0, 0, 0, 0, 0, 0, 0, 1),
	(199090, 14849, 974, -4409.22, 6438.92, 12.8086, 5.42797, 0, 14890, 1555, 0, 0, 0, 0, 0, 0, 0, 0, 0, 0, 0, 0, 0, 0, 0, 0, 1),
	(199091, 14849, 974, -4425.42, 6436.33, 13.3243, 3.10669, 0, 14890, 1555, 0, 0, 0, 0, 0, 0, 0, 0, 0, 0, 0, 0, 0, 0, 0, 0, 1),
	(199092, 14849, 974, -4427.79, 6434.8, 13.404, 1.39626, 0, 14890, 1555, 0, 0, 0, 0, 0, 0, 0, 0, 0, 0, 0, 0, 0, 0, 0, 0, 1),
	(199093, 54545, 974, -4405.97, 6436.71, 12.88, 6.07375, 0, 29183, 35, 0, 0, 0, 0, 0, 0, 0, 0, 0, 0, 0, 0, 0, 0, 0, 0, 1),
	(199094, 14849, 974, -4407.53, 6434.69, 13.5252, 1.78024, 0, 14890, 1555, 0, 0, 0, 0, 0, 0, 0, 0, 0, 0, 0, 0, 0, 0, 0, 0, 1),
	(199095, 55475, 974, -4444.96, 6386.98, -2.86894, 3.85234, 0, 999, 7, 0, 0, 0, 0, 0, 0, 0, 0, 0, 0, 0, 0, 0, 0, 0, 0, 1),
	(199096, 55475, 974, -4486.51, 6356.23, -14.9658, 3.05556, 0, 999, 7, 0, 0, 0, 0, 0, 0, 0, 0, 0, 0, 0, 0, 0, 0, 0, 0, 1),
	(199097, 55749, 974, -4429.42, 6360.19, 15.6223, 1.13446, 0, 36499, 2136, 0, 0, 0, 0, 0, 0, 0, 0, 0, 0, 0, 0, 0, 0, 0, 0, 1),
	(199098, 55749, 974, -4399.97, 6351.04, 21.0132, 1.0821, 0, 36499, 2136, 0, 0, 0, 0, 0, 0, 0, 0, 0, 0, 0, 0, 0, 0, 0, 0, 1),
	(199099, 55749, 974, -4437.75, 6338.6, 15.4588, 2.11185, 0, 36499, 2136, 0, 0, 0, 0, 0, 0, 0, 0, 0, 0, 0, 0, 0, 0, 0, 0, 1),
	(199100, 55261, 974, -4367.13, 6206.66, 13.5892, 0, 0, 1126, 1555, 0, 0, 0, 0, 0, 0, 0, 0, 0, 0, 0, 0, 0, 0, 0, 0, 1),
	(199101, 55475, 974, -4218.73, 5811.44, 4.08477, 3.10532, 0, 999, 7, 0, 0, 0, 0, 0, 0, 0, 0, 0, 0, 0, 0, 0, 0, 0, 0, 1),
	(199102, 55475, 974, -4213.5, 5787.85, -16.3672, 1.15872, 0, 999, 7, 0, 0, 0, 0, 0, 0, 0, 0, 0, 0, 0, 0, 0, 0, 0, 0, 1),
	(199103, 55475, 974, -4255.16, 5821.93, -0.208954, 4.66274, 0, 999, 7, 0, 0, 0, 0, 0, 0, 0, 0, 0, 0, 0, 0, 0, 0, 0, 0, 1),
	(199104, 55475, 974, -4288.4, 5786.98, -18.3578, 2.4371, 0, 999, 7, 0, 0, 0, 0, 0, 0, 0, 0, 0, 0, 0, 0, 0, 0, 0, 0, 1),
	(199105, 55475, 974, -4320.83, 5777.15, -17.7317, 4.68112, 0, 999, 7, 0, 0, 0, 0, 0, 0, 0, 0, 0, 0, 0, 0, 0, 0, 0, 0, 1),
	(199106, 55475, 974, -4346.46, 5819.9, 0.446744, 0.737027, 0, 999, 7, 0, 0, 0, 0, 0, 0, 0, 0, 0, 0, 0, 0, 0, 0, 0, 0, 1),
	(199107, 55475, 974, -4320.53, 5829.38, 3.3977, 5.49779, 0, 999, 7, 0, 0, 0, 0, 0, 0, 0, 0, 0, 0, 0, 0, 0, 0, 0, 0, 1),
	(199108, 55475, 974, -4381.33, 5831.54, -0.871117, 4.16125, 0, 999, 7, 0, 0, 0, 0, 0, 0, 0, 0, 0, 0, 0, 0, 0, 0, 0, 0, 1),
	(199109, 55475, 974, -4416.92, 5888.74, 0.374884, 5.87048, 0, 999, 7, 0, 0, 0, 0, 0, 0, 0, 0, 0, 0, 0, 0, 0, 0, 0, 0, 1),
	(199110, 55475, 974, -4453.44, 5891.34, -5.58114, 0.498568, 0, 999, 7, 0, 0, 0, 0, 0, 0, 0, 0, 0, 0, 0, 0, 0, 0, 0, 0, 1),
	(199111, 55475, 974, -4445.21, 5917.91, -2.30712, 0.331327, 0, 999, 7, 0, 0, 0, 0, 0, 0, 0, 0, 0, 0, 0, 0, 0, 0, 0, 0, 1),
	(199112, 55475, 974, -4481.91, 5944.75, -22.1665, 2.78465, 0, 999, 7, 0, 0, 0, 0, 0, 0, 0, 0, 0, 0, 0, 0, 0, 0, 0, 0, 1),
	(199113, 55475, 974, -4451.77, 5977.91, -24.1664, 4.08825, 0, 999, 7, 0, 0, 0, 0, 0, 0, 0, 0, 0, 0, 0, 0, 0, 0, 0, 0, 1),
	(199114, 55475, 974, -4410.87, 6023.12, -14.7337, 0.285261, 0, 999, 7, 0, 0, 0, 0, 0, 0, 0, 0, 0, 0, 0, 0, 0, 0, 0, 0, 1),
	(199115, 55741, 974, -4194.58, 6120.46, 12.9653, 1.79769, 0, 36743, 2136, 0, 0, 0, 0, 0, 0, 0, 0, 0, 0, 0, 0, 0, 0, 0, 0, 1),
	(199116, 55741, 974, -4199.96, 6115.83, 12.3438, 2.79253, 0, 36743, 2136, 0, 0, 0, 0, 0, 0, 0, 0, 0, 0, 0, 0, 0, 0, 0, 0, 1),
	(199117, 55741, 974, -4188.15, 6113.93, 12.9375, 5.53269, 0, 36743, 2136, 0, 0, 0, 0, 0, 0, 0, 0, 0, 0, 0, 0, 0, 0, 0, 0, 1),
	(199118, 55741, 974, -4189.95, 6120.28, 13.1371, 1.8326, 0, 36743, 2136, 0, 0, 0, 0, 0, 0, 0, 0, 0, 0, 0, 0, 0, 0, 0, 0, 1),
	(199119, 55741, 974, -4194.64, 6116.85, 12.7951, 2.58309, 0, 36743, 2136, 0, 0, 0, 0, 0, 0, 0, 0, 0, 0, 0, 0, 0, 0, 0, 0, 1),
	(199120, 55741, 974, -4291.67, 6134.06, 15.2865, 5.53269, 0, 36743, 2136, 0, 0, 0, 0, 0, 0, 0, 0, 0, 0, 0, 0, 0, 0, 0, 0, 1),
	(199121, 55487, 974, -4294.59, 6195.55, 17.5577, 1.31611, 0, 2536, 190, 0, 0, 0, 0, 0, 0, 0, 0, 0, 0, 0, 0, 0, 0, 0, 0, 1),
	(199122, 56044, 974, -4230.01, 6127.13, 15.4118, 3.27976, 0, 30233, 35, 0, 0, 0, 0, 0, 0, 0, 0, 0, 0, 0, 0, 0, 0, 0, 0, 1),
	(199123, 55741, 974, -4298.11, 6140.59, 14.2257, 1.79769, 0, 36743, 2136, 0, 0, 0, 0, 0, 0, 0, 0, 0, 0, 0, 0, 0, 0, 0, 0, 1),
	(199124, 55741, 974, -4303.49, 6135.95, 10.4573, 2.79253, 0, 36743, 2136, 0, 0, 0, 0, 0, 0, 0, 0, 0, 0, 0, 0, 0, 0, 0, 0, 1),
	(199125, 55741, 974, -4293.47, 6140.4, 15.658, 1.8326, 0, 36743, 2136, 0, 0, 0, 0, 0, 0, 0, 0, 0, 0, 0, 0, 0, 0, 0, 0, 1),
	(199126, 55741, 974, -4298.17, 6136.98, 13.1443, 2.58309, 0, 36743, 2136, 0, 0, 0, 0, 0, 0, 0, 0, 0, 0, 0, 0, 0, 0, 0, 0, 1),
	(199127, 55487, 974, -4304.86, 6164.63, 13.201, 4.0198, 0, 2536, 190, 0, 0, 0, 0, 0, 0, 0, 0, 0, 0, 0, 0, 0, 0, 0, 0, 1),
	(199128, 55475, 974, -4331.44, 6093.85, -5.728, 0.280982, 0, 999, 7, 0, 0, 0, 0, 0, 0, 0, 0, 0, 0, 0, 0, 0, 0, 0, 0, 1),
	(199129, 55475, 974, -4419.9, 6089.17, -15.048, 0.21941, 0, 999, 7, 0, 0, 0, 0, 0, 0, 0, 0, 0, 0, 0, 0, 0, 0, 0, 0, 1),
	(199130, 55475, 974, -4421.76, 6138.27, -4.71891, 2.46059, 0, 999, 7, 0, 0, 0, 0, 0, 0, 0, 0, 0, 0, 0, 0, 0, 0, 0, 0, 1),
	(199131, 55475, 974, -4485.62, 6152.48, -14.0567, 4.93359, 0, 999, 7, 0, 0, 0, 0, 0, 0, 0, 0, 0, 0, 0, 0, 0, 0, 0, 0, 1),
	(199132, 55475, 974, -4517.3, 6254.42, -13.1463, 1.65318, 0, 999, 7, 0, 0, 0, 0, 0, 0, 0, 0, 0, 0, 0, 0, 0, 0, 0, 0, 1),
	(199133, 55475, 974, -4503.27, 6184.19, -11.4559, 2.66135, 0, 999, 7, 0, 0, 0, 0, 0, 0, 0, 0, 0, 0, 0, 0, 0, 0, 0, 0, 1),
	(199134, 55475, 974, -4483.63, 6284.72, -14.9924, 5.62991, 0, 999, 7, 0, 0, 0, 0, 0, 0, 0, 0, 0, 0, 0, 0, 0, 0, 0, 0, 1),
	(199135, 55475, 974, -4457.21, 6192.44, -7.16016, 1.70993, 0, 999, 7, 0, 0, 0, 0, 0, 0, 0, 0, 0, 0, 0, 0, 0, 0, 0, 0, 1),
	(199136, 55475, 974, -4437.46, 6187.56, 1.84372, 3.08715, 0, 999, 7, 0, 0, 0, 0, 0, 0, 0, 0, 0, 0, 0, 0, 0, 0, 0, 0, 1),
	(199137, 55475, 974, -4444.6, 6287.2, -3.81388, 6.14986, 0, 999, 7, 0, 0, 0, 0, 0, 0, 0, 0, 0, 0, 0, 0, 0, 0, 0, 0, 1),
	(199138, 55475, 974, -4445.24, 6237.44, -8.15798, 4.77989, 0, 999, 7, 0, 0, 0, 0, 0, 0, 0, 0, 0, 0, 0, 0, 0, 0, 0, 0, 1),
	(199139, 57850, 974, -4434.9, 6207.85, 0.224782, 2.51327, 0, 39832, 1555, 0, 0, 0, 0, 0, 0, 0, 0, 0, 0, 0, 0, 0, 0, 0, 0, 1),
	(199140, 55475, 974, -4400.55, 6153.21, 4.82528, 2.9335, 0, 999, 7, 0, 0, 0, 0, 0, 0, 0, 0, 0, 0, 0, 0, 0, 0, 0, 0, 1),
	(199141, 55749, 974, -4425.94, 6297.18, 17.7787, 0.401426, 0, 36499, 2136, 0, 0, 0, 0, 0, 0, 0, 0, 0, 0, 0, 0, 0, 0, 0, 0, 1),
	(199142, 55749, 974, -4428.11, 6279.94, 15.6349, 1.0821, 0, 36499, 2136, 0, 0, 0, 0, 0, 0, 0, 0, 0, 0, 0, 0, 0, 0, 0, 0, 1),
	(199143, 14849, 974, -4424.97, 6222.94, 14.2493, 4.67748, 0, 14890, 1555, 0, 0, 0, 0, 0, 0, 0, 0, 0, 0, 0, 0, 0, 0, 0, 0, 1),
	(199144, 55749, 974, -4425.58, 6239.41, 15.8868, 2.54818, 0, 36499, 2136, 0, 0, 0, 0, 0, 0, 0, 0, 0, 0, 0, 0, 0, 0, 0, 0, 1),
	(199145, 55749, 974, -4420.86, 6289.54, 18.6238, 0.401426, 0, 36499, 2136, 0, 0, 0, 0, 0, 0, 0, 0, 0, 0, 0, 0, 0, 0, 0, 0, 1),
	(199146, 55749, 974, -4404.88, 6297.94, 15.4589, 2.3911, 0, 36499, 2136, 0, 0, 0, 0, 0, 0, 0, 0, 0, 0, 0, 0, 0, 0, 0, 0, 1),
	(199147, 14849, 974, -4407.13, 6222.97, 13.9694, 5.51524, 0, 14890, 1555, 0, 0, 0, 0, 0, 0, 0, 0, 0, 0, 0, 0, 0, 0, 0, 0, 1),
	(199148, 14849, 974, -4403.27, 6220.97, 13.3526, 2.80998, 0, 14890, 1555, 0, 0, 0, 0, 0, 0, 0, 0, 0, 0, 0, 0, 0, 0, 0, 0, 1),
	(199149, 14864, 974, -4351.26, 6190.53, 13.2417, 1.67896, 0, 14939, 1555, 0, 0, 0, 0, 0, 0, 0, 0, 0, 0, 0, 0, 0, 0, 0, 0, 1),
	(199150, 55133, 974, -4348.38, 6306.06, 13.2001, 4.86947, 0, 17705, 1555, 0, 0, 0, 0, 0, 0, 0, 0, 0, 0, 0, 0, 0, 0, 0, 0, 1),
	(199151, 14864, 974, -4338.54, 6190.62, 13.2417, 4.14767, 0, 14939, 1555, 0, 0, 0, 0, 0, 0, 0, 0, 0, 0, 0, 0, 0, 0, 0, 0, 1),
	(199152, 55120, 974, -4346.61, 6202, 13.2417, 3.39571, 0, 39197, 1555, 0, 0, 0, 0, 0, 0, 0, 0, 0, 0, 0, 0, 0, 0, 0, 0, 1),
	(199153, 55119, 974, -4332.48, 6203.23, 13.2417, 5.40953, 0, 39196, 1555, 0, 0, 0, 0, 0, 0, 0, 0, 0, 0, 0, 0, 0, 0, 0, 0, 1),
	(199154, 55741, 974, -3925, 6324.85, 15.3866, 1.79769, 0, 36743, 2136, 0, 0, 0, 0, 0, 0, 0, 0, 0, 0, 0, 0, 0, 0, 0, 0, 1),
	(199155, 55741, 974, -3918.57, 6318.31, 16.3246, 5.53269, 0, 36743, 2136, 0, 0, 0, 0, 0, 0, 0, 0, 0, 0, 0, 0, 0, 0, 0, 0, 1),
	(199156, 55741, 974, -3920.36, 6324.66, 15.6935, 1.8326, 0, 36743, 2136, 0, 0, 0, 0, 0, 0, 0, 0, 0, 0, 0, 0, 0, 0, 0, 0, 1),
	(199157, 55741, 974, -3925.06, 6321.24, 15.7898, 2.58309, 0, 36743, 2136, 0, 0, 0, 0, 0, 0, 0, 0, 0, 0, 0, 0, 0, 0, 0, 0, 1),
	(199158, 54642, 974, -4144.65, 6296.94, 13.2001, 1.8675, 0, 15381, 1616, 0, 0, 0, 0, 0, 0, 0, 0, 0, 0, 0, 0, 0, 0, 0, 0, 1),
	(199159, 54643, 974, -4135.57, 6297.96, 13.2001, 3.1923, 0, 17192, 1616, 0, 0, 0, 0, 0, 0, 0, 0, 0, 0, 0, 0, 0, 0, 0, 0, 1),
	(199160, 54518, 974, -4202.24, 6219.46, 13.2001, 1.39626, 0, 38838, 31, 0, 0, 0, 0, 0, 0, 0, 0, 0, 0, 0, 0, 0, 0, 0, 0, 1),
	(199161, 54642, 974, -4127.74, 6297.37, 13.2001, 0.575959, 0, 15381, 1616, 0, 0, 0, 0, 0, 0, 0, 0, 0, 0, 0, 0, 0, 0, 0, 0, 1),
	(199162, 54518, 974, -4194.19, 6237.69, 13.2001, 3.31613, 0, 38838, 31, 0, 0, 0, 0, 0, 0, 0, 0, 0, 0, 0, 0, 0, 0, 0, 0, 1),
	(199163, 54518, 974, -4197.98, 6228.52, 13.237, 1.13165, 0, 38838, 31, 0, 0, 0, 0, 0, 0, 0, 0, 0, 0, 0, 0, 0, 0, 0, 0, 1),
	(199164, 14871, 974, -4199.69, 6229.47, 13.2001, 1.58825, 0, 14943, 1555, 0, 0, 0, 0, 0, 0, 0, 0, 0, 0, 0, 0, 0, 0, 0, 0, 1),
	(199165, 54518, 974, -4208.74, 6240.35, 13.2001, 5.95157, 0, 38838, 31, 0, 0, 0, 0, 0, 0, 0, 0, 0, 0, 0, 0, 0, 0, 0, 0, 1),
	(199166, 14833, 974, -4200.15, 6246.73, 13.2001, 4.71239, 0, 14875, 1555, 0, 0, 0, 0, 0, 0, 0, 0, 0, 0, 0, 0, 0, 0, 0, 0, 1),
	(199167, 23619, 974, -4387.15, 6396.4, 14.52, 5.11381, 0, 21659, 35, 0, 0, 0, 0, 0, 0, 0, 0, 0, 0, 0, 0, 0, 0, 0, 0, 1),
	(199168, 23623, 974, -4388.13, 6403.98, 17.9846, 5.18363, 0, 21661, 35, 0, 0, 0, 0, 0, 0, 0, 0, 0, 0, 0, 0, 0, 0, 0, 0, 1),
	(199169, 23721, 974, -4395.17, 6410.03, 13.2001, 2.30383, 0, 19926, 1896, 0, 0, 0, 0, 0, 0, 0, 0, 0, 0, 0, 0, 0, 0, 0, 0, 1),
	(199170, 23721, 974, -4392.89, 6411.69, 13.1756, 2.32129, 0, 19926, 1896, 0, 0, 0, 0, 0, 0, 0, 0, 0, 0, 0, 0, 0, 0, 0, 0, 1),
	(199171, 23988, 974, -4375.54, 6411.25, 13.2688, 3.93201, 0, 21959, 35, 0, 0, 0, 0, 0, 0, 0, 0, 0, 0, 0, 0, 0, 0, 0, 0, 1),
	(199172, 23624, 974, -4381.4, 6403.01, 14.6172, 5.51524, 0, 21662, 35, 0, 0, 0, 0, 0, 0, 0, 0, 0, 0, 0, 0, 0, 0, 0, 0, 1),
	(199173, 23626, 974, -4382.62, 6400.27, 14.6328, 5.53269, 0, 21666, 35, 0, 0, 0, 0, 0, 0, 0, 0, 0, 0, 0, 0, 0, 0, 0, 0, 1),
	(199174, 23625, 974, -4384.09, 6397.5, 14.4627, 5.53269, 0, 21665, 35, 0, 0, 0, 0, 0, 0, 0, 0, 0, 0, 0, 0, 0, 0, 0, 0, 1),
	(199175, 23721, 974, -4388.29, 6386.45, 12.3393, 4.90438, 0, 19926, 1896, 0, 0, 0, 0, 0, 0, 0, 0, 0, 0, 0, 0, 0, 0, 0, 0, 1),
	(199176, 23721, 974, -4370.85, 6402.25, 12.2478, 5.02655, 0, 19926, 1896, 0, 0, 0, 0, 0, 0, 0, 0, 0, 0, 0, 0, 0, 0, 0, 0, 1),
	(199177, 55749, 974, -4439.52, 6338.44, 15.545, 2.11185, 0, 36499, 2136, 0, 0, 0, 0, 0, 0, 0, 0, 0, 0, 0, 0, 0, 0, 0, 0, 1),
	(199178, 55254, 974, -4363.36, 6219.41, 13.2417, 0.383972, 0, 21674, 35, 0, 0, 0, 0, 0, 0, 0, 0, 0, 0, 0, 0, 0, 0, 0, 0, 1),
	(199179, 55119, 974, -4352.35, 6205.76, 13.2417, 5.79151, 0, 39196, 1555, 0, 0, 0, 0, 0, 0, 0, 0, 0, 0, 0, 0, 0, 0, 0, 0, 1),
	(199180, 33068, 974, -4478.05, 6221.6, 0.458685, 3.40339, 0, 21955, 35, 0, 0, 0, 0, 0, 0, 0, 0, 0, 0, 0, 0, 0, 0, 0, 0, 1),
	(199181, 55749, 974, -4440.58, 6337.69, 15.4952, 3.80482, 0, 36499, 2136, 0, 0, 0, 0, 0, 0, 0, 0, 0, 0, 0, 0, 0, 0, 0, 0, 1),
	(199182, 56069, 974, -4422.4, 6294.37, 13.941, 0, 0, 39295, 1555, 0, 0, 0, 0, 0, 0, 0, 0, 0, 0, 0, 0, 0, 0, 0, 0, 1),
	(199183, 56068, 974, -4421.53, 6289.18, 13.9276, 0.191986, 0, 39294, 1555, 0, 0, 0, 0, 0, 0, 0, 0, 0, 0, 0, 0, 0, 0, 0, 0, 1),
	(199184, 55117, 974, -4375.14, 6245.24, 13.2001, 5.81195, 0, 39165, 1555, 0, 0, 0, 0, 0, 0, 0, 0, 0, 0, 0, 0, 0, 0, 0, 0, 1),
	(199185, 55443, 974, -4380.6, 6259.5, 15.5936, 0.314159, 0, 39133, 1555, 0, 0, 0, 0, 0, 0, 0, 0, 0, 0, 0, 0, 0, 0, 0, 0, 1),
	(199186, 14864, 974, -4347.87, 6224.59, 13.2417, 1.09886, 0, 14939, 1555, 0, 0, 0, 0, 0, 0, 0, 0, 0, 0, 0, 0, 0, 0, 0, 0, 1),
	(199187, 54545, 974, -4403.74, 6239.08, 13.3009, 0.139626, 0, 29183, 35, 0, 0, 0, 0, 0, 0, 0, 0, 0, 0, 0, 0, 0, 0, 0, 0, 1),
	(199188, 23855, 974, -4387.79, 6404.11, 12.6389, 2.05949, 0, 21955, 35, 0, 0, 0, 0, 0, 0, 0, 0, 0, 0, 0, 0, 0, 0, 0, 0, 1),
	(199189, 54545, 974, -4398.34, 6302.38, 12.9799, 0.139626, 0, 29183, 35, 0, 0, 0, 0, 0, 0, 0, 0, 0, 0, 0, 0, 0, 0, 0, 0, 1),
	(199190, 54545, 974, -4403.04, 6361.65, 13.3806, 0.575959, 0, 29183, 35, 0, 0, 0, 0, 0, 0, 0, 0, 0, 0, 0, 0, 0, 0, 0, 0, 1),
	(199191, 23850, 974, -4385.56, 6401.13, 13.066, 5.48033, 0, 21955, 35, 0, 0, 0, 0, 0, 0, 0, 0, 0, 0, 0, 0, 0, 0, 0, 0, 1),
	(199192, 23845, 974, -4387.21, 6396.46, 13, 5.32325, 0, 21955, 35, 0, 0, 0, 0, 0, 0, 0, 0, 0, 0, 0, 0, 0, 0, 0, 0, 1),
	(199193, 54545, 974, -4398.31, 6318.27, 13.1361, 0.174533, 0, 29183, 35, 0, 0, 0, 0, 0, 0, 0, 0, 0, 0, 0, 0, 0, 0, 0, 0, 1),
	(199194, 23852, 974, -4381.03, 6402.42, 13.1007, 5.51524, 0, 21955, 35, 0, 0, 0, 0, 0, 0, 0, 0, 0, 0, 0, 0, 0, 0, 0, 0, 1),
	(199195, 23854, 974, -4382.18, 6400.03, 13.0781, 0.0698132, 0, 21955, 35, 0, 0, 0, 0, 0, 0, 0, 0, 0, 0, 0, 0, 0, 0, 0, 0, 1),
	(199196, 23853, 974, -4383.79, 6397.49, 12.9549, 1.51844, 0, 21955, 35, 0, 0, 0, 0, 0, 0, 0, 0, 0, 0, 0, 0, 0, 0, 0, 0, 1),
	(199197, 54545, 974, -4398.6, 6340.57, 12.958, 0.139626, 0, 29183, 35, 0, 0, 0, 0, 0, 0, 0, 0, 0, 0, 0, 0, 0, 0, 0, 0, 1),
	(199198, 55347, 974, -4382, 6380.7, 12.0397, 5.37561, 0, 1501, 35, 0, 0, 0, 0, 0, 0, 0, 0, 0, 0, 0, 0, 0, 0, 0, 0, 1),
	(199199, 55347, 974, -4380.91, 6377.02, 12.0642, 1.6057, 0, 1501, 35, 0, 0, 0, 0, 0, 0, 0, 0, 0, 0, 0, 0, 0, 0, 0, 0, 1),
	(199200, 54545, 974, -4387.68, 6316.13, 13.1716, 1.65806, 0, 29183, 35, 0, 0, 0, 0, 0, 0, 0, 0, 0, 0, 0, 0, 0, 0, 0, 0, 1),
	(199201, 55715, 974, -4331.33, 6213.26, 13.2247, 0.401426, 0, 39192, 35, 0, 0, 0, 0, 0, 0, 0, 0, 0, 0, 0, 0, 0, 0, 0, 0, 1),
	(199202, 55715, 974, -4331.75, 6215.04, 13.2001, 0.0698132, 0, 39192, 35, 0, 0, 0, 0, 0, 0, 0, 0, 0, 0, 0, 0, 0, 0, 0, 0, 1),
	(199203, 55761, 974, -4331.41, 6219.08, 13.2417, 4.3216, 0, 251, 35, 0, 0, 0, 0, 0, 0, 0, 0, 0, 0, 0, 0, 0, 0, 0, 0, 1),
	(199204, 55440, 974, -4382.38, 6274.32, 13.2083, 3.05554, 0, 21268, 1555, 0, 0, 0, 0, 0, 0, 0, 0, 0, 0, 0, 0, 0, 0, 0, 0, 1),
	(199205, 54518, 974, -4222.86, 6228.03, 13.2366, 0.279253, 0, 38838, 31, 0, 0, 0, 0, 0, 0, 0, 0, 0, 0, 0, 0, 0, 0, 0, 0, 1),
	(199206, 55446, 974, -4383.9, 6278.64, 13.2083, 3.20667, 0, 39135, 1555, 0, 0, 0, 0, 0, 0, 0, 0, 0, 0, 0, 0, 0, 0, 0, 0, 1),
	(199207, 55119, 974, -4337.07, 6224.99, 13.2417, 1.4042, 0, 39196, 1555, 0, 0, 0, 0, 0, 0, 0, 0, 0, 0, 0, 0, 0, 0, 0, 0, 1),
	(199208, 55487, 974, -4263.72, 6213.62, 19.3551, 4.52745, 0, 2536, 190, 0, 0, 0, 0, 0, 0, 0, 0, 0, 0, 0, 0, 0, 0, 0, 0, 1),
	(199209, 55444, 974, -4382.81, 6285.16, 13.346, 0.890118, 0, 39134, 1555, 0, 0, 0, 0, 0, 0, 0, 0, 0, 0, 0, 0, 0, 0, 0, 0, 1),
	(199210, 55449, 974, -4380.99, 6285.32, 13.2083, 3.07178, 0, 39136, 1555, 0, 0, 0, 0, 0, 0, 0, 0, 0, 0, 0, 0, 0, 0, 0, 0, 1),
	(199211, 55598, 974, -4380.97, 6297.57, 13.1835, 5.55406, 0, 2076, 1555, 0, 0, 0, 0, 0, 0, 0, 0, 0, 0, 0, 0, 0, 0, 0, 0, 1),
	(199212, 55712, 974, -4331.54, 6231.73, 13.2001, 3.14159, 0, 358, 1555, 0, 0, 0, 0, 0, 0, 0, 0, 0, 0, 0, 0, 0, 0, 0, 0, 1),
	(199213, 55448, 974, -4373.33, 6281.5, 14.6569, 0, 0, 39137, 1555, 0, 0, 0, 0, 0, 0, 0, 0, 0, 0, 0, 0, 0, 0, 0, 0, 1),
	(199214, 55596, 974, -4375.05, 6292.9, 13.2001, 2.42601, 0, 39164, 1555, 0, 0, 0, 0, 0, 0, 0, 0, 0, 0, 0, 0, 0, 0, 0, 0, 1),
	(199215, 55609, 974, -4344.02, 6246.72, 13.2417, 0.826329, 0, 39167, 1555, 0, 0, 0, 0, 0, 0, 0, 0, 0, 0, 0, 0, 0, 0, 0, 0, 1),
	(199216, 55487, 974, -4288.4, 6225.53, 18.7566, 4.11918, 0, 2536, 190, 0, 0, 0, 0, 0, 0, 0, 0, 0, 0, 0, 0, 0, 0, 0, 0, 1),
	(199217, 55428, 974, -4351.86, 6263.56, 13.2417, 2.79253, 0, 39131, 1555, 0, 0, 0, 0, 0, 0, 0, 0, 0, 0, 0, 0, 0, 0, 0, 0, 1),
	(199218, 55120, 974, -4331.13, 6245.58, 13.5932, 2.9147, 0, 39197, 1555, 0, 0, 0, 0, 0, 0, 0, 0, 0, 0, 0, 0, 0, 0, 0, 0, 1),
	(199219, 55429, 974, -4348.86, 6261.99, 13.2417, 0.733038, 0, 21393, 1555, 0, 0, 0, 0, 0, 0, 0, 0, 0, 0, 0, 0, 0, 0, 0, 0, 1),
	(199220, 55118, 974, -4346.67, 6260.08, 13.2417, 0.733038, 0, 17899, 1555, 0, 0, 0, 0, 0, 0, 0, 0, 0, 0, 0, 0, 0, 0, 0, 0, 1),
	(199221, 55487, 974, -4306.56, 6242.94, 15.5612, 5.72983, 0, 2536, 190, 0, 0, 0, 0, 0, 0, 0, 0, 0, 0, 0, 0, 0, 0, 0, 0, 1),
	(199222, 55119, 974, -4330.83, 6260.07, 13.2001, 2.82743, 0, 39196, 1555, 0, 0, 0, 0, 0, 0, 0, 0, 0, 0, 0, 0, 0, 0, 0, 0, 1),
	(199223, 55602, 974, -4379.77, 6312.6, 13.1515, 5.81033, 0, 25120, 1555, 0, 0, 0, 0, 0, 0, 0, 0, 0, 0, 0, 0, 0, 0, 0, 0, 1),
	(199224, 55119, 974, -4330.51, 6261.85, 13.2001, 3.29867, 0, 39196, 1555, 0, 0, 0, 0, 0, 0, 0, 0, 0, 0, 0, 0, 0, 0, 0, 0, 1),
	(199225, 55119, 974, -4330.8, 6263.5, 13.2001, 2.82743, 0, 39196, 1555, 0, 0, 0, 0, 0, 0, 0, 0, 0, 0, 0, 0, 0, 0, 0, 0, 1),
	(199226, 55119, 974, -4329.97, 6263.37, 13.2292, 6.16101, 0, 39196, 1555, 0, 0, 0, 0, 0, 0, 0, 0, 0, 0, 0, 0, 0, 0, 0, 0, 1),
	(199227, 55347, 974, -4385.15, 6355.35, 13.1998, 0, 0, 1501, 35, 0, 0, 0, 0, 0, 0, 0, 0, 0, 0, 0, 0, 0, 0, 0, 0, 1),
	(199228, 55119, 974, -4330, 6264.12, 13.2001, 0.296706, 0, 39196, 1555, 0, 0, 0, 0, 0, 0, 0, 0, 0, 0, 0, 0, 0, 0, 0, 0, 1),
	(199229, 55119, 974, -4330.93, 6265.81, 14.0732, 3.52556, 0, 39196, 1555, 0, 0, 0, 0, 0, 0, 0, 0, 0, 0, 0, 0, 0, 0, 0, 0, 1),
	(199230, 55347, 974, -4379.62, 6380.46, 12.018, 4.2237, 0, 1501, 35, 0, 0, 0, 0, 0, 0, 0, 0, 0, 0, 0, 0, 0, 0, 0, 0, 1),
	(199231, 55347, 974, -4381.35, 6355.63, 13.1998, 3.24631, 0, 1501, 35, 0, 0, 0, 0, 0, 0, 0, 0, 0, 0, 0, 0, 0, 0, 0, 0, 1),
	(199232, 23830, 974, -4374.23, 6388.62, 12.0069, 5.39307, 0, 21955, 35, 0, 0, 0, 0, 0, 0, 0, 0, 0, 0, 0, 0, 0, 0, 0, 0, 1),
	(199233, 55120, 974, -4331.21, 6271.77, 13.601, 2.9147, 0, 39197, 1555, 0, 0, 0, 0, 0, 0, 0, 0, 0, 0, 0, 0, 0, 0, 0, 0, 1),
	(199234, 14868, 974, -4344.04, 6281.21, 13.2417, 1.04839, 0, 14937, 1555, 0, 0, 0, 0, 0, 0, 0, 0, 0, 0, 0, 0, 0, 0, 0, 0, 1),
	(199235, 55457, 974, -4363.38, 6308.96, 13.2001, 6.02139, 0, 39142, 1555, 0, 0, 0, 0, 0, 0, 0, 0, 0, 0, 0, 0, 0, 0, 0, 0, 1),
	(199236, 14849, 974, -4348.49, 6301.73, 13.2038, 1.4508, 0, 14890, 1555, 0, 0, 0, 0, 0, 0, 0, 0, 0, 0, 0, 0, 0, 0, 0, 0, 1),
	(199237, 55121, 974, -4352.69, 6307.47, 13.2001, 5.28835, 0, 25938, 1555, 0, 0, 0, 0, 0, 0, 0, 0, 0, 0, 0, 0, 0, 0, 0, 0, 1),
	(199238, 55348, 974, -4372.06, 6388.22, 11.9673, 4.7822, 0, 1501, 35, 0, 0, 0, 0, 0, 0, 0, 0, 0, 0, 0, 0, 0, 0, 0, 0, 1),
	(199239, 55348, 974, -4373.27, 6384.58, 11.9983, 1.01229, 0, 1501, 35, 0, 0, 0, 0, 0, 0, 0, 0, 0, 0, 0, 0, 0, 0, 0, 0, 1),
	(199240, 55348, 974, -4365.11, 6398.37, 11.7062, 5.44543, 0, 1501, 35, 0, 0, 0, 0, 0, 0, 0, 0, 0, 0, 0, 0, 0, 0, 0, 0, 1),
	(199241, 55348, 974, -4370.24, 6386.66, 11.974, 3.63029, 0, 1501, 35, 0, 0, 0, 0, 0, 0, 0, 0, 0, 0, 0, 0, 0, 0, 0, 0, 1),
	(199242, 55348, 974, -4374.31, 6359.49, 13.2001, 4.50295, 0, 1501, 35, 0, 0, 0, 0, 0, 0, 0, 0, 0, 0, 0, 0, 0, 0, 0, 0, 1),
	(199243, 55348, 974, -4374.33, 6356.95, 13.2001, 1.65806, 0, 1501, 35, 0, 0, 0, 0, 0, 0, 0, 0, 0, 0, 0, 0, 0, 0, 0, 0, 1),
	(199244, 55348, 974, -4363.97, 6394.87, 11.7326, 1.78024, 0, 1501, 35, 0, 0, 0, 0, 0, 0, 0, 0, 0, 0, 0, 0, 0, 0, 0, 0, 1),
	(199245, 55348, 974, -4361.96, 6396.17, 11.675, 2.93439, 0, 1501, 35, 0, 0, 0, 0, 0, 0, 0, 0, 0, 0, 0, 0, 0, 0, 0, 0, 1),
	(199246, 55121, 974, -4352.23, 6312.68, 13.2001, 5.06145, 0, 25938, 1555, 0, 0, 0, 0, 0, 0, 0, 0, 0, 0, 0, 0, 0, 0, 0, 0, 1),
	(199247, 55121, 974, -4348.38, 6306.06, 13.2001, 4.86947, 0, 25938, 1555, 0, 0, 0, 0, 0, 0, 0, 0, 0, 0, 0, 0, 0, 0, 0, 0, 1),
	(199248, 55712, 974, -4331.25, 6280.78, 13.2001, 3.14159, 0, 358, 1555, 0, 0, 0, 0, 0, 0, 0, 0, 0, 0, 0, 0, 0, 0, 0, 0, 1),
	(199249, 55487, 974, -4280.2, 6255.24, 16.7518, 3.41032, 0, 2536, 190, 0, 0, 0, 0, 0, 0, 0, 0, 0, 0, 0, 0, 0, 0, 0, 0, 1),
	(199250, 55121, 974, -4349.26, 6313.64, 13.2001, 4.34587, 0, 25938, 1555, 0, 0, 0, 0, 0, 0, 0, 0, 0, 0, 0, 0, 0, 0, 0, 0, 1),
	(199251, 55120, 974, -4331.63, 6290.54, 13.6032, 3.21141, 0, 39197, 1555, 0, 0, 0, 0, 0, 0, 0, 0, 0, 0, 0, 0, 0, 0, 0, 0, 1),
	(199252, 55714, 974, -4340.88, 6308.26, 15.4828, 6.24828, 0, 39187, 188, 0, 0, 0, 0, 0, 0, 0, 0, 0, 0, 0, 0, 0, 0, 0, 0, 1),
	(199253, 54510, 974, -4340.06, 6315.55, 13.2001, 5.58505, 0, 39028, 1555, 0, 0, 0, 0, 0, 0, 0, 0, 0, 0, 0, 0, 0, 0, 0, 0, 1),
	(199254, 14829, 974, -4339.94, 6319.09, 13.2001, 0.366519, 0, 14856, 1555, 0, 0, 0, 0, 0, 0, 0, 0, 0, 0, 0, 0, 0, 0, 0, 0, 1),
	(199255, 55487, 974, -4280.21, 6269.79, 13.225, 6.01186, 0, 2536, 190, 0, 0, 0, 0, 0, 0, 0, 0, 0, 0, 0, 0, 0, 0, 0, 0, 1),
	(199256, 55307, 974, -4330.34, 6350.38, 10.6129, 0.188917, 0, 20570, 35, 0, 0, 0, 0, 0, 0, 0, 0, 0, 0, 0, 0, 0, 0, 0, 0, 1),
	(199257, 55306, 974, -4330.24, 6350.4, 10.1129, 0.188917, 0, 33303, 7, 0, 0, 0, 0, 0, 0, 0, 0, 0, 0, 0, 0, 0, 0, 0, 0, 1),
	(199258, 55305, 974, -4330.93, 6350.27, 10.1129, 0.188917, 0, 39313, 1555, 0, 0, 0, 0, 0, 0, 0, 0, 0, 0, 0, 0, 0, 0, 0, 0, 1),
	(199259, 54545, 974, -4334.6, 6366.7, 13.2001, 4.81711, 0, 29183, 35, 0, 0, 0, 0, 0, 0, 0, 0, 0, 0, 0, 0, 0, 0, 0, 0, 1),
	(199260, 14822, 974, -4263, 6279.33, 13.2104, 1.90241, 0, 491, 1555, 0, 0, 0, 0, 0, 0, 0, 0, 0, 0, 0, 0, 0, 0, 0, 0, 1),
	(199261, 55487, 974, -4271.61, 6273.57, 13.8968, 5.80837, 0, 2536, 190, 0, 0, 0, 0, 0, 0, 0, 0, 0, 0, 0, 0, 0, 0, 0, 0, 1),
	(199262, 54490, 974, -4297.79, 6296.33, 13.225, 3.48303, 0, 39038, 35, 0, 0, 0, 0, 0, 0, 0, 0, 0, 0, 0, 0, 0, 0, 0, 0, 1),
	(199263, 55231, 974, -4322.58, 6357.08, 11.0828, 4.95674, 0, 39089, 35, 0, 0, 0, 0, 0, 0, 0, 0, 0, 0, 0, 0, 0, 0, 0, 0, 1),
	(199264, 55347, 974, -4317.14, 6322.65, 12.8993, 3.52556, 0, 1501, 35, 0, 0, 0, 0, 0, 0, 0, 0, 0, 0, 0, 0, 0, 0, 0, 0, 1),
	(199265, 55347, 974, -4320.28, 6323.34, 13.2001, 0, 0, 1501, 35, 0, 0, 0, 0, 0, 0, 0, 0, 0, 0, 0, 0, 0, 0, 0, 0, 1),
	(199266, 55347, 974, -4319.53, 6320.67, 13.1335, 0.628318, 0, 1501, 35, 0, 0, 0, 0, 0, 0, 0, 0, 0, 0, 0, 0, 0, 0, 0, 0, 1),
	(199267, 55225, 974, -4313.66, 6357.97, 11.0165, 6.21337, 0, 39083, 35, 0, 0, 0, 0, 0, 0, 0, 0, 0, 0, 0, 0, 0, 0, 0, 0, 1),
	(199268, 55402, 974, -4301.04, 6388.43, 17.1653, 4.62512, 0, 39121, 1555, 0, 0, 0, 0, 0, 0, 0, 0, 0, 0, 0, 0, 0, 0, 0, 0, 1),
	(199269, 54485, 974, -4287.87, 6309, 13.2001, 1.48353, 0, 39073, 35, 0, 0, 0, 0, 0, 0, 0, 0, 0, 0, 0, 0, 0, 0, 0, 0, 1),
	(199270, 23837, 974, -4304.13, 6350.12, 10.2402, 0, 0, 1126, 35, 0, 0, 0, 0, 0, 0, 0, 0, 0, 0, 0, 0, 0, 0, 0, 0, 1),
	(199271, 54545, 974, -4295.69, 6314.76, 13.2001, 1.8675, 0, 29183, 35, 0, 0, 0, 0, 0, 0, 0, 0, 0, 0, 0, 0, 0, 0, 0, 0, 1),
	(199272, 55487, 974, -4256.29, 6293.71, 13.6578, 1.72503, 0, 2536, 190, 0, 0, 0, 0, 0, 0, 0, 0, 0, 0, 0, 0, 0, 0, 0, 0, 1),
	(199273, 14849, 974, -4291.06, 6376.04, 13.1938, 0, 0, 14890, 1555, 0, 0, 0, 0, 0, 0, 0, 0, 0, 0, 0, 0, 0, 0, 0, 0, 1),
	(199274, 55226, 974, -4290.52, 6356.31, 11.8222, 3.08923, 0, 39084, 35, 0, 0, 0, 0, 0, 0, 0, 0, 0, 0, 0, 0, 0, 0, 0, 0, 1),
	(199275, 55339, 974, -4261.44, 6359.35, 13.2001, 4.72984, 0, 39302, 1555, 0, 0, 0, 0, 0, 0, 0, 0, 0, 0, 0, 0, 0, 0, 0, 0, 1),
	(199276, 54545, 974, -4267.45, 6360.64, 13.2352, 4.67748, 0, 29183, 35, 0, 0, 0, 0, 0, 0, 0, 0, 0, 0, 0, 0, 0, 0, 0, 0, 1),
	(199277, 55348, 974, -4278.46, 6359.78, 12.7524, 1.55334, 0, 1501, 35, 0, 0, 0, 0, 0, 0, 0, 0, 0, 0, 0, 0, 0, 0, 0, 0, 1),
	(199278, 55348, 974, -4278.51, 6362.79, 13.1479, 4.50295, 0, 1501, 35, 0, 0, 0, 0, 0, 0, 0, 0, 0, 0, 0, 0, 0, 0, 0, 0, 1),
	(199279, 54642, 974, -4140.07, 6317.15, 13.2001, 3.52556, 0, 15381, 1616, 0, 0, 0, 0, 0, 0, 0, 0, 0, 0, 0, 0, 0, 0, 0, 0, 1),
	(199280, 54518, 974, -4253.49, 6387.54, 13.207, 6.0912, 0, 38838, 31, 0, 0, 0, 0, 0, 0, 0, 0, 0, 0, 0, 0, 0, 0, 0, 0, 1),
	(199281, 54518, 974, -4253.83, 6382.64, 13.2001, 5.95157, 0, 38838, 31, 0, 0, 0, 0, 0, 0, 0, 0, 0, 0, 0, 0, 0, 0, 0, 0, 1),
	(199282, 54518, 974, -4252.68, 6377.56, 13.2001, 5.68977, 0, 38838, 31, 0, 0, 0, 0, 0, 0, 0, 0, 0, 0, 0, 0, 0, 0, 0, 0, 1),
	(199283, 54518, 974, -4252.02, 6372.92, 13.2001, 5.65487, 0, 38838, 31, 0, 0, 0, 0, 0, 0, 0, 0, 0, 0, 0, 0, 0, 0, 0, 0, 1),
	(199284, 55229, 974, -4235.32, 6324.69, 12.6505, 1.67552, 0, 39087, 35, 0, 0, 0, 0, 0, 0, 0, 0, 0, 0, 0, 0, 0, 0, 0, 0, 1),
	(199285, 54518, 974, -4247.85, 6391.94, 13.2084, 4.76475, 0, 38838, 31, 0, 0, 0, 0, 0, 0, 0, 0, 0, 0, 0, 0, 0, 0, 0, 0, 1),
	(199286, 54518, 974, -4242.92, 6370.27, 13.2085, 4.71239, 0, 38838, 31, 0, 0, 0, 0, 0, 0, 0, 0, 0, 0, 0, 0, 0, 0, 0, 0, 1),
	(199287, 54518, 974, -4242.25, 6375.92, 13.2001, 3.19395, 0, 38838, 31, 0, 0, 0, 0, 0, 0, 0, 0, 0, 0, 0, 0, 0, 0, 0, 0, 1),
	(199288, 54518, 974, -4240.63, 6388.22, 13.2001, 4.11898, 0, 38838, 31, 0, 0, 0, 0, 0, 0, 0, 0, 0, 0, 0, 0, 0, 0, 0, 0, 1),
	(199289, 54518, 974, -4240.1, 6381.76, 13.2074, 2.79253, 0, 38838, 31, 0, 0, 0, 0, 0, 0, 0, 0, 0, 0, 0, 0, 0, 0, 0, 0, 1),
	(199290, 56044, 974, -4235.06, 6397.04, 13.2415, 5.49779, 0, 30233, 35, 0, 0, 0, 0, 0, 0, 0, 0, 0, 0, 0, 0, 0, 0, 0, 0, 1),
	(199291, 56025, 974, -4208.73, 6339.71, 10.1916, 0.220288, 0, 18641, 1818, 0, 0, 0, 0, 0, 0, 0, 0, 0, 0, 0, 0, 0, 0, 0, 0, 1),
	(199292, 56026, 974, -4209.17, 6341.66, 10.2043, 0.220027, 0, 18630, 1818, 0, 0, 0, 0, 0, 0, 0, 0, 0, 0, 0, 0, 0, 0, 0, 0, 1),
	(199293, 56044, 974, -4183.57, 6458.34, 16.0197, 4.91195, 0, 30233, 35, 0, 0, 0, 0, 0, 0, 0, 0, 0, 0, 0, 0, 0, 0, 0, 0, 1),
	(199294, 54545, 974, -4224.73, 6364.83, 14.3211, 5.06145, 0, 29183, 35, 0, 0, 0, 0, 0, 0, 0, 0, 0, 0, 0, 0, 0, 0, 0, 0, 1),
	(199295, 55278, 974, -4214.62, 6371.48, 13.7575, 5.11381, 0, 39097, 35, 0, 0, 0, 0, 0, 0, 0, 0, 0, 0, 0, 0, 0, 0, 0, 0, 1),
	(199296, 23837, 974, -4214.6, 6346.42, 9.80906, 0, 0, 1126, 35, 0, 0, 0, 0, 0, 0, 0, 0, 0, 0, 0, 0, 0, 0, 0, 0, 1),
	(199297, 55341, 974, -4222.61, 6361.79, 13.8499, 5.0091, 0, 39104, 35, 0, 0, 0, 0, 0, 0, 0, 0, 0, 0, 0, 0, 0, 0, 0, 0, 1),
	(199298, 54518, 974, -4186.58, 6241.35, 13.2001, 3.72386, 0, 38838, 31, 0, 0, 0, 0, 0, 0, 0, 0, 0, 0, 0, 0, 0, 0, 0, 0, 1),
	(199299, 55342, 974, -4208.92, 6326.75, 13.7279, 1.93731, 0, 39105, 35, 0, 0, 0, 0, 0, 0, 0, 0, 0, 0, 0, 0, 0, 0, 0, 0, 1),
	(199300, 56035, 974, -4197.56, 6373.64, 13.2001, 4.7822, 0, 39060, 1555, 0, 0, 0, 0, 0, 0, 0, 0, 0, 0, 0, 0, 0, 0, 0, 0, 1),
	(199301, 56031, 974, -4188.42, 6379, 14.5729, 5.72468, 0, 39137, 188, 0, 0, 0, 0, 0, 0, 0, 0, 0, 0, 0, 0, 0, 0, 0, 0, 1),
	(199302, 54487, 974, -4186.16, 6379.4, 14.5088, 4.55531, 0, 38809, 188, 0, 0, 0, 0, 0, 0, 0, 0, 0, 0, 0, 0, 0, 0, 0, 0, 1),
	(199303, 54491, 974, -4183.95, 6379.57, 14.5411, 4.27606, 0, 39549, 188, 0, 0, 0, 0, 0, 0, 0, 0, 0, 0, 0, 0, 0, 0, 0, 0, 1),
	(199304, 56031, 974, -4186.61, 6373.21, 14.2478, 4.72984, 0, 39137, 188, 0, 0, 0, 0, 0, 0, 0, 0, 0, 0, 0, 0, 0, 0, 0, 0, 1),
	(199305, 14846, 974, -4185.03, 6375.14, 13.2346, 4.90438, 0, 14882, 1555, 0, 0, 0, 0, 0, 0, 0, 0, 0, 0, 0, 0, 0, 0, 0, 0, 1),
	(199306, 55367, 974, -4181.45, 6378.11, 15.0568, 3.7001, 0, 17192, 188, 0, 0, 0, 0, 0, 0, 0, 0, 0, 0, 0, 0, 0, 0, 0, 0, 1),
	(199307, 54491, 974, -4183.42, 6373.62, 14.2478, 4.59022, 0, 39549, 188, 0, 0, 0, 0, 0, 0, 0, 0, 0, 0, 0, 0, 0, 0, 0, 0, 1),
	(199308, 54487, 974, -4182.47, 6373.94, 14.2478, 4.90438, 0, 38809, 188, 0, 0, 0, 0, 0, 0, 0, 0, 0, 0, 0, 0, 0, 0, 0, 0, 1),
	(199309, 55356, 974, -4181.43, 6374.31, 14.2477, 5.20108, 0, 15381, 188, 0, 0, 0, 0, 0, 0, 0, 0, 0, 0, 0, 0, 0, 0, 0, 0, 1),
	(199310, 55270, 974, -4189.65, 6343.23, 10.0301, 0.0687577, 0, 19315, 35, 0, 0, 0, 0, 0, 0, 0, 0, 0, 0, 0, 0, 0, 0, 0, 0, 1),
	(199311, 55271, 974, -4189.42, 6339.78, 10.7783, 0.0686391, 0, 344, 35, 0, 0, 0, 0, 0, 0, 0, 0, 0, 0, 0, 0, 0, 0, 0, 0, 1),
	(199312, 55268, 974, -4188.53, 6341.56, 10.3855, 0.0831093, 0, 38419, 35, 0, 0, 0, 0, 0, 0, 0, 0, 0, 0, 0, 0, 0, 0, 0, 0, 1),
	(199313, 55269, 974, -4186.54, 6341.72, 10.5726, 0.0867947, 0, 19091, 35, 0, 0, 0, 0, 0, 0, 0, 0, 0, 0, 0, 0, 0, 0, 0, 0, 1),
	(199314, 14844, 974, -4185.16, 6329.6, 13.3044, 1.309, 0, 14880, 1555, 0, 0, 0, 0, 0, 0, 0, 0, 0, 0, 0, 0, 0, 0, 0, 0, 1),
	(199315, 54551, 974, -4183.3, 6328.59, 13.6365, 1.18682, 0, 29183, 35, 0, 0, 0, 0, 0, 0, 0, 0, 0, 0, 0, 0, 0, 0, 0, 0, 1),
	(199316, 14832, 974, -4154.98, 6378.69, 12.9084, 5.044, 0, 14876, 1555, 0, 0, 0, 0, 0, 0, 0, 0, 0, 0, 0, 0, 0, 0, 0, 0, 1),
	(199317, 56335, 974, -4149.89, 6382.9, 13.1819, 5.13127, 0, 39389, 1555, 0, 0, 0, 0, 0, 0, 0, 0, 0, 0, 0, 0, 0, 0, 0, 0, 1),
	(199318, 55072, 974, -4145.35, 6386.07, 13.2001, 4.93928, 0, 39017, 1555, 0, 0, 0, 0, 0, 0, 0, 0, 0, 0, 0, 0, 0, 0, 0, 0, 1),
	(199319, 57983, 974, -4141.46, 6384.38, 13.2003, 4.27606, 0, 39953, 1555, 0, 0, 0, 0, 0, 0, 0, 0, 0, 0, 0, 0, 0, 0, 0, 0, 1),
	(199320, 14849, 974, -4070.91, 6373.49, 13.5346, 5.57887, 0, 14890, 1555, 0, 0, 0, 0, 0, 0, 0, 0, 0, 0, 0, 0, 0, 0, 0, 0, 1),
	(199321, 16225, 974, -4175.13, 6243.29, 13.2001, 3.42085, 0, 14546, 35, 0, 0, 0, 0, 0, 0, 0, 0, 0, 0, 0, 0, 0, 0, 0, 0, 1),
	(199322, 16225, 974, -4173.42, 6249.52, 13.2359, 2.70526, 0, 14546, 35, 0, 0, 0, 0, 0, 0, 0, 0, 0, 0, 0, 0, 0, 0, 0, 0, 1),
	(199323, 14849, 974, -4157.73, 6356.75, 9.82592, 1.8097, 0, 14890, 1555, 0, 0, 0, 0, 0, 0, 0, 0, 0, 0, 0, 0, 0, 0, 0, 0, 1),
	(199324, 14828, 974, -4125.92, 6381.08, 13.6545, 4.72984, 0, 14854, 1555, 0, 0, 0, 0, 0, 0, 0, 0, 0, 0, 0, 0, 0, 0, 0, 0, 1),
	(199325, 54551, 974, -4167.06, 6284.45, 13.6166, 4.92183, 0, 29183, 35, 0, 0, 0, 0, 0, 0, 0, 0, 0, 0, 0, 0, 0, 0, 0, 0, 1),
	(199326, 14845, 974, -4165.07, 6285.71, 13.2001, 2.07694, 0, 14881, 1555, 0, 0, 0, 0, 0, 0, 0, 0, 0, 0, 0, 0, 0, 0, 0, 0, 1),
	(199327, 54545, 974, -4115.13, 6373.11, 13.8481, 4.67748, 0, 29183, 35, 0, 0, 0, 0, 0, 0, 0, 0, 0, 0, 0, 0, 0, 0, 0, 0, 1),
	(199328, 55348, 974, -4169.52, 6322.13, 13.6002, 0.453786, 0, 1501, 35, 0, 0, 0, 0, 0, 0, 0, 0, 0, 0, 0, 0, 0, 0, 0, 0, 1),
	(199329, 55347, 974, -4161.18, 6300.86, 13.6002, 5.25344, 0, 1501, 35, 0, 0, 0, 0, 0, 0, 0, 0, 0, 0, 0, 0, 0, 0, 0, 0, 1),
	(199330, 14849, 974, -4159.63, 6286.13, 13.2417, 5.04246, 0, 14890, 1555, 0, 0, 0, 0, 0, 0, 0, 0, 0, 0, 0, 0, 0, 0, 0, 0, 1),
	(199331, 55347, 974, -4159.23, 6297.5, 13.6002, 2.05949, 0, 1501, 35, 0, 0, 0, 0, 0, 0, 0, 0, 0, 0, 0, 0, 0, 0, 0, 0, 1),
	(199332, 55348, 974, -4166.06, 6324.03, 13.6002, 3.76991, 0, 1501, 35, 0, 0, 0, 0, 0, 0, 0, 0, 0, 0, 0, 0, 0, 0, 0, 0, 1),
	(199333, 54545, 974, -4143.69, 6334.58, 13.639, 1.78024, 0, 29183, 35, 0, 0, 0, 0, 0, 0, 0, 0, 0, 0, 0, 0, 0, 0, 0, 0, 1),
	(199334, 54642, 974, -4138.76, 6315.53, 13.1739, 1.3965, 0, 15381, 1616, 0, 0, 0, 0, 0, 0, 0, 0, 0, 0, 0, 0, 0, 0, 0, 0, 1),
	(199335, 14860, 974, -4104.09, 6242.18, 13.2417, 5.29309, 0, 14589, 1555, 0, 0, 0, 0, 0, 0, 0, 0, 0, 0, 0, 0, 0, 0, 0, 0, 1),
	(199336, 14866, 974, -4101.3, 6226.08, 14.455, 2.00173, 0, 14936, 1555, 0, 0, 0, 0, 0, 0, 0, 0, 0, 0, 0, 0, 0, 0, 0, 0, 1),
	(199337, 55741, 974, -3930.38, 6320.21, 15.5139, 2.79253, 0, 36743, 2136, 0, 0, 0, 0, 0, 0, 0, 0, 0, 0, 0, 0, 0, 0, 0, 0, 1),
	(199338, 54605, 974, -4130.52, 6326.56, 13.1935, 0.663225, 0, 39093, 35, 0, 0, 0, 0, 0, 0, 0, 0, 0, 0, 0, 0, 0, 0, 0, 0, 1),
	(199339, 54642, 974, -4133.25, 6294.33, 13.1168, 0.523847, 0, 15381, 1616, 0, 0, 0, 0, 0, 0, 0, 0, 0, 0, 0, 0, 0, 0, 0, 0, 1),
	(199340, 54643, 974, -4129.52, 6310.64, 13.1168, 4.73226, 0, 17192, 1616, 0, 0, 0, 0, 0, 0, 0, 0, 0, 0, 0, 0, 0, 0, 0, 0, 1),
	(199341, 55222, 974, -4095.06, 6358.94, 12.8044, 4.36332, 0, 39080, 35, 0, 0, 0, 0, 0, 0, 0, 0, 0, 0, 0, 0, 0, 0, 0, 0, 1),
	(199342, 55264, 974, -4088.26, 6359.94, 13.1596, 4.10152, 0, 39300, 1555, 0, 0, 0, 0, 0, 0, 0, 0, 0, 0, 0, 0, 0, 0, 0, 0, 1),
	(199343, 54642, 974, -4124.15, 6308.11, 13.1181, 4.85, 0, 15381, 1616, 0, 0, 0, 0, 0, 0, 0, 0, 0, 0, 0, 0, 0, 0, 0, 0, 1),
	(199344, 55223, 974, -4105.37, 6328.72, 11.9239, 1.309, 0, 39081, 35, 0, 0, 0, 0, 0, 0, 0, 0, 0, 0, 0, 0, 0, 0, 0, 0, 1),
	(199345, 23837, 974, -4096.94, 6339.04, 9.7846, 0, 0, 1126, 35, 0, 0, 0, 0, 0, 0, 0, 0, 0, 0, 0, 0, 0, 0, 0, 0, 1),
	(199346, 14841, 974, -4075.45, 6355, 13.195, 4.4855, 0, 14877, 1555, 0, 0, 0, 0, 0, 0, 0, 0, 0, 0, 0, 0, 0, 0, 0, 0, 1),
	(199347, 24171, 974, -4072.09, 6356.73, 13.4903, 4.31096, 0, 21955, 35, 0, 0, 0, 0, 0, 0, 0, 0, 0, 0, 0, 0, 0, 0, 0, 0, 1),
	(199348, 24171, 974, -4069.91, 6355, 13.4849, 4.13643, 0, 21955, 35, 0, 0, 0, 0, 0, 0, 0, 0, 0, 0, 0, 0, 0, 0, 0, 0, 1),
	(199349, 52039, 974, -4102.24, 6321.78, 12.7002, 0, 0, 26241, 35, 0, 0, 0, 0, 0, 0, 0, 0, 0, 0, 0, 0, 0, 0, 0, 0, 1),
	(199350, 24171, 974, -4068.08, 6353.26, 13.4977, 4.04916, 0, 21955, 35, 0, 0, 0, 0, 0, 0, 0, 0, 0, 0, 0, 0, 0, 0, 0, 0, 1),
	(199351, 55347, 974, -4109.54, 6290.23, 13.2001, 5.63741, 0, 1501, 35, 0, 0, 0, 0, 0, 0, 0, 0, 0, 0, 0, 0, 0, 0, 0, 0, 1),
	(199352, 29548, 974, -4101.66, 6313, 13.2001, 0.715585, 0, 26330, 2007, 0, 0, 0, 0, 0, 0, 0, 0, 0, 0, 0, 0, 0, 0, 0, 0, 1),
	(199353, 55347, 974, -4107.15, 6288.55, 13.2001, 2.58309, 0, 1501, 35, 0, 0, 0, 0, 0, 0, 0, 0, 0, 0, 0, 0, 0, 0, 0, 0, 1),
	(199354, 55230, 974, -4063.62, 6335, 11.9555, 3.78736, 0, 39088, 35, 0, 0, 0, 0, 0, 0, 0, 0, 0, 0, 0, 0, 0, 0, 0, 0, 1),
	(199355, 14867, 974, -4082.77, 6172.27, 15.694, 3.01775, 0, 14938, 1555, 0, 0, 0, 0, 0, 0, 0, 0, 0, 0, 0, 0, 0, 0, 0, 0, 1),
	(199356, 14847, 974, -4078.16, 6304.44, 13.202, 0.785398, 0, 14883, 1555, 0, 0, 0, 0, 0, 0, 0, 0, 0, 0, 0, 0, 0, 0, 0, 0, 1),
	(199357, 56129, 974, -4080.99, 6291, 13.2001, 5.20108, 0, 39330, 35, 0, 0, 0, 0, 0, 0, 0, 0, 0, 0, 0, 0, 0, 0, 0, 0, 1),
	(199358, 56130, 974, -4084.38, 6282.58, 13.2001, 0.558505, 0, 39331, 35, 0, 0, 0, 0, 0, 0, 0, 0, 0, 0, 0, 0, 0, 0, 0, 0, 1),
	(199359, 56097, 974, -4077.26, 6293, 13.2001, 5.16617, 0, 39319, 35, 0, 0, 0, 0, 0, 0, 0, 0, 0, 0, 0, 0, 0, 0, 0, 0, 1),
	(199360, 56131, 974, -4082.6, 6279.18, 13.2001, 0.558505, 0, 39332, 35, 0, 0, 0, 0, 0, 0, 0, 0, 0, 0, 0, 0, 0, 0, 0, 0, 1),
	(199361, 54595, 974, -4069.96, 6291.92, 13.3725, 4.32842, 0, 257, 35, 0, 0, 0, 0, 0, 0, 0, 0, 0, 0, 0, 0, 0, 0, 0, 0, 1),
	(199362, 54596, 974, -4071.54, 6285.73, 13.5673, 0.0349066, 0, 19092, 35, 0, 0, 0, 0, 0, 0, 0, 0, 0, 0, 0, 0, 0, 0, 0, 0, 1),
	(199363, 14849, 974, -4013.46, 6305.79, 13.1901, 5.94198, 0, 14890, 1555, 0, 0, 0, 0, 0, 0, 0, 0, 0, 0, 0, 0, 0, 0, 0, 0, 1),
	(199364, 15218, 974, -4016.03, 6300.65, 13.191, 4.50295, 0, 21955, 114, 0, 0, 0, 0, 0, 0, 0, 0, 0, 0, 0, 0, 0, 0, 0, 0, 1),
	(199365, 55253, 974, -4027.43, 6288.66, 11.5011, 1.022, 0, 19314, 35, 0, 0, 0, 0, 0, 0, 0, 0, 0, 0, 0, 0, 0, 0, 0, 0, 1),
	(199366, 15303, 974, -4018.77, 6293.04, 13.1245, 4.18879, 0, 15368, 1555, 0, 0, 0, 0, 0, 0, 0, 0, 0, 0, 0, 0, 0, 0, 0, 0, 1),
	(199367, 55250, 974, -4024.96, 6287.17, 11.913, 1.01553, 0, 19092, 35, 0, 0, 0, 0, 0, 0, 0, 0, 0, 0, 0, 0, 0, 0, 0, 0, 1),
	(199368, 55251, 974, -4022.46, 6285.61, 11.9722, 0.976713, 0, 20545, 35, 0, 0, 0, 0, 0, 0, 0, 0, 0, 0, 0, 0, 0, 0, 0, 0, 1),
	(199369, 55252, 974, -4019.98, 6283.93, 12.0228, 0.840629, 0, 221, 35, 0, 0, 0, 0, 0, 0, 0, 0, 0, 0, 0, 0, 0, 0, 0, 0, 1),
	(199370, 54546, 974, -3983.67, 6300.26, 13.2001, 3.21141, 0, 38857, 35, 0, 0, 0, 0, 0, 0, 0, 0, 0, 0, 0, 0, 0, 0, 0, 0, 1),
	(199371, 54546, 974, -3988.96, 6296.32, 13.2001, 3.75246, 0, 38857, 35, 0, 0, 0, 0, 0, 0, 0, 0, 0, 0, 0, 0, 0, 0, 0, 0, 1),
	(199372, 54546, 974, -3994.49, 6292.84, 13.2001, 3.75246, 0, 38857, 35, 0, 0, 0, 0, 0, 0, 0, 0, 0, 0, 0, 0, 0, 0, 0, 0, 1),
	(199373, 54546, 974, -3979.42, 6295.16, 13.2001, 2.1293, 0, 38857, 35, 0, 0, 0, 0, 0, 0, 0, 0, 0, 0, 0, 0, 0, 0, 0, 0, 1),
	(199374, 58570, 974, -3984.12, 6292.03, 13.2001, 0, 0, 21955, 35, 0, 0, 0, 0, 0, 0, 0, 0, 0, 0, 0, 0, 0, 0, 0, 0, 1),
	(199375, 54546, 974, -3985.05, 6291.41, 13.2001, 3.21141, 0, 38857, 35, 0, 0, 0, 0, 0, 0, 0, 0, 0, 0, 0, 0, 0, 0, 0, 0, 1),
	(199376, 54546, 974, -3990.7, 6287.61, 13.2001, 3.75246, 0, 38857, 35, 0, 0, 0, 0, 0, 0, 0, 0, 0, 0, 0, 0, 0, 0, 0, 0, 1),
	(199377, 54546, 974, -3975.94, 6289.36, 13.2001, 6.14356, 0, 38857, 35, 0, 0, 0, 0, 0, 0, 0, 0, 0, 0, 0, 0, 0, 0, 0, 0, 1),
	(199378, 54546, 974, -3981.64, 6285.74, 13.2001, 2.82743, 0, 38857, 35, 0, 0, 0, 0, 0, 0, 0, 0, 0, 0, 0, 0, 0, 0, 0, 0, 1),
	(199379, 54546, 974, -3986.78, 6282.54, 13.2001, 6.02139, 0, 38857, 35, 0, 0, 0, 0, 0, 0, 0, 0, 0, 0, 0, 0, 0, 0, 0, 0, 1),
	(199380, 54601, 974, -3996.81, 6278.42, 13.1632, 3.56047, 0, 39069, 35, 0, 0, 0, 0, 0, 0, 0, 0, 0, 0, 0, 0, 0, 0, 0, 0, 1),
	(199381, 55347, 974, -3992.91, 6269.82, 13.3235, 5.44543, 0, 1501, 35, 0, 0, 0, 0, 0, 0, 0, 0, 0, 0, 0, 0, 0, 0, 0, 0, 1),
	(199382, 55347, 974, -3989.77, 6267.63, 13.3222, 2.93215, 0, 1501, 35, 0, 0, 0, 0, 0, 0, 0, 0, 0, 0, 0, 0, 0, 0, 0, 0, 1),
	(199383, 54545, 974, -3996.44, 6230.96, 13.1236, 0.733038, 0, 29183, 35, 0, 0, 0, 0, 0, 0, 0, 0, 0, 0, 0, 0, 0, 0, 0, 0, 1),
	(199384, 55266, 974, -3981.8, 6259.08, 13.2001, 4.72984, 0, 39301, 1555, 0, 0, 0, 0, 0, 0, 0, 0, 0, 0, 0, 0, 0, 0, 0, 0, 1),
	(199385, 55347, 974, -3991.78, 6266.33, 13.6961, 1.78024, 0, 1501, 35, 0, 0, 0, 0, 0, 0, 0, 0, 0, 0, 0, 0, 0, 0, 0, 0, 1),
	(199386, 55221, 974, -3997.58, 6260.26, 11.9171, 4.06662, 0, 39079, 35, 0, 0, 0, 0, 0, 0, 0, 0, 0, 0, 0, 0, 0, 0, 0, 0, 1),
	(199387, 14827, 974, -4001.1, 6252, 10.3467, 2.4235, 0, 536, 1555, 0, 0, 0, 0, 0, 0, 0, 0, 0, 0, 0, 0, 0, 0, 0, 0, 1),
	(199388, 14823, 974, -4004.92, 6255.24, 10.1867, 2.44852, 0, 14855, 1555, 0, 0, 0, 0, 0, 0, 0, 0, 0, 0, 0, 0, 0, 0, 0, 0, 1),
	(199389, 14849, 974, -4007.98, 6225.32, 13.2393, 2.67827, 0, 14890, 1555, 0, 0, 0, 0, 0, 0, 0, 0, 0, 0, 0, 0, 0, 0, 0, 0, 1),
	(199390, 10445, 974, -4004.8, 6236.22, 13.1998, 0.244346, 0, 9810, 1555, 0, 0, 0, 0, 0, 0, 0, 0, 0, 0, 0, 0, 0, 0, 0, 0, 1),
	(199391, 55220, 974, -4010.67, 6245.19, 12.5347, 0.890118, 0, 39078, 35, 0, 0, 0, 0, 0, 0, 0, 0, 0, 0, 0, 0, 0, 0, 0, 0, 1),
	(199392, 23837, 974, -4004.57, 6253.02, 10.2066, 0, 0, 1126, 35, 0, 0, 0, 0, 0, 0, 0, 0, 0, 0, 0, 0, 0, 0, 0, 0, 1),
	(199393, 54545, 974, -3982.3, 6213, 19.427, 0.401426, 0, 29183, 35, 0, 0, 0, 0, 0, 0, 0, 0, 0, 0, 0, 0, 0, 0, 0, 0, 1),
	(199394, 54545, 974, -3969.89, 6198.08, 25.5335, 1.18682, 0, 29183, 35, 0, 0, 0, 0, 0, 0, 0, 0, 0, 0, 0, 0, 0, 0, 0, 0, 1),
	(199395, 54545, 974, -3878.09, 6222.22, 63.8109, 5.55015, 0, 29183, 35, 0, 0, 0, 0, 0, 0, 0, 0, 0, 0, 0, 0, 0, 0, 0, 0, 1),
	(199396, 54545, 974, -3797.24, 6263.43, 103.309, 6.00393, 0, 29183, 35, 0, 0, 0, 0, 0, 0, 0, 0, 0, 0, 0, 0, 0, 0, 0, 0, 1),
	(199397, 6491, 974, -4246.83, 6387.35, 13.2001, 4.67748, 0, 5233, 35, 0, 0, 0, 0, 0, 0, 0, 0, 0, 0, 0, 0, 0, 0, 0, 0, 1);

--
-- New gameobject properties for darkmoonfaire
--
REPLACE INTO `gameobject_properties` (`entry`, `type`, `display_id`, `name`, `category_name`, `cast_bar_text`, `UnkStr`, `parameter_0`, `parameter_1`, `parameter_2`, `parameter_3`, `parameter_4`, `parameter_5`, `parameter_6`, `parameter_7`, `parameter_8`, `parameter_9`, `parameter_10`, `parameter_11`, `parameter_12`, `parameter_13`, `parameter_14`, `parameter_15`, `parameter_16`, `parameter_17`, `parameter_18`, `parameter_19`, `parameter_20`, `parameter_21`, `parameter_22`, `parameter_23`, `size`, `QuestItem1`, `QuestItem2`, `QuestItem3`, `QuestItem4`, `QuestItem5`, `QuestItem6`) VALUES
	(180734, 1, 6522, 'Firework, Show, Type 1 Purple', '', '', '', 0, 0, 3000, 0, 0, 1, 0, 0, 0, 0, 0, 0, 0, 0, 0, 0, 0, 0, 0, 0, 0, 0, 0, 0, 1, 0, 0, 0, 0, 0, 0),
	(180735, 1, 6522, 'Firework, Show, Type 1 Purple BIG', '', '', '', 0, 0, 3000, 0, 0, 1, 0, 0, 0, 0, 0, 0, 0, 0, 0, 0, 0, 0, 0, 0, 0, 0, 0, 0, 2, 0, 0, 0, 0, 0, 0),
	(209273, 3, 6314, 'Tonk Scrap', '', '', '', 1691, 40164, 0, 1, 0, 0, 0, 0, 0, 0, 0, 0, 0, 0, 0, 0, 0, 0, 0, 0, 0, 0, 0, 0, 0.5, 71968, 0, 0, 0, 0, 0),
	(209274, 3, 7975, 'Tonk Scrap', '', '', '', 1691, 40164, 0, 1, 0, 0, 0, 0, 0, 0, 0, 0, 0, 0, 0, 0, 0, 0, 0, 0, 0, 0, 0, 0, 0.5, 71968, 0, 0, 0, 0, 0),
	(209275, 3, 8938, 'Tonk Scrap', '', '', '', 1691, 40164, 0, 1, 0, 0, 0, 0, 0, 0, 0, 0, 0, 0, 0, 0, 0, 0, 0, 0, 0, 0, 0, 0, 0.5, 71968, 0, 0, 0, 0, 0),
	(209282, 6, 9749, 'Paper Pile Trap', '', '', '', 0, 0, 0, 0, 1, 0, 0, 0, 0, 0, 0, 0, 0, 0, 0, 0, 0, 0, 0, 0, 0, 0, 0, 0, 0.7, 0, 0, 0, 0, 0, 0),
	(209283, 3, 10777, 'Discarded Weapon', '', '', '', 1691, 40247, 0, 1, 0, 0, 0, 209282, 0, 0, 0, 0, 0, 0, 0, 0, 0, 0, 0, 0, 0, 0, 0, 0, 0.4, 72018, 0, 0, 0, 0, 0),
	(209284, 3, 2310, 'Darkblossom', 'GatherHerbs', '', '', 1702, 40249, 0, 1, 0, 0, 0, 0, 0, 0, 0, 0, 0, 0, 0, 0, 0, 0, 0, 0, 0, 0, 0, 0, 1, 72046, 0, 0, 0, 0, 0),
	(209286, 5, 7063, 'Darkmoon Prop House', '', '', '', 0, 0, 0, 0, 0, 0, 0, 0, 0, 0, 0, 0, 0, 0, 0, 0, 0, 0, 0, 0, 0, 0, 0, 0, 0.2, 0, 0, 0, 0, 0, 0),
	(209287, 3, 238, 'Bit of Glass', '', '', '', 1691, 40250, 0, 1, 0, 0, 0, 0, 0, 0, 0, 0, 0, 0, 0, 0, 0, 0, 0, 0, 0, 0, 0, 0, 0.9, 72052, 0, 0, 0, 0, 0),
	(209288, 8, 10756, 'Loose Stones', '', '', '', 1728, 10, 0, 0, 29520, 1, 1, 0, 0, 0, 0, 0, 0, 0, 0, 0, 0, 0, 0, 0, 0, 0, 0, 0, 0.5, 0, 0, 0, 0, 0, 0),
	(209293, 5, 6479, 'Professor Paleo\'s Shovel', '', '', '', 0, 0, 0, 0, 0, 0, 0, 0, 0, 0, 0, 0, 0, 0, 0, 0, 0, 0, 0, 0, 0, 0, 0, 0, 0.6, 0, 0, 0, 0, 0, 0),
	(209294, 5, 10762, 'Professor Paleo\'s Bones 1', '', '', '', 0, 0, 0, 0, 0, 0, 0, 0, 0, 0, 0, 0, 0, 0, 0, 0, 0, 0, 0, 0, 0, 0, 0, 0, 0.1, 0, 0, 0, 0, 0, 0),
	(209295, 5, 10763, 'Professor Paleo\'s Bones 2', '', '', '', 0, 0, 0, 0, 0, 0, 0, 0, 0, 0, 0, 0, 0, 0, 0, 0, 0, 0, 0, 0, 0, 0, 0, 0, 0.2, 0, 0, 0, 0, 0, 0),
	(209320, 5, 7064, 'Darkmoon Prop Castle', '', '', '', 0, 0, 0, 0, 0, 0, 0, 0, 0, 0, 0, 0, 0, 0, 0, 0, 0, 0, 0, 0, 0, 0, 0, 0, 0.06, 0, 0, 0, 0, 0, 0),
	(209342, 8, 6424, 'Tonk Console', '', '', '', 1733, 1, 0, 0, 0, 0, 1, 0, 0, 0, 0, 0, 0, 0, 0, 0, 0, 0, 0, 0, 0, 0, 0, 0, 1, 0, 0, 0, 0, 0, 0),
	(209620, 3, 10313, 'Darkmoon Treasure Chest', '', '', '', 1599, 40419, 0, 1, 0, 0, 29403, 0, 0, 0, 0, 0, 0, 0, 0, 0, 0, 0, 0, 0, 0, 0, 0, 0, 1, 0, 0, 0, 0, 0, 0),
	(209666, 5, 9126, 'Pony Rides!', '', '', '', 1, 1, 0, 0, 0, 0, 0, 0, 0, 0, 0, 0, 0, 0, 0, 0, 0, 0, 0, 0, 0, 0, 0, 0, 2.65, 0, 0, 0, 0, 0, 0),
	(209667, 5, 9126, 'Petting Zoo!', '', '', '', 1, 1, 0, 0, 0, 0, 0, 0, 0, 0, 0, 0, 0, 0, 0, 0, 0, 0, 0, 0, 0, 0, 0, 0, 2.65, 0, 0, 0, 0, 0, 0),
	(209668, 5, 9126, '- VIP Tours - Wait Here', '', '', '', 1, 1, 0, 0, 0, 0, 0, 0, 0, 0, 0, 0, 0, 0, 0, 0, 0, 0, 0, 0, 0, 0, 0, 0, 2.65, 0, 0, 0, 0, 0, 0),
	(209753, 6, 9510, 'Bird Scatter Trap', '', '', '', 0, 0, 15, 104560, 1, 0, 0, 0, 0, 0, 0, 0, 0, 0, 0, 0, 0, 0, 0, 0, 0, 0, 0, 0, 1, 0, 0, 0, 0, 0, 0),
	(209764, 5, 9299, 'Fun & Games & Wondrous Sights!', '', '', '', 1, 1, 0, 0, 0, 0, 0, 0, 0, 0, 0, 0, 0, 0, 0, 0, 0, 0, 0, 0, 0, 0, 0, 0, 7.70002, 0, 0, 0, 0, 0, 0),
	(209765, 5, 9299, 'Music & Fireworks to Light Up the Night!', '', '', '', 1, 1, 0, 0, 0, 0, 0, 0, 0, 0, 0, 0, 0, 0, 0, 0, 0, 0, 0, 0, 0, 0, 0, 0, 5.51, 0, 0, 0, 0, 0, 0),
	(209766, 5, 9299, 'Do Not Stop! You\'re Nearly There!', '', '', '', 1, 1, 0, 0, 0, 0, 0, 0, 0, 0, 0, 0, 0, 0, 0, 0, 0, 0, 0, 0, 0, 0, 0, 0, 5.51, 0, 0, 0, 0, 0, 0),
	(209767, 5, 9299, 'Behold, My Friend: THE DARKMOON FAIRE!', '', '', '', 1, 1, 0, 0, 0, 0, 0, 0, 0, 0, 0, 0, 0, 0, 0, 0, 0, 0, 0, 0, 0, 0, 0, 0, 5.51, 0, 0, 0, 0, 0, 0),
	(209768, 5, 9299, 'Ahead of You, Down the Path', '', '', '', 1, 1, 0, 0, 0, 0, 0, 0, 0, 0, 0, 0, 0, 0, 0, 0, 0, 0, 0, 0, 0, 0, 0, 0, 5.51, 0, 0, 0, 0, 0, 0),
	(209769, 5, 9299, 'A Majestic, Magical Faire!', '', '', '', 1, 1, 0, 0, 0, 0, 0, 0, 0, 0, 0, 0, 0, 0, 0, 0, 0, 0, 0, 0, 0, 0, 0, 0, 9.32002, 0, 0, 0, 0, 0, 0),
	(209770, 5, 9299, 'Ignore the Darkened, Eerie Woods', '', '', '', 1, 1, 0, 0, 0, 0, 0, 0, 0, 0, 0, 0, 0, 0, 0, 0, 0, 0, 0, 0, 0, 0, 0, 0, 3.41, 0, 0, 0, 0, 0, 0),
	(209771, 5, 9299, 'Ignore the Eyes That Blink and Stare', '', '', '', 1, 1, 0, 0, 0, 0, 0, 0, 0, 0, 0, 0, 0, 0, 0, 0, 0, 0, 0, 0, 0, 0, 0, 0, 5.51, 0, 0, 0, 0, 0, 0),
	(209818, 8, 166, 'Anvil', '', '', '', 1, 10, 0, 0, 0, 0, 0, 0, 0, 0, 0, 0, 0, 0, 0, 0, 0, 0, 0, 0, 0, 0, 0, 0, 1.48, 0, 0, 0, 0, 0, 0),
	(209819, 8, 305, 'Forge', '', '', '', 3, 10, 0, 0, 0, 0, 0, 0, 0, 0, 0, 0, 0, 0, 0, 0, 0, 0, 0, 0, 0, 0, 0, 0, 1, 0, 0, 0, 0, 0, 0),
	(209820, 8, 9142, 'Anvil', '', '', '', 1, 10, 0, 0, 0, 0, 0, 0, 0, 0, 0, 0, 0, 0, 0, 0, 0, 0, 0, 0, 0, 0, 0, 0, 1.69, 0, 0, 0, 0, 0, 0),
	(209858, 8, 233, 'Forge', '', '', '', 3, 10, 0, 0, 0, 0, 0, 0, 0, 0, 0, 0, 0, 0, 0, 0, 0, 0, 0, 0, 0, 0, 0, 0, 1, 0, 0, 0, 0, 0, 0),
	(209859, 8, 9142, 'Anvil', '', '', '', 1, 10, 0, 0, 0, 0, 0, 0, 0, 0, 0, 0, 0, 0, 0, 0, 0, 0, 0, 0, 0, 0, 0, 0, 1.48, 0, 0, 0, 0, 0, 0),
	(209860, 8, 200, 'Bonfire', '', '', '', 4, 10, 2066, 0, 0, 0, 0, 0, 0, 0, 0, 0, 0, 0, 0, 0, 0, 0, 0, 0, 0, 0, 0, 0, 1, 0, 0, 0, 0, 0, 0),
	(210107, 22, 11065, 'Darkmoon Deathmatch Gate', '', '', '', 108941, 0, 0, 0, 0, 0, 0, 0, 0, 0, 0, 0, 0, 0, 0, 0, 0, 0, 0, 0, 0, 0, 0, 0, 1, 0, 0, 0, 0, 0, 0),
	(210166, 5, 9126, 'Shooting Gallery!', '', '', '', 1, 1, 0, 0, 0, 0, 0, 0, 0, 0, 0, 0, 0, 0, 0, 0, 0, 0, 0, 0, 0, 0, 0, 0, 2.65, 0, 0, 0, 0, 0, 0),
	(210167, 5, 9126, 'The Darkmoon Cannon!', '', '', '', 1, 1, 0, 0, 0, 0, 0, 0, 0, 0, 0, 0, 0, 0, 0, 0, 0, 0, 0, 0, 0, 0, 0, 0, 2.65, 0, 0, 0, 0, 0, 0),
	(210168, 5, 9126, 'Whack-a-Gnoll!', '', '', '', 1, 1, 0, 0, 0, 0, 0, 0, 0, 0, 0, 0, 0, 0, 0, 0, 0, 0, 0, 0, 0, 0, 0, 0, 2.65, 0, 0, 0, 0, 0, 0),
	(210169, 5, 7416, 'UNDER CONSTRUCTION - KEEP OUT', '', '', '', 1, 1, 0, 0, 0, 0, 0, 0, 0, 0, 0, 0, 0, 0, 0, 0, 0, 0, 0, 0, 0, 0, 0, 0, 1.4, 0, 0, 0, 0, 0, 0),
	(210170, 5, 7416, 'UNDER CONSTRUCTION - KEEP OUT', '', '', '', 1, 1, 0, 0, 0, 0, 0, 0, 0, 0, 0, 0, 0, 0, 0, 0, 0, 0, 0, 0, 0, 0, 0, 0, 1.4, 0, 0, 0, 0, 0, 0),
	(210171, 5, 7416, 'UNDER CONSTRUCTION - KEEP OUT', '', '', '', 1, 1, 0, 0, 0, 0, 0, 0, 0, 0, 0, 0, 0, 0, 0, 0, 0, 0, 0, 0, 0, 0, 0, 0, 1.4, 0, 0, 0, 0, 0, 0),
	(210172, 5, 7416, 'UNDER CONSTRUCTION - KEEP OUT', '', '', '', 1, 1, 0, 0, 0, 0, 0, 0, 0, 0, 0, 0, 0, 0, 0, 0, 0, 0, 0, 0, 0, 0, 0, 0, 1.4, 0, 0, 0, 0, 0, 0),
	(210173, 5, 9126, 'Ring Toss!', '', '', '', 1, 1, 0, 0, 0, 0, 0, 0, 0, 0, 0, 0, 0, 0, 0, 0, 0, 0, 0, 0, 0, 0, 0, 0, 2.65, 0, 0, 0, 0, 0, 0),
	(210174, 5, 9126, 'Tonk Challenge!', '', '', '', 1, 1, 0, 0, 0, 0, 0, 0, 0, 0, 0, 0, 0, 0, 0, 0, 0, 0, 0, 0, 0, 0, 0, 0, 2.65, 0, 0, 0, 0, 0, 0),
	(210175, 22, 4396, 'Portal to Elwynn Forest', '', '', '', 101260, 0, 0, 1, 0, 0, 0, 0, 0, 0, 0, 0, 0, 0, 0, 0, 0, 0, 0, 0, 0, 0, 0, 0, 1, 0, 0, 0, 0, 0, 0),
	(210176, 22, 4397, 'Portal to Mulgore', '', '', '', 103582, 0, 0, 1, 0, 0, 0, 0, 0, 0, 0, 0, 0, 0, 0, 0, 0, 0, 0, 0, 0, 0, 0, 0, 1, 0, 0, 0, 0, 0, 0);

--
-- New gameobject spawns for darkmoonfaire
--
REPLACE INTO `gameobject_spawns` (`id`, `entry`, `map`, `position_x`, `position_y`, `position_z`, `facing`, `orientation1`, `orientation2`, `orientation3`, `orientation4`, `state`, `flags`, `faction`, `scale`, `respawnNpcLink`, `phase`, `overrides`) VALUES
   (517660, 185436, 974, -3847.44, 6499.46, 31.2318, 1.58825, 0, 0, 0, 1, 1, 0, 0, 1, 0, 1, 0),
   (517661, 185454, 974, -3856.2, 6505.23, 29.4553, 0.0174525, 0, 0, 0, 1, 1, 0, 0, 1, 0, 1, 0),
   (517662, 185435, 974, -3868.36, 6517.42, 29.3293, 1.18682, 0, 0, 0, 1, 1, 0, 0, 1, 0, 1, 0),
   (517663, 185435, 974, -3857.69, 6520.96, 19.4925, 0, 0, 0, 0, 1, 1, 0, 0, 1, 0, 1, 0),
   (517664, 185454, 974, -3871.57, 6519.87, 27.6167, 5.61996, 0, 0, 0, 1, 1, 0, 0, 1, 0, 1, 0),
   (517665, 185436, 974, -3872.56, 6523.52, 29.6349, 1.27409, 0, 0, 0, 1, 1, 0, 0, 1, 0, 1, 0),
   (517666, 209753, 974, -3832.02, 6551.83, 10.5226, 0.558504, 0, 0, 0, 1, 1, 0, 14, 1, 0, 1, 0),
   (517667, 209753, 974, -3942.74, 6533.33, 13.651, 0.558504, 0, 0, 0, 1, 1, 0, 14, 1, 0, 1, 0),
   (517668, 209753, 974, -4010.46, 6630.48, 15.7309, 0.558504, 0, 0, 0, 1, 1, 0, 14, 1, 0, 1, 0),
   (517669, 209753, 974, -4273.89, 6596.43, 13.4792, 0.558504, 0, 0, 0, 1, 1, 0, 14, 1, 0, 1, 0),
   (517670, 209282, 974, -4349.98, 6447.08, 17.0163, 0.0174525, 0, 0, 0, 1, 1, 0, 0, 0.7, 0, 1, 0),
   (517671, 209283, 974, -4349.98, 6447.08, 17.0163, 0.0174525, 0, 0, 0, 1, 1, 4, 0, 0.4, 0, 1, 0),
   (517672, 209273, 974, -4381.02, 6435.01, 15.0467, 0.383971, 0, 0, 0, 1, 1, 4, 0, 0.5, 0, 1, 0),
   (517673, 209282, 974, -4410.87, 6428.02, 13.0038, 0.226893, 0, 0, 0, 1, 1, 0, 0, 0.7, 0, 1, 0),
   (517674, 209283, 974, -4410.87, 6428.02, 13.0038, 0.226893, 0, 0, 0, 1, 1, 4, 0, 0.4, 0, 1, 0),
   (517675, 209753, 974, -4437.13, 6333.78, 13.2646, 0, 0, 0, 0, 1, 1, 0, 14, 1, 0, 1, 0),
   (517676, 210176, 974, -4447.96, 6331.43, 13.2646, 0, 0, 0, 0, 1, 1, 0, 1735, 1, 0, 1, 0),
   (517677, 209753, 974, -4191.77, 6117.33, 12.875, 0.558504, 0, 0, 0, 1, 1, 0, 14, 1, 0, 1, 0),
   (517678, 209753, 974, -4295.3, 6137.45, 14.3958, 0.558504, 0, 0, 0, 1, 1, 0, 14, 1, 0, 1, 0),
   (517679, 180724, 974, -4503.62, 6465.65, 44.3478, 6.02139, 0, 0, 0, 1, 1, 32, 0, 1, 0, 1, 0),
   (517680, 180727, 974, -4458.28, 6506.05, 35.9752, 5.21854, 0, 0, 0, 1, 1, 32, 0, 1, 0, 1, 0),
   (517681, 180724, 974, -4169.41, 6419.68, 68.0678, 5.23599, 0, 0, 0, 1, 1, 32, 0, 1, 0, 1, 0),
   (517682, 180733, 974, -4529.45, 6354.64, 55.1482, 0, 0, 0, 0, 1, 1, 32, 0, 2, 0, 1, 0),
   (517683, 180733, 974, -4467.15, 6501.41, 36.9703, 5.95157, 0, 0, 0, 1, 1, 32, 0, 2, 0, 1, 0),
   (517684, 180734, 974, -4476.76, 6482.15, 29.8048, 5.79449, 0, 0, 0, 1, 1, 32, 0, 1, 0, 1, 0),
   (517685, 180734, 974, -4487.85, 6491.03, 33.1126, 5.42798, 0, 0, 0, 1, 1, 32, 0, 1, 0, 1, 0),
   (517686, 180725, 974, -4467.15, 6501.41, 36.9703, 5.95157, 0, 0, 0, 1, 1, 32, 0, 2, 0, 1, 0),
   (517687, 187376, 974, -4440.18, 6211.33, 0, 0, 0, 0, 0, 1, 1, 0, 1922, 1, 0, 1, 0),
   (517688, 209273, 974, -4329.83, 6184.43, 13.1192, 0, 0, 0, 0, 1, 1, 4, 0, 0.5, 0, 1, 0),
   (517689, 180734, 974, -4308.33, 6299.62, 50.9248, 0.0349062, 0, 0, 0, 1, 1, 32, 0, 1, 0, 1, 0),
   (517690, 180738, 974, -4029.15, 6355.71, 59.4579, 3.14159, 0, 0, 0, 1, 1, 32, 0, 1, 0, 1, 0),
   (517691, 180740, 974, -4056.38, 6244.72, 59.0023, 1.53589, 0, 0, 0, 1, 1, 32, 0, 1, 0, 1, 0),
   (517692, 180730, 974, -4188.42, 6410.98, 63.6761, 5.5676, 0, 0, 0, 1, 1, 32, 0, 1, 0, 1, 0),
   (517693, 180726, 974, -4163.61, 6270.24, 62.7918, 1.20428, 0, 0, 0, 1, 1, 32, 0, 2, 0, 1, 0),
   (517694, 180727, 974, -4228.04, 6366.35, 48.0665, 5.21854, 0, 0, 0, 1, 1, 32, 0, 1, 0, 1, 0),
   (517695, 180729, 974, -4220.52, 6290.68, 56.2118, 1.51844, 0, 0, 0, 1, 1, 32, 0, 2, 0, 1, 0),
   (517696, 180727, 974, -4074.21, 6378.33, 49.9692, 3.52557, 0, 0, 0, 1, 1, 32, 0, 1, 0, 1, 0),
   (517697, 180724, 974, -4235.35, 6299.37, 59.2793, 0.471238, 0, 0, 0, 1, 1, 32, 0, 1, 0, 1, 0),
   (517698, 180734, 974, -4220.52, 6290.68, 56.2118, 1.51844, 0, 0, 0, 1, 1, 32, 0, 1, 0, 1, 0),
   (517699, 180726, 974, -4108.68, 6400.98, 81.9603, 4.24115, 0, 0, 0, 1, 1, 32, 0, 2, 0, 1, 0),
   (517700, 180740, 974, -4133.4, 6252.52, 53.8934, 1.53589, 0, 0, 0, 1, 1, 32, 0, 1, 0, 1, 0),
   (517701, 180730, 974, -4108.68, 6400.98, 81.9603, 4.24115, 0, 0, 0, 1, 1, 32, 0, 1, 0, 1, 0),
   (517702, 180736, 974, -4149.06, 6321.79, 37.9468, 0.575957, 0, 0, 0, 1, 1, 32, 0, 1, 0, 1, 0),
   (517703, 180740, 974, -4146.92, 6406.8, 67.5933, 4.99164, 0, 0, 0, 1, 1, 32, 0, 1, 0, 1, 0),
   (517704, 180730, 974, -4222.59, 6369.06, 54.4394, 4.62512, 0, 0, 0, 1, 1, 32, 0, 1, 0, 1, 0),
   (517705, 180733, 974, -4235.35, 6299.37, 59.2793, 0.471238, 0, 0, 0, 1, 1, 32, 0, 2, 0, 1, 0),
   (517706, 180731, 974, -4085.56, 6397.07, 56.9609, 3.87463, 0, 0, 0, 1, 1, 32, 0, 2, 0, 1, 0),
   (517707, 180725, 974, -4169.41, 6419.68, 68.0678, 5.23599, 0, 0, 0, 1, 1, 32, 0, 2, 0, 1, 0),
   (517708, 180724, 974, -4124.62, 6405.38, 61.2377, 4.71239, 0, 0, 0, 1, 1, 32, 0, 1, 0, 1, 0),
   (517709, 180726, 974, -4146.92, 6406.8, 67.5933, 4.99164, 0, 0, 0, 1, 1, 32, 0, 2, 0, 1, 0),
   (517710, 180727, 974, -4193.09, 6406.92, 59.2182, 5.5676, 0, 0, 0, 1, 1, 32, 0, 1, 0, 1, 0),
   (517711, 180727, 974, -4163.61, 6270.24, 62.7918, 1.20428, 0, 0, 0, 1, 1, 32, 0, 1, 0, 1, 0),
   (517712, 209753, 974, -3922.19, 6321.71, 15.8368, 0.558504, 0, 0, 0, 1, 1, 0, 14, 1, 0, 1, 0),
   (517713, 180728, 974, -4188.42, 6410.98, 63.6761, 5.5676, 0, 0, 0, 1, 1, 32, 0, 1, 0, 1, 0),
   (517714, 180738, 974, -4147.95, 6271.83, 73.3056, 1.36136, 0, 0, 0, 1, 1, 32, 0, 1, 0, 1, 0),
   (517715, 180724, 974, -4467.15, 6501.41, 36.9703, 5.95157, 0, 0, 0, 1, 1, 32, 0, 1, 0, 1, 0),
   (517716, 180740, 974, -4108.68, 6400.98, 81.9603, 4.24115, 0, 0, 0, 1, 1, 32, 0, 1, 0, 1, 0),
   (517717, 180735, 974, -4467.58, 6508.39, 45.1855, 5.86431, 0, 0, 0, 1, 1, 32, 0, 2, 0, 1, 0),
   (517718, 180734, 974, -4085.56, 6397.07, 56.9609, 3.87463, 0, 0, 0, 1, 1, 32, 0, 1, 0, 1, 0),
   (517719, 180740, 974, -4465.95, 6512.94, 39.878, 5.79449, 0, 0, 0, 1, 1, 32, 0, 1, 0, 1, 0),
   (517720, 180726, 974, -4493.34, 6473.99, 35.7746, 5.65487, 0, 0, 0, 1, 1, 32, 0, 2, 0, 1, 0),
   (517721, 180740, 974, -4147.95, 6271.83, 73.3056, 1.36136, 0, 0, 0, 1, 1, 32, 0, 1, 0, 1, 0),
   (517722, 180733, 974, -4482.63, 6500.52, 37.9616, 5.95157, 0, 0, 0, 1, 1, 32, 0, 2, 0, 1, 0),
   (517723, 180727, 974, -4169.41, 6419.68, 68.0678, 5.23599, 0, 0, 0, 1, 1, 32, 0, 1, 0, 1, 0),
   (517724, 180726, 974, -4519.77, 6403.69, 43.1206, 5.86431, 0, 0, 0, 1, 1, 32, 0, 2, 0, 1, 0),
   (517725, 180740, 974, -4181.77, 6415.56, 58.8968, 4.86947, 0, 0, 0, 1, 1, 32, 0, 1, 0, 1, 0),
   (517726, 180727, 974, -4503.62, 6465.65, 44.3478, 6.02139, 0, 0, 0, 1, 1, 32, 0, 1, 0, 1, 0),
   (517727, 180725, 974, -4533.17, 6343.92, 50.1097, 0, 0, 0, 0, 1, 1, 32, 0, 2, 0, 1, 0),
   (517728, 180724, 974, -4531.12, 6310.38, 45.1551, 0, 0, 0, 0, 1, 1, 32, 0, 1, 0, 1, 0),
   (517729, 180727, 974, -4493.34, 6473.99, 35.7746, 5.65487, 0, 0, 0, 1, 1, 32, 0, 1, 0, 1, 0),
   (517730, 180727, 974, -4158.45, 6423.26, 58.8968, 5.74214, 0, 0, 0, 1, 1, 32, 0, 1, 0, 1, 0),
   (517731, 180729, 974, -4488.78, 6481.73, 38.9686, 5.53269, 0, 0, 0, 1, 1, 32, 0, 2, 0, 1, 0),
   (517732, 180730, 974, -4029.15, 6355.71, 59.4579, 3.14159, 0, 0, 0, 1, 1, 32, 0, 1, 0, 1, 0),
   (517733, 180734, 974, -4466.62, 6494.08, 33.7662, 5.5676, 0, 0, 0, 1, 1, 32, 0, 1, 0, 1, 0),
   (517734, 180730, 974, -4472.88, 6498.33, 40.7714, 6.02139, 0, 0, 0, 1, 1, 32, 0, 1, 0, 1, 0),
   (517735, 180727, 974, -4487.85, 6491.03, 33.1126, 5.42798, 0, 0, 0, 1, 1, 32, 0, 1, 0, 1, 0),
   (517736, 180740, 974, -4327.08, 6312.23, 50.9248, 0.837758, 0, 0, 0, 1, 1, 32, 0, 1, 0, 1, 0),
   (517737, 180733, 974, -4051.87, 6361.73, 74.6655, 2.26892, 0, 0, 0, 1, 1, 32, 0, 2, 0, 1, 0),
   (517738, 180724, 974, -4149.61, 6323.87, 39.8507, 1.13446, 0, 0, 0, 1, 1, 32, 0, 1, 0, 1, 0),
   (517739, 180725, 974, -4197.99, 6292.5, 75.3727, 0.715585, 0, 0, 0, 1, 1, 32, 0, 2, 0, 1, 0),
   (517740, 180731, 974, -4146.29, 6426.08, 68.8216, 5.74214, 0, 0, 0, 1, 1, 32, 0, 2, 0, 1, 0),
   (517741, 180725, 974, -4235.35, 6299.37, 59.2793, 0.471238, 0, 0, 0, 1, 1, 32, 0, 2, 0, 1, 0),
   (517742, 180725, 974, -4534.14, 6296.77, 43.5847, 5.91667, 0, 0, 0, 1, 1, 32, 0, 2, 0, 1, 0),
   (517743, 180726, 974, -4333.28, 6328.26, 50.6691, 6.07375, 0, 0, 0, 1, 1, 32, 0, 2, 0, 1, 0),
   (517744, 180727, 974, -4029.15, 6355.71, 59.4579, 3.14159, 0, 0, 0, 1, 1, 32, 0, 1, 0, 1, 0),
   (517745, 180739, 974, -4493.34, 6473.99, 35.7746, 5.65487, 0, 0, 0, 1, 1, 32, 0, 2, 0, 1, 0),
   (517746, 180730, 974, -4169.41, 6419.68, 68.0678, 5.23599, 0, 0, 0, 1, 1, 32, 0, 1, 0, 1, 0),
   (517747, 180726, 974, -4531.03, 6280.25, 54.6476, 0, 0, 0, 0, 1, 1, 32, 0, 2, 0, 1, 0),
   (517748, 180735, 974, -4492.24, 6465.79, 31.6434, 5.98648, 0, 0, 0, 1, 1, 32, 0, 2, 0, 1, 0),
   (517749, 180740, 974, -4482.63, 6500.52, 37.9616, 5.95157, 0, 0, 0, 1, 1, 32, 0, 1, 0, 1, 0),
   (517750, 180726, 974, -4529.45, 6354.64, 55.1482, 0, 0, 0, 0, 1, 1, 32, 0, 2, 0, 1, 0),
   (517751, 180727, 974, -4531.12, 6310.38, 45.1551, 0, 0, 0, 0, 1, 1, 32, 0, 1, 0, 1, 0),
   (517752, 180726, 974, -4473.32, 6507.6, 30.3042, 5.89921, 0, 0, 0, 1, 1, 32, 0, 2, 0, 1, 0),
   (517753, 180735, 974, -4133.4, 6252.52, 53.8934, 1.53589, 0, 0, 0, 1, 1, 32, 0, 2, 0, 1, 0),
   (517754, 180734, 974, -4488.78, 6481.73, 38.9686, 5.53269, 0, 0, 0, 1, 1, 32, 0, 1, 0, 1, 0),
   (517755, 180740, 974, -4467.15, 6501.41, 36.9703, 5.95157, 0, 0, 0, 1, 1, 32, 0, 1, 0, 1, 0),
   (517756, 180740, 974, -4222.59, 6369.06, 54.4394, 4.62512, 0, 0, 0, 1, 1, 32, 0, 1, 0, 1, 0),
   (517757, 180726, 974, -4520.83, 6260.86, 37.8736, 0, 0, 0, 0, 1, 1, 32, 0, 2, 0, 1, 0),
   (517758, 180726, 974, -4525.71, 6288.72, 48.1038, 0, 0, 0, 0, 1, 1, 32, 0, 2, 0, 1, 0),
   (517759, 180739, 974, -4056.38, 6244.72, 59.0023, 1.53589, 0, 0, 0, 1, 1, 32, 0, 2, 0, 1, 0),
   (517760, 180734, 974, -4477.26, 6491.57, 31.0258, 5.68977, 0, 0, 0, 1, 1, 32, 0, 1, 0, 1, 0),
   (517761, 180726, 974, -4158.45, 6423.26, 58.8968, 5.74214, 0, 0, 0, 1, 1, 32, 0, 2, 0, 1, 0),
   (517762, 180733, 974, -4488.78, 6481.73, 38.9686, 5.53269, 0, 0, 0, 1, 1, 32, 0, 2, 0, 1, 0),
   (517763, 180727, 974, -4188.42, 6410.98, 63.6761, 5.5676, 0, 0, 0, 1, 1, 32, 0, 1, 0, 1, 0),
   (517764, 180733, 974, -4467.58, 6508.39, 45.1855, 5.86431, 0, 0, 0, 1, 1, 32, 0, 2, 0, 1, 0),
   (517765, 180740, 974, -4466.62, 6494.08, 33.7662, 5.5676, 0, 0, 0, 1, 1, 32, 0, 1, 0, 1, 0),
   (517766, 180726, 974, -4467.15, 6501.41, 36.9703, 5.95157, 0, 0, 0, 1, 1, 32, 0, 2, 0, 1, 0),
   (517767, 180740, 974, -4519.41, 6272.97, 51.5572, 0, 0, 0, 0, 1, 1, 32, 0, 1, 0, 1, 0),
   (517768, 180734, 974, -4188.42, 6410.98, 63.6761, 5.5676, 0, 0, 0, 1, 1, 32, 0, 1, 0, 1, 0),
   (517769, 180735, 974, -4520.83, 6260.86, 37.8736, 0, 0, 0, 0, 1, 1, 32, 0, 2, 0, 1, 0),
   (517770, 180734, 974, -4327.08, 6312.23, 50.9248, 0.837758, 0, 0, 0, 1, 1, 32, 0, 1, 0, 1, 0),
   (517771, 180735, 974, -4222.59, 6369.06, 54.4394, 4.62512, 0, 0, 0, 1, 1, 32, 0, 2, 0, 1, 0),
   (517772, 180740, 974, -4235.35, 6299.37, 59.2793, 0.471238, 0, 0, 0, 1, 1, 32, 0, 1, 0, 1, 0),
   (517773, 180726, 974, -4458.28, 6506.05, 35.9752, 5.21854, 0, 0, 0, 1, 1, 32, 0, 2, 0, 1, 0),
   (517774, 180727, 974, -4467.58, 6508.39, 45.1855, 5.86431, 0, 0, 0, 1, 1, 32, 0, 1, 0, 1, 0),
   (517775, 180740, 974, -4333.28, 6328.26, 50.6691, 6.07375, 0, 0, 0, 1, 1, 32, 0, 1, 0, 1, 0),
   (517776, 180740, 974, -4224.79, 6367.33, 42.3254, 5.44543, 0, 0, 0, 1, 1, 32, 0, 1, 0, 1, 0),
   (517777, 180724, 974, -4465.95, 6512.94, 39.878, 5.79449, 0, 0, 0, 1, 1, 32, 0, 1, 0, 1, 0),
   (517778, 180733, 974, -4056.38, 6244.72, 59.0023, 1.53589, 0, 0, 0, 1, 1, 32, 0, 2, 0, 1, 0),
   (517779, 180737, 974, -4085.56, 6397.07, 56.9609, 3.87463, 0, 0, 0, 1, 1, 32, 0, 2, 0, 1, 0),
   (517780, 180724, 974, -4472.88, 6498.33, 40.7714, 6.02139, 0, 0, 0, 1, 1, 32, 0, 1, 0, 1, 0),
   (517781, 180740, 974, -4476.76, 6482.15, 29.8048, 5.79449, 0, 0, 0, 1, 1, 32, 0, 1, 0, 1, 0),
   (517782, 180738, 974, -4466.62, 6494.08, 33.7662, 5.5676, 0, 0, 0, 1, 1, 32, 0, 1, 0, 1, 0),
   (517783, 180726, 974, -4472.88, 6498.33, 40.7714, 6.02139, 0, 0, 0, 1, 1, 32, 0, 2, 0, 1, 0),
   (517784, 180735, 974, -4467.15, 6501.41, 36.9703, 5.95157, 0, 0, 0, 1, 1, 32, 0, 2, 0, 1, 0),
   (517785, 180740, 974, -4086.59, 6247.51, 68.6752, 1.95477, 0, 0, 0, 1, 1, 32, 0, 1, 0, 1, 0),
   (517786, 180733, 974, -4525.71, 6288.72, 48.1038, 0, 0, 0, 0, 1, 1, 32, 0, 2, 0, 1, 0),
   (517787, 180726, 974, -4327.08, 6312.23, 50.9248, 0.837758, 0, 0, 0, 1, 1, 32, 0, 2, 0, 1, 0),
   (517788, 179965, 974, -3797.24, 6263.43, 103.309, 6.00393, 0, 0, 0, 1, 1, 32, 0, 1, 0, 1, 0),
   (517789, 180735, 974, -4472.88, 6498.33, 40.7714, 6.02139, 0, 0, 0, 1, 1, 32, 0, 2, 0, 1, 0),
   (517790, 180734, 974, -4133.4, 6252.52, 53.8934, 1.53589, 0, 0, 0, 1, 1, 32, 0, 1, 0, 1, 0),
   (517791, 180733, 974, -4492.24, 6465.79, 31.6434, 5.98648, 0, 0, 0, 1, 1, 32, 0, 2, 0, 1, 0),
   (517792, 180726, 974, -4482.63, 6500.52, 37.9616, 5.95157, 0, 0, 0, 1, 1, 32, 0, 2, 0, 1, 0),
   (517793, 180735, 974, -4487.85, 6491.03, 33.1126, 5.42798, 0, 0, 0, 1, 1, 32, 0, 2, 0, 1, 0),
   (517794, 180726, 974, -4149.61, 6323.87, 39.8507, 1.13446, 0, 0, 0, 1, 1, 32, 0, 2, 0, 1, 0),
   (517795, 180728, 974, -4169.41, 6419.68, 68.0678, 5.23599, 0, 0, 0, 1, 1, 32, 0, 1, 0, 1, 0),
   (517796, 180733, 974, -4519.77, 6403.69, 43.1206, 5.86431, 0, 0, 0, 1, 1, 32, 0, 2, 0, 1, 0),
   (517797, 209287, 974, -4192.26, 6373.75, 13.1167, 0, 0, 0, 0, 1, 1, 4, 0, 0.9, 0, 1, 0),
   (517798, 180727, 974, -4476.76, 6482.15, 29.8048, 5.79449, 0, 0, 0, 1, 1, 32, 0, 1, 0, 1, 0),
   (517799, 180734, 974, -4519.41, 6272.97, 51.5572, 0, 0, 0, 0, 1, 1, 32, 0, 1, 0, 1, 0),
   (517800, 180726, 974, -4531.12, 6310.38, 45.1551, 0, 0, 0, 0, 1, 1, 32, 0, 2, 0, 1, 0),
   (517801, 180740, 974, -4228.04, 6366.35, 48.0665, 5.21854, 0, 0, 0, 1, 1, 32, 0, 1, 0, 1, 0),
   (517802, 180733, 974, -4531.03, 6280.25, 54.6476, 0, 0, 0, 0, 1, 1, 32, 0, 2, 0, 1, 0),
   (517803, 180727, 974, -4488.78, 6481.73, 38.9686, 5.53269, 0, 0, 0, 1, 1, 32, 0, 1, 0, 1, 0),
   (517804, 180727, 974, -4133.4, 6252.52, 53.8934, 1.53589, 0, 0, 0, 1, 1, 32, 0, 1, 0, 1, 0),
   (517805, 180731, 974, -4146.92, 6406.8, 67.5933, 4.99164, 0, 0, 0, 1, 1, 32, 0, 2, 0, 1, 0),
   (517806, 180735, 974, -4220.52, 6290.68, 56.2118, 1.51844, 0, 0, 0, 1, 1, 32, 0, 2, 0, 1, 0),
   (517807, 180725, 974, -4519.25, 6348.09, 52.1605, 5.91667, 0, 0, 0, 1, 1, 32, 0, 2, 0, 1, 0),
   (517808, 180740, 974, -4158.45, 6423.26, 58.8968, 5.74214, 0, 0, 0, 1, 1, 32, 0, 1, 0, 1, 0),
   (517809, 180725, 974, -4224.79, 6367.33, 42.3254, 5.44543, 0, 0, 0, 1, 1, 32, 0, 2, 0, 1, 0),
   (517810, 180726, 974, -4169.41, 6419.68, 68.0678, 5.23599, 0, 0, 0, 1, 1, 32, 0, 2, 0, 1, 0),
   (517811, 180735, 974, -4503.62, 6465.65, 44.3478, 6.02139, 0, 0, 0, 1, 1, 32, 0, 2, 0, 1, 0),
   (517812, 209287, 974, -4188.23, 6261.12, 13.1167, 0, 0, 0, 0, 1, 1, 4, 0, 0.9, 0, 1, 0),
   (517813, 180726, 974, -4056.38, 6244.72, 59.0023, 1.53589, 0, 0, 0, 1, 1, 32, 0, 2, 0, 1, 0),
   (517814, 180724, 974, -4519.41, 6272.97, 51.5572, 0, 0, 0, 0, 1, 1, 32, 0, 1, 0, 1, 0),
   (517815, 180725, 974, -4493.34, 6473.99, 35.7746, 5.65487, 0, 0, 0, 1, 1, 32, 0, 2, 0, 1, 0),
   (517816, 180734, 974, -4467.15, 6501.41, 36.9703, 5.95157, 0, 0, 0, 1, 1, 32, 0, 1, 0, 1, 0),
   (517817, 180734, 974, -4492.24, 6465.79, 31.6434, 5.98648, 0, 0, 0, 1, 1, 32, 0, 1, 0, 1, 0),
   (517818, 180735, 974, -4477.26, 6491.57, 31.0258, 5.68977, 0, 0, 0, 1, 1, 32, 0, 2, 0, 1, 0),
   (517819, 180726, 974, -4467.58, 6508.39, 45.1855, 5.86431, 0, 0, 0, 1, 1, 32, 0, 2, 0, 1, 0),
   (517820, 180725, 974, -4458.28, 6506.05, 35.9752, 5.21854, 0, 0, 0, 1, 1, 32, 0, 2, 0, 1, 0),
   (517821, 180734, 974, -4146.29, 6426.08, 68.8216, 5.74214, 0, 0, 0, 1, 1, 32, 0, 1, 0, 1, 0),
   (517822, 180724, 974, -4149.06, 6321.79, 37.9468, 0.575957, 0, 0, 0, 1, 1, 32, 0, 1, 0, 1, 0),
   (517823, 209287, 974, -4151.95, 6284.61, 13.1168, 0, 0, 0, 0, 1, 1, 4, 0, 0.9, 0, 1, 0),
   (517824, 180740, 974, -4029.15, 6355.71, 59.4579, 3.14159, 0, 0, 0, 1, 1, 32, 0, 1, 0, 1, 0),
   (517825, 180734, 974, -4149.06, 6321.79, 37.9468, 0.575957, 0, 0, 0, 1, 1, 32, 0, 1, 0, 1, 0),
   (517826, 180733, 974, -4074.21, 6378.33, 49.9692, 3.52557, 0, 0, 0, 1, 1, 32, 0, 2, 0, 1, 0),
   (517827, 180728, 974, -4029.15, 6355.71, 59.4579, 3.14159, 0, 0, 0, 1, 1, 32, 0, 1, 0, 1, 0),
   (517828, 180740, 974, -4146.72, 6318.32, 45.121, 1.13446, 0, 0, 0, 1, 1, 32, 0, 1, 0, 1, 0),
   (517829, 209275, 974, -4064.23, 6278.73, 13.169, 0, 0, 0, 0, 1, 1, 4, 0, 0.5, 0, 1, 0),
   (517830, 180736, 974, -4235.35, 6299.37, 59.2793, 0.471238, 0, 0, 0, 1, 1, 32, 0, 1, 0, 1, 0),
   (517831, 180731, 974, -4228.04, 6366.35, 48.0665, 5.21854, 0, 0, 0, 1, 1, 32, 0, 2, 0, 1, 0),
   (517832, 180730, 974, -4197.99, 6292.5, 75.3727, 0.715585, 0, 0, 0, 1, 1, 32, 0, 1, 0, 1, 0),
   (517833, 180725, 974, -4146.29, 6426.08, 68.8216, 5.74214, 0, 0, 0, 1, 1, 32, 0, 2, 0, 1, 0),
   (517834, 180734, 974, -4108.68, 6400.98, 81.9603, 4.24115, 0, 0, 0, 1, 1, 32, 0, 1, 0, 1, 0),
   (517835, 209274, 974, -4094.82, 6262.71, 13.1167, 1.55334, 0, 0, 0, 1, 1, 4, 0, 0.5, 0, 1, 0),
   (517836, 180736, 974, -4146.29, 6426.08, 68.8216, 5.74214, 0, 0, 0, 1, 1, 32, 0, 1, 0, 1, 0),
   (517837, 180734, 974, -4116.79, 6264.26, 53.8934, 1.13446, 0, 0, 0, 1, 1, 32, 0, 1, 0, 1, 0),
   (517838, 180724, 974, -4146.72, 6318.32, 45.121, 1.13446, 0, 0, 0, 1, 1, 32, 0, 1, 0, 1, 0),
   (517839, 209275, 974, -4102.39, 6318.08, 12.9033, 0, 0, 0, 0, 1, 1, 4, 0, 0.5, 0, 1, 0),
   (517840, 180733, 974, -4220.52, 6290.68, 56.2118, 1.51844, 0, 0, 0, 1, 1, 32, 0, 2, 0, 1, 0),
   (517841, 180725, 974, -4133.4, 6252.52, 53.8934, 1.53589, 0, 0, 0, 1, 1, 32, 0, 2, 0, 1, 0),
   (517842, 180734, 974, -4074.21, 6378.33, 49.9692, 3.52557, 0, 0, 0, 1, 1, 32, 0, 1, 0, 1, 0),
   (517843, 180727, 974, -4181.77, 6415.56, 58.8968, 4.86947, 0, 0, 0, 1, 1, 32, 0, 1, 0, 1, 0),
   (517844, 180735, 974, -4235.35, 6299.37, 59.2793, 0.471238, 0, 0, 0, 1, 1, 32, 0, 2, 0, 1, 0),
   (517845, 180733, 974, -4188.42, 6410.98, 63.6761, 5.5676, 0, 0, 0, 1, 1, 32, 0, 2, 0, 1, 0),
   (517846, 180735, 974, -4327.08, 6312.23, 50.9248, 0.837758, 0, 0, 0, 1, 1, 32, 0, 2, 0, 1, 0),
   (517847, 180734, 974, -4197.99, 6292.5, 75.3727, 0.715585, 0, 0, 0, 1, 1, 32, 0, 1, 0, 1, 0),
   (517848, 180740, 974, -4074.21, 6378.33, 49.9692, 3.52557, 0, 0, 0, 1, 1, 32, 0, 1, 0, 1, 0),
   (517849, 180740, 974, -4051.87, 6361.73, 74.6655, 2.26892, 0, 0, 0, 1, 1, 32, 0, 1, 0, 1, 0),
   (517850, 180726, 974, -4308.33, 6299.62, 50.9248, 0.0349062, 0, 0, 0, 1, 1, 32, 0, 2, 0, 1, 0),
   (517851, 180724, 974, -4197.99, 6292.5, 75.3727, 0.715585, 0, 0, 0, 1, 1, 32, 0, 1, 0, 1, 0),
   (517852, 180727, 974, -4224.79, 6367.33, 42.3254, 5.44543, 0, 0, 0, 1, 1, 32, 0, 1, 0, 1, 0),
   (517853, 180726, 974, -4220.52, 6290.68, 56.2118, 1.51844, 0, 0, 0, 1, 1, 32, 0, 2, 0, 1, 0),
   (517854, 180727, 974, -4086.59, 6247.51, 68.6752, 1.95477, 0, 0, 0, 1, 1, 32, 0, 1, 0, 1, 0),
   (517855, 180727, 974, -4116.79, 6264.26, 53.8934, 1.13446, 0, 0, 0, 1, 1, 32, 0, 1, 0, 1, 0),
   (517856, 180726, 974, -4146.72, 6318.32, 45.121, 1.13446, 0, 0, 0, 1, 1, 32, 0, 2, 0, 1, 0),
   (517857, 180734, 974, -4193.09, 6406.92, 59.2182, 5.5676, 0, 0, 0, 1, 1, 32, 0, 1, 0, 1, 0),
   (517858, 180740, 974, -4220.52, 6290.68, 56.2118, 1.51844, 0, 0, 0, 1, 1, 32, 0, 1, 0, 1, 0),
   (517859, 180735, 974, -4333.28, 6328.26, 50.6691, 6.07375, 0, 0, 0, 1, 1, 32, 0, 2, 0, 1, 0),
   (517860, 180728, 974, -4146.29, 6426.08, 68.8216, 5.74214, 0, 0, 0, 1, 1, 32, 0, 1, 0, 1, 0),
   (517861, 180734, 974, -4169.41, 6419.68, 68.0678, 5.23599, 0, 0, 0, 1, 1, 32, 0, 1, 0, 1, 0),
   (517862, 180727, 974, -4124.62, 6405.38, 61.2377, 4.71239, 0, 0, 0, 1, 1, 32, 0, 1, 0, 1, 0),
   (517863, 180740, 974, -4163.61, 6270.24, 62.7918, 1.20428, 0, 0, 0, 1, 1, 32, 0, 1, 0, 1, 0),
   (517864, 180727, 974, -4147.95, 6271.83, 73.3056, 1.36136, 0, 0, 0, 1, 1, 32, 0, 1, 0, 1, 0),
   (517865, 180727, 974, -4333.28, 6328.26, 50.6691, 6.07375, 0, 0, 0, 1, 1, 32, 0, 1, 0, 1, 0),
   (517866, 180730, 974, -4146.29, 6426.08, 68.8216, 5.74214, 0, 0, 0, 1, 1, 32, 0, 1, 0, 1, 0),
   (517867, 180734, 974, -4051.87, 6361.73, 74.6655, 2.26892, 0, 0, 0, 1, 1, 32, 0, 1, 0, 1, 0),
   (517868, 180740, 974, -4197.99, 6292.5, 75.3727, 0.715585, 0, 0, 0, 1, 1, 32, 0, 1, 0, 1, 0),
   (517869, 180724, 974, -4188.42, 6410.98, 63.6761, 5.5676, 0, 0, 0, 1, 1, 32, 0, 1, 0, 1, 0),
   (517870, 180736, 974, -4085.56, 6397.07, 56.9609, 3.87463, 0, 0, 0, 1, 1, 32, 0, 1, 0, 1, 0),
   (517871, 180731, 974, -4224.79, 6367.33, 42.3254, 5.44543, 0, 0, 0, 1, 1, 32, 0, 2, 0, 1, 0),
   (517872, 180734, 974, -4029.15, 6355.71, 59.4579, 3.14159, 0, 0, 0, 1, 1, 32, 0, 1, 0, 1, 0),
   (517873, 180726, 974, -4146.29, 6426.08, 68.8216, 5.74214, 0, 0, 0, 1, 1, 32, 0, 2, 0, 1, 0),
   (517874, 180733, 974, -4181.77, 6415.56, 58.8968, 4.86947, 0, 0, 0, 1, 1, 32, 0, 2, 0, 1, 0),
   (517875, 209274, 974, -4083.42, 6288.44, 13.1167, 0, 0, 0, 0, 1, 1, 4, 0, 0.5, 0, 1, 0),
   (517876, 180735, 974, -4228.04, 6366.35, 48.0665, 5.21854, 0, 0, 0, 1, 1, 32, 0, 2, 0, 1, 0),
   (517877, 180731, 974, -4133.4, 6252.52, 53.8934, 1.53589, 0, 0, 0, 1, 1, 32, 0, 2, 0, 1, 0),
   (517878, 180727, 974, -4051.87, 6361.73, 74.6655, 2.26892, 0, 0, 0, 1, 1, 32, 0, 1, 0, 1, 0),
   (517879, 180727, 974, -4146.92, 6406.8, 67.5933, 4.99164, 0, 0, 0, 1, 1, 32, 0, 1, 0, 1, 0),
   (517880, 180727, 974, -4146.29, 6426.08, 68.8216, 5.74214, 0, 0, 0, 1, 1, 32, 0, 1, 0, 1, 0),
   (517881, 180737, 974, -4235.35, 6299.37, 59.2793, 0.471238, 0, 0, 0, 1, 1, 32, 0, 2, 0, 1, 0),
   (517882, 180726, 974, -4188.42, 6410.98, 63.6761, 5.5676, 0, 0, 0, 1, 1, 32, 0, 2, 0, 1, 0),
   (517883, 180726, 974, -4085.56, 6397.07, 56.9609, 3.87463, 0, 0, 0, 1, 1, 32, 0, 2, 0, 1, 0),
   (517884, 180733, 974, -4169.41, 6419.68, 68.0678, 5.23599, 0, 0, 0, 1, 1, 32, 0, 2, 0, 1, 0),
   (517885, 180725, 974, -4051.87, 6361.73, 74.6655, 2.26892, 0, 0, 0, 1, 1, 32, 0, 2, 0, 1, 0),
   (517886, 180725, 974, -4146.92, 6406.8, 67.5933, 4.99164, 0, 0, 0, 1, 1, 32, 0, 2, 0, 1, 0),
   (517887, 180734, 974, -4149.61, 6323.87, 39.8507, 1.13446, 0, 0, 0, 1, 1, 32, 0, 1, 0, 1, 0),
   (517888, 180735, 974, -4188.42, 6410.98, 63.6761, 5.5676, 0, 0, 0, 1, 1, 32, 0, 2, 0, 1, 0),
   (517889, 180733, 974, -4108.68, 6400.98, 81.9603, 4.24115, 0, 0, 0, 1, 1, 32, 0, 2, 0, 1, 0),
   (517890, 180726, 974, -4124.62, 6405.38, 61.2377, 4.71239, 0, 0, 0, 1, 1, 32, 0, 2, 0, 1, 0),
   (517891, 180735, 974, -4051.87, 6361.73, 74.6655, 2.26892, 0, 0, 0, 1, 1, 32, 0, 2, 0, 1, 0),
   (517892, 180724, 974, -4147.95, 6271.83, 73.3056, 1.36136, 0, 0, 0, 1, 1, 32, 0, 1, 0, 1, 0),
   (517893, 180735, 974, -4085.56, 6397.07, 56.9609, 3.87463, 0, 0, 0, 1, 1, 32, 0, 2, 0, 1, 0),
   (517894, 180729, 974, -4193.09, 6406.92, 59.2182, 5.5676, 0, 0, 0, 1, 1, 32, 0, 2, 0, 1, 0),
   (517895, 180733, 974, -4308.33, 6299.62, 50.9248, 0.0349062, 0, 0, 0, 1, 1, 32, 0, 2, 0, 1, 0),
   (517896, 180726, 974, -4149.06, 6321.79, 37.9468, 0.575957, 0, 0, 0, 1, 1, 32, 0, 2, 0, 1, 0),
   (517897, 180735, 974, -4116.79, 6264.26, 53.8934, 1.13446, 0, 0, 0, 1, 1, 32, 0, 2, 0, 1, 0),
   (517898, 180735, 974, -4149.61, 6323.87, 39.8507, 1.13446, 0, 0, 0, 1, 1, 32, 0, 2, 0, 1, 0),
   (517899, 180724, 974, -4116.79, 6264.26, 53.8934, 1.13446, 0, 0, 0, 1, 1, 32, 0, 1, 0, 1, 0),
   (517900, 180740, 974, -4085.56, 6397.07, 56.9609, 3.87463, 0, 0, 0, 1, 1, 32, 0, 1, 0, 1, 0),
   (517901, 180734, 974, -4181.77, 6415.56, 58.8968, 4.86947, 0, 0, 0, 1, 1, 32, 0, 1, 0, 1, 0),
   (517902, 180724, 974, -4029.15, 6355.71, 59.4579, 3.14159, 0, 0, 0, 1, 1, 32, 0, 1, 0, 1, 0),
   (517903, 180733, 974, -4333.28, 6328.26, 50.6691, 6.07375, 0, 0, 0, 1, 1, 32, 0, 2, 0, 1, 0),
   (517904, 180724, 974, -4181.77, 6415.56, 58.8968, 4.86947, 0, 0, 0, 1, 1, 32, 0, 1, 0, 1, 0),
   (517905, 180725, 974, -4146.72, 6318.32, 45.121, 1.13446, 0, 0, 0, 1, 1, 32, 0, 2, 0, 1, 0),
   (517906, 180730, 974, -4235.35, 6299.37, 59.2793, 0.471238, 0, 0, 0, 1, 1, 32, 0, 1, 0, 1, 0),
   (517907, 180725, 974, -4158.45, 6423.26, 58.8968, 5.74214, 0, 0, 0, 1, 1, 32, 0, 2, 0, 1, 0),
   (517908, 180735, 974, -4146.72, 6318.32, 45.121, 1.13446, 0, 0, 0, 1, 1, 32, 0, 2, 0, 1, 0),
   (517909, 180727, 974, -4108.68, 6400.98, 81.9603, 4.24115, 0, 0, 0, 1, 1, 32, 0, 1, 0, 1, 0),
   (517910, 180726, 974, -4222.59, 6369.06, 54.4394, 4.62512, 0, 0, 0, 1, 1, 32, 0, 2, 0, 1, 0),
   (517911, 180740, 974, -4188.42, 6410.98, 63.6761, 5.5676, 0, 0, 0, 1, 1, 32, 0, 1, 0, 1, 0),
   (517912, 180724, 974, -4308.33, 6299.62, 50.9248, 0.0349062, 0, 0, 0, 1, 1, 32, 0, 1, 0, 1, 0),
   (517913, 180727, 974, -4220.52, 6290.68, 56.2118, 1.51844, 0, 0, 0, 1, 1, 32, 0, 1, 0, 1, 0),
   (517914, 180738, 974, -4124.62, 6405.38, 61.2377, 4.71239, 0, 0, 0, 1, 1, 32, 0, 1, 0, 1, 0),
   (517915, 180727, 974, -4197.99, 6292.5, 75.3727, 0.715585, 0, 0, 0, 1, 1, 32, 0, 1, 0, 1, 0),
   (517916, 180735, 974, -4308.33, 6299.62, 50.9248, 0.0349062, 0, 0, 0, 1, 1, 32, 0, 2, 0, 1, 0),
   (517917, 180735, 974, -4147.95, 6271.83, 73.3056, 1.36136, 0, 0, 0, 1, 1, 32, 0, 2, 0, 1, 0),
   (517918, 180724, 974, -4146.92, 6406.8, 67.5933, 4.99164, 0, 0, 0, 1, 1, 32, 0, 1, 0, 1, 0),
   (517919, 180726, 974, -4133.4, 6252.52, 53.8934, 1.53589, 0, 0, 0, 1, 1, 32, 0, 2, 0, 1, 0),
   (517920, 180740, 974, -4488.78, 6481.73, 38.9686, 5.53269, 0, 0, 0, 1, 1, 32, 0, 1, 0, 1, 0),
   (517921, 180726, 974, -4472.76, 6491.1, 36.1525, 5.65487, 0, 0, 0, 1, 1, 32, 0, 2, 0, 1, 0),
   (517922, 180724, 974, -4220.52, 6290.68, 56.2118, 1.51844, 0, 0, 0, 1, 1, 32, 0, 1, 0, 1, 0),
   (517923, 180725, 974, -4029.15, 6355.71, 59.4579, 3.14159, 0, 0, 0, 1, 1, 32, 0, 2, 0, 1, 0),
   (517924, 180726, 974, -4465.95, 6512.94, 39.878, 5.79449, 0, 0, 0, 1, 1, 32, 0, 2, 0, 1, 0),
   (517925, 180725, 974, -4149.06, 6321.79, 37.9468, 0.575957, 0, 0, 0, 1, 1, 32, 0, 2, 0, 1, 0),
   (517926, 180735, 974, -4488.78, 6481.73, 38.9686, 5.53269, 0, 0, 0, 1, 1, 32, 0, 2, 0, 1, 0),
   (517927, 180735, 974, -4482.63, 6500.52, 37.9616, 5.95157, 0, 0, 0, 1, 1, 32, 0, 2, 0, 1, 0),
   (517928, 209273, 974, -4158.66, 6206.84, 13.1167, 0, 0, 0, 0, 1, 1, 4, 0, 0.5, 0, 1, 0),
   (517929, 209284, 974, -4193.38, 6218.3, 13.1167, 4.60767, 0, 0, 0, 1, 1, 4, 0, 1, 0, 1, 0),
   (517930, 209274, 974, -4140.74, 6390.17, 13.0979, 2.44346, 0, 0, 0, 1, 1, 4, 0, 0.5, 0, 1, 0),
   (517931, 180734, 974, -4472.76, 6491.1, 36.1525, 5.65487, 0, 0, 0, 1, 1, 32, 0, 1, 0, 1, 0),
   (517932, 180726, 974, -4528.64, 6266.19, 31.9376, 5.91667, 0, 0, 0, 1, 1, 32, 0, 2, 0, 1, 0),
   (517933, 180724, 974, -4467.58, 6508.39, 45.1855, 5.86431, 0, 0, 0, 1, 1, 32, 0, 1, 0, 1, 0),
   (517934, 180733, 974, -4327.08, 6312.23, 50.9248, 0.837758, 0, 0, 0, 1, 1, 32, 0, 2, 0, 1, 0),
   (517935, 180735, 974, -4540.63, 6364.69, 44.9669, 0, 0, 0, 0, 1, 1, 32, 0, 2, 0, 1, 0),
   (517936, 180730, 974, -4467.15, 6501.41, 36.9703, 5.95157, 0, 0, 0, 1, 1, 32, 0, 1, 0, 1, 0),
   (517937, 180733, 974, -4531.12, 6310.38, 45.1551, 0, 0, 0, 0, 1, 1, 32, 0, 2, 0, 1, 0),
   (517938, 209273, 974, -4182.18, 6222.27, 13.1167, 0, 0, 0, 0, 1, 1, 4, 0, 0.5, 0, 1, 0),
   (517939, 209275, 974, -4128.62, 6257.54, 13.1167, 0, 0, 0, 0, 1, 1, 4, 0, 0.5, 0, 1, 0),
   (517940, 209273, 974, -4197.58, 6235.45, 13.1167, 0, 0, 0, 0, 1, 1, 4, 0, 0.5, 0, 1, 0),
   (517941, 209860, 974, -4201.52, 6238.4, 13.1167, 5.28835, 0, 0, 0, 1, 1, 0, 0, 1, 0, 1, 0),
   (517942, 209273, 974, -4179.22, 6255.38, 13.1167, 0, 0, 0, 0, 1, 1, 4, 0, 0.5, 0, 1, 0),
   (517943, 180727, 974, -4466.62, 6494.08, 33.7662, 5.5676, 0, 0, 0, 1, 1, 32, 0, 1, 0, 1, 0),
   (517944, 180733, 974, -4124.62, 6405.38, 61.2377, 4.71239, 0, 0, 0, 1, 1, 32, 0, 2, 0, 1, 0),
   (517945, 180733, 974, -4085.56, 6397.07, 56.9609, 3.87463, 0, 0, 0, 1, 1, 32, 0, 2, 0, 1, 0),
   (517946, 180740, 974, -4525.71, 6288.72, 48.1038, 0, 0, 0, 0, 1, 1, 32, 0, 1, 0, 1, 0),
   (517947, 180724, 974, -4492.24, 6465.79, 31.6434, 5.98648, 0, 0, 0, 1, 1, 32, 0, 1, 0, 1, 0),
   (517948, 180726, 974, -4074.21, 6378.33, 49.9692, 3.52557, 0, 0, 0, 1, 1, 32, 0, 2, 0, 1, 0),
   (517949, 180740, 974, -4116.79, 6264.26, 53.8934, 1.13446, 0, 0, 0, 1, 1, 32, 0, 1, 0, 1, 0),
   (517950, 180734, 974, -4235.35, 6299.37, 59.2793, 0.471238, 0, 0, 0, 1, 1, 32, 0, 1, 0, 1, 0),
   (517951, 180724, 974, -4477.26, 6491.57, 31.0258, 5.68977, 0, 0, 0, 1, 1, 32, 0, 1, 0, 1, 0),
   (517952, 180740, 974, -4308.33, 6299.62, 50.9248, 0.0349062, 0, 0, 0, 1, 1, 32, 0, 1, 0, 1, 0),
   (517953, 180734, 974, -4458.28, 6506.05, 35.9752, 5.21854, 0, 0, 0, 1, 1, 32, 0, 1, 0, 1, 0),
   (517954, 180731, 974, -4492.24, 6465.79, 31.6434, 5.98648, 0, 0, 0, 1, 1, 32, 0, 2, 0, 1, 0),
   (517955, 180735, 974, -4519.41, 6272.97, 51.5572, 0, 0, 0, 0, 1, 1, 32, 0, 2, 0, 1, 0),
   (517956, 180733, 974, -4493.34, 6473.99, 35.7746, 5.65487, 0, 0, 0, 1, 1, 32, 0, 2, 0, 1, 0),
   (517957, 180740, 974, -4472.76, 6491.1, 36.1525, 5.65487, 0, 0, 0, 1, 1, 32, 0, 1, 0, 1, 0),
   (517958, 180725, 974, -4181.77, 6415.56, 58.8968, 4.86947, 0, 0, 0, 1, 1, 32, 0, 2, 0, 1, 0),
   (517959, 180740, 974, -4525.63, 6384.03, 53.5779, 0, 0, 0, 0, 1, 1, 32, 0, 1, 0, 1, 0),
   (517960, 180735, 974, -4086.59, 6247.51, 68.6752, 1.95477, 0, 0, 0, 1, 1, 32, 0, 2, 0, 1, 0),
   (517961, 180734, 974, -4222.59, 6369.06, 54.4394, 4.62512, 0, 0, 0, 1, 1, 32, 0, 1, 0, 1, 0),
   (517962, 180738, 974, -4188.42, 6410.98, 63.6761, 5.5676, 0, 0, 0, 1, 1, 32, 0, 1, 0, 1, 0),
   (517963, 180733, 974, -4466.62, 6494.08, 33.7662, 5.5676, 0, 0, 0, 1, 1, 32, 0, 2, 0, 1, 0),
   (517964, 180725, 974, -4228.04, 6366.35, 48.0665, 5.21854, 0, 0, 0, 1, 1, 32, 0, 2, 0, 1, 0),
   (517965, 180727, 974, -4149.61, 6323.87, 39.8507, 1.13446, 0, 0, 0, 1, 1, 32, 0, 1, 0, 1, 0),
   (517966, 180724, 974, -4051.87, 6361.73, 74.6655, 2.26892, 0, 0, 0, 1, 1, 32, 0, 1, 0, 1, 0),
   (517967, 180725, 974, -4085.56, 6397.07, 56.9609, 3.87463, 0, 0, 0, 1, 1, 32, 0, 2, 0, 1, 0),
   (517968, 180735, 974, -4124.62, 6405.38, 61.2377, 4.71239, 0, 0, 0, 1, 1, 32, 0, 2, 0, 1, 0),
   (517969, 180726, 974, -4488.78, 6481.73, 38.9686, 5.53269, 0, 0, 0, 1, 1, 32, 0, 2, 0, 1, 0),
   (517970, 180727, 974, -4327.08, 6312.23, 50.9248, 0.837758, 0, 0, 0, 1, 1, 32, 0, 1, 0, 1, 0),
   (517971, 180738, 974, -4472.88, 6498.33, 40.7714, 6.02139, 0, 0, 0, 1, 1, 32, 0, 1, 0, 1, 0),
   (517972, 180724, 974, -4074.21, 6378.33, 49.9692, 3.52557, 0, 0, 0, 1, 1, 32, 0, 1, 0, 1, 0),
   (517973, 180733, 974, -4116.79, 6264.26, 53.8934, 1.13446, 0, 0, 0, 1, 1, 32, 0, 2, 0, 1, 0),
   (517974, 180729, 974, -4197.99, 6292.5, 75.3727, 0.715585, 0, 0, 0, 1, 1, 32, 0, 2, 0, 1, 0),
   (517975, 180725, 974, -4529.45, 6354.64, 55.1482, 0, 0, 0, 0, 1, 1, 32, 0, 2, 0, 1, 0),
   (517976, 180724, 974, -4333.28, 6328.26, 50.6691, 6.07375, 0, 0, 0, 1, 1, 32, 0, 1, 0, 1, 0),
   (517977, 180725, 974, -4308.33, 6299.62, 50.9248, 0.0349062, 0, 0, 0, 1, 1, 32, 0, 2, 0, 1, 0),
   (517978, 180726, 974, -4228.04, 6366.35, 48.0665, 5.21854, 0, 0, 0, 1, 1, 32, 0, 2, 0, 1, 0),
   (517979, 180735, 974, -4146.92, 6406.8, 67.5933, 4.99164, 0, 0, 0, 1, 1, 32, 0, 2, 0, 1, 0),
   (517980, 180724, 974, -4163.61, 6270.24, 62.7918, 1.20428, 0, 0, 0, 1, 1, 32, 0, 1, 0, 1, 0),
   (517981, 180740, 974, -4169.41, 6419.68, 68.0678, 5.23599, 0, 0, 0, 1, 1, 32, 0, 1, 0, 1, 0),
   (517982, 180726, 974, -4181.77, 6415.56, 58.8968, 4.86947, 0, 0, 0, 1, 1, 32, 0, 2, 0, 1, 0),
   (517983, 180724, 974, -4108.68, 6400.98, 81.9603, 4.24115, 0, 0, 0, 1, 1, 32, 0, 1, 0, 1, 0),
   (517984, 180725, 974, -4520.83, 6260.86, 37.8736, 0, 0, 0, 0, 1, 1, 32, 0, 2, 0, 1, 0),
   (517985, 180733, 974, -4149.06, 6321.79, 37.9468, 0.575957, 0, 0, 0, 1, 1, 32, 0, 2, 0, 1, 0),
   (517986, 180726, 974, -4116.79, 6264.26, 53.8934, 1.13446, 0, 0, 0, 1, 1, 32, 0, 2, 0, 1, 0),
   (517987, 180728, 974, -4467.58, 6508.39, 45.1855, 5.86431, 0, 0, 0, 1, 1, 32, 0, 1, 0, 1, 0),
   (517988, 180734, 974, -4163.61, 6270.24, 62.7918, 1.20428, 0, 0, 0, 1, 1, 32, 0, 1, 0, 1, 0),
   (517989, 180734, 974, -4146.92, 6406.8, 67.5933, 4.99164, 0, 0, 0, 1, 1, 32, 0, 1, 0, 1, 0),
   (517990, 180725, 974, -4056.38, 6244.72, 59.0023, 1.53589, 0, 0, 0, 1, 1, 32, 0, 2, 0, 1, 0),
   (517991, 180735, 974, -4529.45, 6354.64, 55.1482, 0, 0, 0, 0, 1, 1, 32, 0, 2, 0, 1, 0),
   (517992, 180726, 974, -4533.17, 6343.92, 50.1097, 0, 0, 0, 0, 1, 1, 32, 0, 2, 0, 1, 0),
   (517993, 180737, 974, -4472.88, 6498.33, 40.7714, 6.02139, 0, 0, 0, 1, 1, 32, 0, 2, 0, 1, 0),
   (517994, 180740, 974, -4193.09, 6406.92, 59.2182, 5.5676, 0, 0, 0, 1, 1, 32, 0, 1, 0, 1, 0),
   (517995, 180730, 974, -4492.24, 6465.79, 31.6434, 5.98648, 0, 0, 0, 1, 1, 32, 0, 1, 0, 1, 0),
   (517996, 180734, 974, -4056.38, 6244.72, 59.0023, 1.53589, 0, 0, 0, 1, 1, 32, 0, 1, 0, 1, 0),
   (517997, 180725, 974, -4503.62, 6465.65, 44.3478, 6.02139, 0, 0, 0, 1, 1, 32, 0, 2, 0, 1, 0),
   (517998, 180735, 974, -4169.41, 6419.68, 68.0678, 5.23599, 0, 0, 0, 1, 1, 32, 0, 2, 0, 1, 0),
   (517999, 180727, 974, -4222.59, 6369.06, 54.4394, 4.62512, 0, 0, 0, 1, 1, 32, 0, 1, 0, 1, 0),
   (518000, 180741, 974, -4526.68, 6363.64, 44.7062, 0, 0, 0, 0, 1, 1, 32, 0, 2, 0, 1, 0),
   (518001, 180726, 974, -4224.79, 6367.33, 42.3254, 5.44543, 0, 0, 0, 1, 1, 32, 0, 2, 0, 1, 0),
   (518002, 180725, 974, -4149.61, 6323.87, 39.8507, 1.13446, 0, 0, 0, 1, 1, 32, 0, 2, 0, 1, 0),
   (518003, 180728, 974, -4487.85, 6491.03, 33.1126, 5.42798, 0, 0, 0, 1, 1, 32, 0, 1, 0, 1, 0),
   (518004, 180725, 974, -4473.32, 6507.6, 30.3042, 5.89921, 0, 0, 0, 1, 1, 32, 0, 2, 0, 1, 0),
   (518005, 180740, 974, -4493.34, 6473.99, 35.7746, 5.65487, 0, 0, 0, 1, 1, 32, 0, 1, 0, 1, 0),
   (518006, 180741, 974, -4526.99, 6345.6, 35.3168, 0, 0, 0, 0, 1, 1, 32, 0, 2, 0, 1, 0),
   (518007, 180733, 974, -4146.72, 6318.32, 45.121, 1.13446, 0, 0, 0, 1, 1, 32, 0, 2, 0, 1, 0),
   (518008, 180740, 974, -4529.45, 6354.64, 55.1482, 0, 0, 0, 0, 1, 1, 32, 0, 1, 0, 1, 0),
   (518009, 180725, 974, -4476.76, 6482.15, 29.8048, 5.79449, 0, 0, 0, 1, 1, 32, 0, 2, 0, 1, 0),
   (518010, 180733, 974, -4540.63, 6364.69, 44.9669, 0, 0, 0, 0, 1, 1, 32, 0, 2, 0, 1, 0),
   (518011, 180740, 974, -4492.24, 6465.79, 31.6434, 5.98648, 0, 0, 0, 1, 1, 32, 0, 1, 0, 1, 0),
   (518012, 180725, 974, -4531.03, 6280.25, 54.6476, 0, 0, 0, 0, 1, 1, 32, 0, 2, 0, 1, 0),
   (518013, 180726, 974, -4051.87, 6361.73, 74.6655, 2.26892, 0, 0, 0, 1, 1, 32, 0, 2, 0, 1, 0),
   (518014, 180731, 974, -4516.62, 6356.82, 35.7247, 5.42798, 0, 0, 0, 1, 1, 32, 0, 2, 0, 1, 0),
   (518015, 180725, 974, -4528.64, 6266.19, 31.9376, 5.91667, 0, 0, 0, 1, 1, 32, 0, 2, 0, 1, 0),
   (518016, 180735, 974, -4466.62, 6494.08, 33.7662, 5.5676, 0, 0, 0, 1, 1, 32, 0, 2, 0, 1, 0),
   (518017, 180734, 974, -4086.59, 6247.51, 68.6752, 1.95477, 0, 0, 0, 1, 1, 32, 0, 1, 0, 1, 0),
   (518018, 180735, 974, -4531.12, 6310.38, 45.1551, 0, 0, 0, 0, 1, 1, 32, 0, 2, 0, 1, 0),
   (518019, 180733, 974, -4197.99, 6292.5, 75.3727, 0.715585, 0, 0, 0, 1, 1, 32, 0, 2, 0, 1, 0),
   (518020, 180726, 974, -4487.85, 6491.03, 33.1126, 5.42798, 0, 0, 0, 1, 1, 32, 0, 2, 0, 1, 0),
   (518021, 180726, 974, -4519.41, 6272.97, 51.5572, 0, 0, 0, 0, 1, 1, 32, 0, 2, 0, 1, 0),
   (518022, 180735, 974, -4493.34, 6473.99, 35.7746, 5.65487, 0, 0, 0, 1, 1, 32, 0, 2, 0, 1, 0),
   (518023, 180735, 974, -4158.45, 6423.26, 58.8968, 5.74214, 0, 0, 0, 1, 1, 32, 0, 2, 0, 1, 0),
   (518024, 180725, 974, -4116.79, 6264.26, 53.8934, 1.13446, 0, 0, 0, 1, 1, 32, 0, 2, 0, 1, 0),
   (518025, 180740, 974, -4467.58, 6508.39, 45.1855, 5.86431, 0, 0, 0, 1, 1, 32, 0, 1, 0, 1, 0),
   (518026, 180727, 974, -4146.72, 6318.32, 45.121, 1.13446, 0, 0, 0, 1, 1, 32, 0, 1, 0, 1, 0),
   (518027, 180737, 974, -4517.16, 6368.27, 39.4316, 5.23599, 0, 0, 0, 1, 1, 32, 0, 2, 0, 1, 0),
   (518028, 180724, 974, -4525.63, 6384.03, 53.5779, 0, 0, 0, 0, 1, 1, 32, 0, 1, 0, 1, 0),
   (518029, 180726, 974, -4466.62, 6494.08, 33.7662, 5.5676, 0, 0, 0, 1, 1, 32, 0, 2, 0, 1, 0),
   (518030, 180726, 974, -4544.65, 6334.98, 52.1605, 5.91667, 0, 0, 0, 1, 1, 32, 0, 2, 0, 1, 0),
   (518031, 180726, 974, -4541.89, 6325.75, 41.7596, 5.91667, 0, 0, 0, 1, 1, 32, 0, 2, 0, 1, 0),
   (518032, 180735, 974, -4472.76, 6491.1, 36.1525, 5.65487, 0, 0, 0, 1, 1, 32, 0, 2, 0, 1, 0),
   (518033, 180729, 974, -4517.73, 6338.35, 34.5586, 0, 0, 0, 0, 1, 1, 32, 0, 2, 0, 1, 0),
   (518034, 180735, 974, -4149.06, 6321.79, 37.9468, 0.575957, 0, 0, 0, 1, 1, 32, 0, 2, 0, 1, 0),
   (518035, 180731, 974, -4197.99, 6292.5, 75.3727, 0.715585, 0, 0, 0, 1, 1, 32, 0, 2, 0, 1, 0),
   (518036, 180727, 974, -4085.56, 6397.07, 56.9609, 3.87463, 0, 0, 0, 1, 1, 32, 0, 1, 0, 1, 0),
   (518037, 180733, 974, -4133.4, 6252.52, 53.8934, 1.53589, 0, 0, 0, 1, 1, 32, 0, 2, 0, 1, 0),
   (518038, 180725, 974, -4525.71, 6288.72, 48.1038, 0, 0, 0, 0, 1, 1, 32, 0, 2, 0, 1, 0),
   (518039, 180733, 974, -4222.59, 6369.06, 54.4394, 4.62512, 0, 0, 0, 1, 1, 32, 0, 2, 0, 1, 0),
   (518040, 180734, 974, -4503.62, 6465.65, 44.3478, 6.02139, 0, 0, 0, 1, 1, 32, 0, 1, 0, 1, 0),
   (518041, 180733, 974, -4520.3, 6292.53, 40.4214, 5.96903, 0, 0, 0, 1, 1, 32, 0, 2, 0, 1, 0),
   (518042, 180727, 974, -4492.24, 6465.79, 31.6434, 5.98648, 0, 0, 0, 1, 1, 32, 0, 1, 0, 1, 0),
   (518043, 180725, 974, -4466.62, 6494.08, 33.7662, 5.5676, 0, 0, 0, 1, 1, 32, 0, 2, 0, 1, 0),
   (518044, 180733, 974, -4524.67, 6316.6, 48.7323, 0, 0, 0, 0, 1, 1, 32, 0, 2, 0, 1, 0),
   (518045, 180724, 974, -4085.56, 6397.07, 56.9609, 3.87463, 0, 0, 0, 1, 1, 32, 0, 1, 0, 1, 0),
   (518046, 180741, 974, -4520.3, 6292.53, 40.4214, 5.96903, 0, 0, 0, 1, 1, 32, 0, 2, 0, 1, 0),
   (518047, 180735, 974, -4074.21, 6378.33, 49.9692, 3.52557, 0, 0, 0, 1, 1, 32, 0, 2, 0, 1, 0),
   (518048, 180726, 974, -4147.95, 6271.83, 73.3056, 1.36136, 0, 0, 0, 1, 1, 32, 0, 2, 0, 1, 0),
   (518049, 180726, 974, -4235.35, 6299.37, 59.2793, 0.471238, 0, 0, 0, 1, 1, 32, 0, 2, 0, 1, 0),
   (518050, 180733, 974, -4525.63, 6384.03, 53.5779, 0, 0, 0, 0, 1, 1, 32, 0, 2, 0, 1, 0),
   (518051, 180733, 974, -4086.59, 6247.51, 68.6752, 1.95477, 0, 0, 0, 1, 1, 32, 0, 2, 0, 1, 0),
   (518052, 180733, 974, -4458.28, 6506.05, 35.9752, 5.21854, 0, 0, 0, 1, 1, 32, 0, 2, 0, 1, 0),
   (518053, 180735, 974, -4056.38, 6244.72, 59.0023, 1.53589, 0, 0, 0, 1, 1, 32, 0, 2, 0, 1, 0),
   (518054, 180734, 974, -4467.58, 6508.39, 45.1855, 5.86431, 0, 0, 0, 1, 1, 32, 0, 1, 0, 1, 0),
   (518055, 180735, 974, -4224.79, 6367.33, 42.3254, 5.44543, 0, 0, 0, 1, 1, 32, 0, 2, 0, 1, 0),
   (518056, 180724, 974, -4473.32, 6507.6, 30.3042, 5.89921, 0, 0, 0, 1, 1, 32, 0, 1, 0, 1, 0),
   (518057, 180724, 974, -4476.76, 6482.15, 29.8048, 5.79449, 0, 0, 0, 1, 1, 32, 0, 1, 0, 1, 0),
   (518058, 180733, 974, -4158.45, 6423.26, 58.8968, 5.74214, 0, 0, 0, 1, 1, 32, 0, 2, 0, 1, 0),
   (518059, 180735, 974, -4525.71, 6288.72, 48.1038, 0, 0, 0, 0, 1, 1, 32, 0, 2, 0, 1, 0),
   (518060, 209620, 974, -4299.35, 6438.88, 15.3994, 4.69494, 0, 0, 0, 1, 1, 0, 0, 1, 0, 1, 0),
   (518061, 180733, 974, -4526.68, 6363.64, 44.7062, 0, 0, 0, 0, 1, 1, 32, 0, 2, 0, 1, 0),
   (518062, 180735, 974, -4163.61, 6270.24, 62.7918, 1.20428, 0, 0, 0, 1, 1, 32, 0, 2, 0, 1, 0),
   (518063, 180726, 974, -4534.14, 6296.77, 43.5847, 5.91667, 0, 0, 0, 1, 1, 32, 0, 2, 0, 1, 0),
   (518064, 180735, 974, -4527.65, 6332.33, 40.1272, 5.07891, 0, 0, 0, 1, 1, 32, 0, 2, 0, 1, 0),
   (518065, 180725, 974, -4540.63, 6364.69, 44.9669, 0, 0, 0, 0, 1, 1, 32, 0, 2, 0, 1, 0),
   (518066, 180727, 974, -4308.33, 6299.62, 50.9248, 0.0349062, 0, 0, 0, 1, 1, 32, 0, 1, 0, 1, 0),
   (518067, 180733, 974, -4147.95, 6271.83, 73.3056, 1.36136, 0, 0, 0, 1, 1, 32, 0, 2, 0, 1, 0),
   (518068, 180724, 974, -4529.45, 6354.64, 55.1482, 0, 0, 0, 0, 1, 1, 32, 0, 1, 0, 1, 0),
   (518069, 180735, 974, -4465.95, 6512.94, 39.878, 5.79449, 0, 0, 0, 1, 1, 32, 0, 2, 0, 1, 0),
   (518070, 180734, 974, -4473.32, 6507.6, 30.3042, 5.89921, 0, 0, 0, 1, 1, 32, 0, 1, 0, 1, 0),
   (518071, 180735, 974, -4537.7, 6400.11, 36.5094, 5.96903, 0, 0, 0, 1, 1, 32, 0, 2, 0, 1, 0),
   (518072, 180725, 974, -4541.89, 6325.75, 41.7596, 5.91667, 0, 0, 0, 1, 1, 32, 0, 2, 0, 1, 0),
   (518073, 180726, 974, -4476.76, 6482.15, 29.8048, 5.79449, 0, 0, 0, 1, 1, 32, 0, 2, 0, 1, 0),
   (518074, 180725, 974, -4519.77, 6403.69, 43.1206, 5.86431, 0, 0, 0, 1, 1, 32, 0, 2, 0, 1, 0),
   (518075, 180737, 974, -4147.95, 6271.83, 73.3056, 1.36136, 0, 0, 0, 1, 1, 32, 0, 2, 0, 1, 0),
   (518076, 180741, 974, -4524.67, 6316.6, 48.7323, 0, 0, 0, 0, 1, 1, 32, 0, 2, 0, 1, 0),
   (518077, 180740, 974, -4149.06, 6321.79, 37.9468, 0.575957, 0, 0, 0, 1, 1, 32, 0, 1, 0, 1, 0),
   (518078, 180725, 974, -4188.42, 6410.98, 63.6761, 5.5676, 0, 0, 0, 1, 1, 32, 0, 2, 0, 1, 0),
   (518079, 180739, 974, -4124.62, 6405.38, 61.2377, 4.71239, 0, 0, 0, 1, 1, 32, 0, 2, 0, 1, 0),
   (518080, 180735, 974, -4108.68, 6400.98, 81.9603, 4.24115, 0, 0, 0, 1, 1, 32, 0, 2, 0, 1, 0),
   (518081, 180735, 974, -4193.09, 6406.92, 59.2182, 5.5676, 0, 0, 0, 1, 1, 32, 0, 2, 0, 1, 0),
   (518082, 180735, 974, -4473.32, 6507.6, 30.3042, 5.89921, 0, 0, 0, 1, 1, 32, 0, 2, 0, 1, 0),
   (518083, 180727, 974, -4472.88, 6498.33, 40.7714, 6.02139, 0, 0, 0, 1, 1, 32, 0, 1, 0, 1, 0),
   (518084, 180725, 974, -4492.24, 6465.79, 31.6434, 5.98648, 0, 0, 0, 1, 1, 32, 0, 2, 0, 1, 0),
   (518085, 180726, 974, -4086.59, 6247.51, 68.6752, 1.95477, 0, 0, 0, 1, 1, 32, 0, 2, 0, 1, 0),
   (518086, 180724, 974, -4133.4, 6252.52, 53.8934, 1.53589, 0, 0, 0, 1, 1, 32, 0, 1, 0, 1, 0),
   (518087, 180726, 974, -4540.63, 6364.69, 44.9669, 0, 0, 0, 0, 1, 1, 32, 0, 2, 0, 1, 0),
   (518088, 180733, 974, -4514.63, 6318.62, 34.7368, 0, 0, 0, 0, 1, 1, 32, 0, 2, 0, 1, 0),
   (518089, 180735, 974, -4146.29, 6426.08, 68.8216, 5.74214, 0, 0, 0, 1, 1, 32, 0, 2, 0, 1, 0),
   (518090, 180725, 974, -4482.63, 6500.52, 37.9616, 5.95157, 0, 0, 0, 1, 1, 32, 0, 2, 0, 1, 0),
   (518091, 180733, 974, -4224.79, 6367.33, 42.3254, 5.44543, 0, 0, 0, 1, 1, 32, 0, 2, 0, 1, 0),
   (518092, 180740, 974, -4149.61, 6323.87, 39.8507, 1.13446, 0, 0, 0, 1, 1, 32, 0, 1, 0, 1, 0),
   (518093, 180728, 974, -4056.38, 6244.72, 59.0023, 1.53589, 0, 0, 0, 1, 1, 32, 0, 1, 0, 1, 0),
   (518094, 180733, 974, -4029.15, 6355.71, 59.4579, 3.14159, 0, 0, 0, 1, 1, 32, 0, 2, 0, 1, 0),
   (518095, 180726, 974, -4516.94, 6326.41, 29.2419, 0, 0, 0, 0, 1, 1, 32, 0, 2, 0, 1, 0),
   (518096, 180739, 974, -4522.57, 6306.03, 35.7247, 5.34071, 0, 0, 0, 1, 1, 32, 0, 2, 0, 1, 0),
   (518097, 180727, 974, -4533.17, 6343.92, 50.1097, 0, 0, 0, 0, 1, 1, 32, 0, 1, 0, 1, 0),
   (518098, 180735, 974, -4531.03, 6280.25, 54.6476, 0, 0, 0, 0, 1, 1, 32, 0, 2, 0, 1, 0),
   (518099, 186312, 974, -4381.95, 6397.23, 13.0635, 4.31097, 0, 0, 0, 1, 1, 0, 0, 1, 0, 1, 0),
   (518100, 209282, 974, -4394.48, 6406.64, 13.0861, 1.3439, 0, 0, 0, 1, 1, 0, 0, 0.7, 0, 1, 0),
   (518101, 209283, 974, -4394.48, 6406.64, 13.0861, 1.3439, 0, 0, 0, 1, 1, 4, 0, 0.4, 0, 1, 0),
   (518102, 210175, 974, -4447.76, 6327.07, 13.2646, 0, 0, 0, 0, 1, 1, 0, 1732, 1, 0, 1, 0),
   (518103, 179965, 974, -3996.44, 6230.96, 13.1236, 0.733038, 0, 0, 0, 1, 1, 32, 0, 1, 0, 1, 0),
   (518104, 209282, 974, -4379.62, 6224, 13.1167, 5.39307, 0, 0, 0, 1, 1, 0, 0, 0.7, 0, 1, 0),
   (518105, 209283, 974, -4379.62, 6224, 13.1167, 5.39307, 0, 0, 0, 1, 1, 4, 0, 0.4, 0, 1, 0),
   (518106, 209282, 974, -4406.76, 6235.94, 14.0254, 3.05433, 0, 0, 0, 1, 1, 0, 0, 0.7, 0, 1, 0),
   (518107, 209283, 974, -4406.76, 6235.94, 14.0254, 3.05433, 0, 0, 0, 1, 1, 4, 0, 0.4, 0, 1, 0),
   (518108, 209282, 974, -4392.82, 6278.39, 13.1167, 1.3439, 0, 0, 0, 1, 1, 0, 0, 0.7, 0, 1, 0),
   (518109, 209283, 974, -4392.82, 6278.39, 13.1167, 1.3439, 0, 0, 0, 1, 1, 4, 0, 0.4, 0, 1, 0),
   (518110, 209282, 974, -4404.42, 6293.9, 13.6774, 1.3439, 0, 0, 0, 1, 1, 0, 0, 0.7, 0, 1, 0),
   (518111, 209283, 974, -4404.42, 6293.9, 13.6774, 1.3439, 0, 0, 0, 1, 1, 4, 0, 0.4, 0, 1, 0),
   (518112, 209282, 974, -4425.95, 6362.93, 13.5045, 5.63741, 0, 0, 0, 1, 1, 0, 0, 0.7, 0, 1, 0),
   (518113, 209283, 974, -4425.95, 6362.93, 13.5045, 5.63741, 0, 0, 0, 1, 1, 4, 0, 0.4, 0, 1, 0),
   (518114, 209275, 974, -4364.79, 6235.29, 13.1167, 1.72787, 0, 0, 0, 1, 1, 4, 0, 0.5, 0, 1, 0),
   (518115, 209287, 974, -4356.74, 6224.88, 13.1168, 0, 0, 0, 0, 1, 1, 4, 0, 0.9, 0, 1, 0),
   (518116, 209274, 974, -4397.77, 6375.26, 13.054, 4.36332, 0, 0, 0, 1, 1, 4, 0, 0.5, 0, 1, 0),
   (518117, 209273, 974, -4378.06, 6408.37, 13.031, 0, 0, 0, 0, 1, 1, 4, 0, 0.5, 0, 1, 0),
   (518118, 209287, 974, -4388.01, 6389.95, 12.333, 0, 0, 0, 0, 1, 1, 4, 0, 0.9, 0, 1, 0),
   (518119, 209284, 974, -4392.24, 6368.82, 13.1122, 2.75761, 0, 0, 0, 1, 1, 4, 0, 1, 0, 1, 0),
   (518120, 209287, 974, -4394.72, 6354.89, 13.1516, 0, 0, 0, 0, 1, 1, 4, 0, 0.9, 0, 1, 0),
   (518121, 209284, 974, -4392.05, 6343.31, 12.9877, 1.67551, 0, 0, 0, 1, 1, 4, 0, 1, 0, 1, 0),
   (518122, 209273, 974, -4339.83, 6279.02, 13.1167, 0, 0, 0, 0, 1, 1, 4, 0, 0.5, 0, 1, 0),
   (518123, 209666, 974, -4346.54, 6228.12, 14.2669, 4.40696, 0, 0, 0, 1, 1, 0, 0, 2.65, 0, 1, 0),
   (518124, 209287, 974, -4355.66, 6237.12, 13.1168, 0, 0, 0, 0, 1, 1, 4, 0, 0.9, 0, 1, 0),
   (518125, 209282, 974, -4355.13, 6237.03, 13.1168, 3.4034, 0, 0, 0, 1, 1, 0, 0, 0.7, 0, 1, 0),
   (518126, 209283, 974, -4355.13, 6237.03, 13.1168, 3.4034, 0, 0, 0, 1, 1, 4, 0, 0.4, 0, 1, 0),
   (518127, 209284, 974, -4385.82, 6290.83, 13.1167, 0.523598, 0, 0, 0, 1, 1, 4, 0, 1, 0, 1, 0),
   (518128, 209667, 974, -4338.71, 6227.98, 14.2669, 1.81514, 0, 0, 0, 1, 1, 0, 0, 2.65, 0, 1, 0),
   (518129, 209859, 974, -4212.79, 6241.4, 12.7931, 3.58666, 0, 0, 0, 1, 1, 0, 0, 1.48, 0, 1, 0),
   (518130, 209858, 974, -4210.91, 6244.99, 13.1036, 2.71399, 0, 0, 0, 1, 1, 0, 0, 1, 0, 1, 0),
   (518131, 209274, 974, -4374.49, 6272.29, 13.1167, 2.23402, 0, 0, 0, 1, 1, 4, 0, 0.5, 0, 1, 0),
   (518132, 209275, 974, -4233.15, 6229.72, 13.5224, 0, 0, 0, 0, 1, 1, 4, 0, 0.5, 0, 1, 0),
   (518133, 209287, 974, -4308.98, 6221.3, 14.5894, 0, 0, 0, 0, 1, 1, 4, 0, 0.9, 0, 1, 0),
   (518134, 209282, 974, -4230.42, 6249.02, 13.2672, 2.89724, 0, 0, 0, 1, 1, 0, 0, 0.7, 0, 1, 0),
   (518135, 209283, 974, -4230.42, 6249.02, 13.2672, 2.89724, 0, 0, 0, 1, 1, 4, 0, 0.4, 0, 1, 0),
   (518136, 209282, 974, -4326.65, 6243.16, 13.1168, 3.47321, 0, 0, 0, 1, 1, 0, 0, 0.7, 0, 1, 0),
   (518137, 209283, 974, -4326.65, 6243.16, 13.1168, 3.47321, 0, 0, 0, 1, 1, 4, 0, 0.4, 0, 1, 0),
   (518138, 209287, 974, -4369.45, 6305.19, 13.1167, 0, 0, 0, 0, 1, 1, 4, 0, 0.9, 0, 1, 0),
   (518139, 209283, 974, -4377.15, 6370.89, 13.0846, 2.80997, 0, 0, 0, 1, 1, 4, 0, 0.4, 0, 1, 0),
   (518140, 209282, 974, -4377.15, 6370.89, 13.0846, 2.80997, 0, 0, 0, 1, 1, 0, 0, 0.7, 0, 1, 0),
   (518141, 209284, 974, -4323.92, 6269.21, 13.1167, 0.523598, 0, 0, 0, 1, 1, 4, 0, 1, 0, 1, 0),
   (518142, 209284, 974, -4367.68, 6315.4, 13.0967, 3.83973, 0, 0, 0, 1, 1, 4, 0, 1, 0, 1, 0),
   (518143, 209273, 974, -4374.67, 6340.13, 11.7205, 4.46804, 0, 0, 0, 1, 1, 4, 0, 0.5, 0, 1, 0),
   (518144, 209282, 974, -4355.46, 6407.23, 13.1821, 5.06146, 0, 0, 0, 1, 1, 0, 0, 0.7, 0, 1, 0),
   (518145, 209283, 974, -4355.46, 6407.23, 13.1821, 5.06146, 0, 0, 0, 1, 1, 4, 0, 0.4, 0, 1, 0),
   (518146, 209287, 974, -4359.52, 6400.31, 11.5955, 2.33874, 0, 0, 0, 1, 1, 4, 0, 0.9, 0, 1, 0),
   (518147, 209668, 974, -4350.78, 6302.6, 14.2669, 5.044, 0, 0, 0, 1, 1, 0, 0, 2.65, 0, 1, 0),
   (518148, 209275, 974, -4209.93, 6435.67, 13.1167, 0, 0, 0, 0, 1, 1, 4, 0, 0.5, 0, 1, 0),
   (518149, 209284, 974, -4312.19, 6266.83, 13.1167, 0.733038, 0, 0, 0, 1, 1, 4, 0, 1, 0, 1, 0),
   (518150, 209284, 974, -4350.57, 6382.6, 13.1167, 2.75761, 0, 0, 0, 1, 1, 4, 0, 1, 0, 1, 0),
   (518151, 209287, 974, -4357.58, 6375.01, 13.1113, 0, 0, 0, 0, 1, 1, 4, 0, 0.9, 0, 1, 0),
   (518152, 209273, 974, -4348.15, 6314.28, 13.1167, 4.45059, 0, 0, 0, 1, 1, 4, 0, 0.5, 0, 1, 0),
   (518153, 209287, 974, -4328.73, 6296.54, 13.1167, 0, 0, 0, 0, 1, 1, 4, 0, 0.9, 0, 1, 0),
   (518154, 209284, 974, -4244.31, 6265.02, 13.1168, 1.93731, 0, 0, 0, 1, 1, 4, 0, 1, 0, 1, 0),
   (518155, 209287, 974, -4343.42, 6408.91, 17.0163, 0.628317, 0, 0, 0, 1, 1, 4, 0, 0.9, 0, 1, 0),
   (518156, 209273, 974, -4340.04, 6410.02, 17.0163, 0, 0, 0, 0, 1, 1, 4, 0, 0.5, 0, 1, 0),
   (518157, 209287, 974, -4348.22, 6393.19, 13.106, 2.79252, 0, 0, 0, 1, 1, 4, 0, 0.9, 0, 1, 0),
   (518158, 209284, 974, -4332.98, 6386.23, 13.1167, 2.75761, 0, 0, 0, 1, 1, 4, 0, 1, 0, 1, 0),
   (518159, 209282, 974, -4257.57, 6276.14, 13.1521, 1.91986, 0, 0, 0, 1, 1, 0, 0, 0.7, 0, 1, 0),
   (518160, 209283, 974, -4257.57, 6276.14, 13.1521, 1.91986, 0, 0, 0, 1, 1, 4, 0, 0.4, 0, 1, 0),
   (518161, 209284, 974, -4308.51, 6309.03, 13.1167, 5.84685, 0, 0, 0, 1, 1, 4, 0, 1, 0, 1, 0),
   (518162, 209287, 974, -4267.58, 6281.71, 13.2722, 1.20428, 0, 0, 0, 1, 1, 4, 0, 0.9, 0, 1, 0),
   (518163, 209287, 974, -4256.52, 6464.42, 17.0163, 3.4383, 0, 0, 0, 1, 1, 4, 0, 0.9, 0, 1, 0),
   (518164, 209284, 974, -4286.13, 6437.47, 13.1597, 2.75761, 0, 0, 0, 1, 1, 4, 0, 1, 0, 1, 0),
   (518165, 210107, 974, -4300.85, 6402.79, 16.5559, 3.11539, 0, 0, 0.999914, 0.0130897, 1, 0, 0, 1, 0, 1, 0),
   (518166, 209284, 974, -4259.58, 6279.29, 13.2281, 1.46608, 0, 0, 0, 1, 1, 4, 0, 1, 0, 1, 0),
   (518167, 209287, 974, -4286.11, 6302.51, 13.1649, 3.05433, 0, 0, 0, 1, 1, 4, 0, 0.9, 0, 1, 0),
   (518168, 209274, 974, -4304.55, 6316.9, 13.1167, 0, 0, 0, 0, 1, 1, 4, 0, 0.5, 0, 1, 0),
   (518169, 210173, 974, -4291.35, 6318.27, 14.3023, 3.47962, 0, 0, -0.985751, 0.16821, 0, 0, 0, 2.65, 0, 1, 0),
   (518170, 209284, 974, -4257.69, 6295.21, 13.9766, 5.98648, 0, 0, 0, 1, 1, 4, 0, 1, 0, 1, 0),
   (518171, 209274, 974, -4254.51, 6295.48, 13.3368, 0, 0, 0, 0, 1, 1, 4, 0, 0.5, 0, 1, 0),
   (518172, 209287, 974, -4294.59, 6355.03, 11.1153, 5.5676, 0, 0, 0, 1, 1, 4, 0, 0.9, 0, 1, 0),
   (518173, 209287, 974, -4276.06, 6310.8, 13.9552, 0.488691, 0, 0, 0, 1, 1, 4, 0, 0.9, 0, 1, 0),
   (518174, 209284, 974, -4251.71, 6421.85, 13.1167, 2.75761, 0, 0, 0, 1, 1, 4, 0, 1, 0, 1, 0),
   (518175, 209282, 974, -4265.06, 6421.59, 16.4836, 5.28835, 0, 0, 0, 1, 1, 0, 0, 0.7, 0, 1, 0),
   (518176, 209283, 974, -4265.06, 6421.59, 16.4836, 5.28835, 0, 0, 0, 1, 1, 4, 0, 0.4, 0, 1, 0),
   (518177, 209287, 974, -4250.42, 6310.91, 13.1159, 3.73501, 0, 0, 0, 1, 1, 4, 0, 0.9, 0, 1, 0),
   (518178, 209282, 974, -4255.95, 6305.24, 13.4993, 2.89724, 0, 0, 0, 1, 1, 0, 0, 0.7, 0, 1, 0),
   (518179, 209283, 974, -4255.95, 6305.24, 13.4993, 2.89724, 0, 0, 0, 1, 1, 4, 0, 0.4, 0, 1, 0),
   (518180, 209273, 974, -4259.19, 6392.1, 13.1167, 0, 0, 0, 0, 1, 1, 4, 0, 0.5, 0, 1, 0),
   (518181, 210171, 974, -4239.29, 6310.28, 14.9665, 2.26012, 0, 0, -0.904438, -0.426606, 0, 0, 0, 1.4, 0, 1, 0),
   (518182, 180726, 974, -4280.79, 6247.96, 61.2803, 0, 0, 0, 0, 1, 1, 32, 0, 2, 0, 1, 0),
   (518183, 209284, 974, -4256.47, 6365.05, 13.1167, 4.57276, 0, 0, 0, 1, 1, 4, 0, 1, 0, 1, 0),
   (518184, 209287, 974, -4252.28, 6395.88, 13.1167, 3.15906, 0, 0, 0, 1, 1, 4, 0, 0.9, 0, 1, 0),
   (518185, 209284, 974, -4235.7, 6430.18, 13.1167, 2.75761, 0, 0, 0, 1, 1, 4, 0, 1, 0, 1, 0),
   (518186, 209287, 974, -4230.88, 6429.79, 13.1167, 0, 0, 0, 0, 1, 1, 4, 0, 0.9, 0, 1, 0),
   (518187, 209282, 974, -4244.52, 6394.48, 13.1167, 1.3439, 0, 0, 0, 1, 1, 0, 0, 0.7, 0, 1, 0),
   (518188, 209283, 974, -4244.52, 6394.48, 13.1167, 1.3439, 0, 0, 0, 1, 1, 4, 0, 0.4, 0, 1, 0),
   (518189, 209284, 974, -4243.57, 6397.99, 13.1167, 2.75761, 0, 0, 0, 1, 1, 4, 0, 1, 0, 1, 0),
   (518190, 209284, 974, -4227.09, 6431.13, 13.1167, 2.75761, 0, 0, 0, 1, 1, 4, 0, 1, 0, 1, 0),
   (518191, 209283, 974, -4237.18, 6367.39, 13.3197, 5.53269, 0, 0, 0, 1, 1, 4, 0, 0.4, 0, 1, 0),
   (518192, 209282, 974, -4237.18, 6367.39, 13.3197, 5.53269, 0, 0, 0, 1, 1, 0, 0, 0.7, 0, 1, 0),
   (518193, 209282, 974, -4223.27, 6422.03, 13.1167, 4.06662, 0, 0, 0, 1, 1, 0, 0, 0.7, 0, 1, 0),
   (518194, 209283, 974, -4223.27, 6422.03, 13.1167, 4.06662, 0, 0, 0, 1, 1, 4, 0, 0.4, 0, 1, 0),
   (518195, 209287, 974, -4235.44, 6387.19, 13.1167, 0, 0, 0, 0, 1, 1, 4, 0, 0.9, 0, 1, 0),
   (518196, 209287, 974, -4219.65, 6424.43, 13.1167, 3.78737, 0, 0, 0, 1, 1, 4, 0, 0.9, 0, 1, 0),
   (518197, 209274, 974, -4209.93, 6435.67, 13.1167, 0, 0, 0, 0, 1, 1, 4, 0, 0.5, 0, 1, 0),
   (518198, 209282, 974, -4222.1, 6392.3, 13.1167, 4.17134, 0, 0, 0, 1, 1, 0, 0, 0.7, 0, 1, 0),
   (518199, 209283, 974, -4222.1, 6392.3, 13.1167, 4.17134, 0, 0, 0, 1, 1, 4, 0, 0.4, 0, 1, 0),
   (518200, 209274, 974, -4137.01, 6448.16, 14.7419, 0, 0, 0, 0, 1, 1, 4, 0, 0.5, 0, 1, 0),
   (518201, 209287, 974, -4222.5, 6379.57, 13.1204, 0, 0, 0, 0, 1, 1, 4, 0, 0.9, 0, 1, 0),
   (518202, 209282, 974, -4227.46, 6322.55, 13.1374, 5.13127, 0, 0, 0, 1, 1, 0, 0, 0.7, 0, 1, 0),
   (518203, 209283, 974, -4227.46, 6322.55, 13.1374, 5.13127, 0, 0, 0, 1, 1, 4, 0, 0.4, 0, 1, 0),
   (518204, 209287, 974, -4212.47, 6384.16, 13.1167, 2.82743, 0, 0, 0, 1, 1, 4, 0, 0.9, 0, 1, 0),
   (518205, 209284, 974, -4194, 6256, 13.1167, 4.52041, 0, 0, 0, 1, 1, 4, 0, 1, 0, 1, 0),
   (518206, 209287, 974, -4205.48, 6321.38, 13.5855, 0, 0, 0, 0, 1, 1, 4, 0, 0.9, 0, 1, 0),
   (518207, 209283, 974, -4189.77, 6383.91, 13.1167, 5.63741, 0, 0, 0, 1, 1, 4, 0, 0.4, 0, 1, 0),
   (518208, 209282, 974, -4189.77, 6383.91, 13.1167, 5.63741, 0, 0, 0, 1, 1, 0, 0, 0.7, 0, 1, 0),
   (518209, 209287, 974, -4179.94, 6387, 13.1167, 0, 0, 0, 0, 1, 1, 4, 0, 0.9, 0, 1, 0),
   (518210, 209274, 974, -4192.93, 6321.57, 13.1348, 0, 0, 0, 0, 1, 1, 4, 0, 0.5, 0, 1, 0),
   (518211, 209273, 974, -4180.4, 6384.39, 13.1167, 0.890117, 0, 0, 0, 1, 1, 4, 0, 0.5, 0, 1, 0),
   (518212, 210172, 974, -4168.88, 6393.86, 15.0233, 5.04224, 0, 0, -0.581418, 0.813605, 0, 0, 0, 1.4, 0, 1, 0),
   (518213, 209273, 974, -4105.58, 6410.98, 13.1168, 2.67035, 0, 0, 0, 1, 1, 4, 0, 0.5, 0, 1, 0),
   (518214, 209287, 974, -4139.07, 6401.95, 13.1167, 0, 0, 0, 0, 1, 1, 4, 0, 0.9, 0, 1, 0),
   (518215, 209275, 974, -4140.74, 6390.17, 13.0979, 2.44346, 0, 0, 0, 1, 1, 4, 0, 0.5, 0, 1, 0),
   (518216, 209282, 974, -4139.26, 6393.17, 13.1167, 4.36332, 0, 0, 0, 1, 1, 0, 0, 0.7, 0, 1, 0),
   (518217, 209283, 974, -4139.26, 6393.17, 13.1167, 4.36332, 0, 0, 0, 1, 1, 4, 0, 0.4, 0, 1, 0),
   (518218, 209287, 974, -4155.61, 6384.62, 13.1167, 0, 0, 0, 0, 1, 1, 4, 0, 0.9, 0, 1, 0),
   (518219, 209819, 974, -4147.76, 6390.69, 13.1167, 1.90241, 0, 0, 0, 1, 1, 0, 0, 1, 0, 1, 0),
   (518220, 209818, 974, -4142.94, 6388.35, 12.7109, 2.53945, 0, 0, 0, 1, 1, 0, 0, 1.48, 0, 1, 0),
   (518221, 209820, 974, -4142.32, 6385.79, 12.4233, 5.87303, 0, 0, 0, 1, 1, 0, 0, 1.69, 0, 1, 0),
   (518222, 209287, 974, -4107.44, 6403.47, 13.1167, 0, 0, 0, 0, 1, 1, 4, 0, 0.9, 0, 1, 0),
   (518223, 180524, 974, -4103.35, 6402.52, 13.1168, 5.07891, 0, 0, 0, 1, 1, 0, 35, 1, 0, 1, 0),
   (518224, 209287, 974, -4134.18, 6384.31, 13.1167, 0, 0, 0, 0, 1, 1, 4, 0, 0.9, 0, 1, 0),
   (518225, 209284, 974, -4134.75, 6381.67, 13.1582, 2.75761, 0, 0, 0, 1, 1, 4, 0, 1, 0, 1, 0),
   (518226, 180524, 974, -4089.61, 6402.74, 13.1167, 4.25861, 0, 0, 0, 1, 1, 0, 35, 1, 0, 1, 0),
   (518227, 209284, 974, -4115.92, 6392.35, 13.1286, 2.75761, 0, 0, 0, 1, 1, 4, 0, 1, 0, 1, 0),
   (518228, 209284, 974, -4081.77, 6402.03, 13.1167, 2.75761, 0, 0, 0, 1, 1, 4, 0, 1, 0, 1, 0),
   (518229, 180524, 974, -4112.68, 6391.57, 13.1167, 5.91667, 0, 0, 0, 1, 1, 0, 35, 1, 0, 1, 0),
   (518230, 180735, 974, -4280.79, 6247.96, 61.2803, 0, 0, 0, 0, 1, 1, 32, 0, 2, 0, 1, 0),
   (518231, 209284, 974, -4186.3, 6302.19, 13.1168, 4.55531, 0, 0, 0, 1, 1, 4, 0, 1, 0, 1, 0),
   (518232, 209282, 974, -4183.15, 6288.07, 13.1168, 2.89724, 0, 0, 0, 1, 1, 0, 0, 0.7, 0, 1, 0),
   (518233, 209283, 974, -4183.15, 6288.07, 13.1168, 2.89724, 0, 0, 0, 1, 1, 4, 0, 0.4, 0, 1, 0),
   (518234, 209275, 974, -4179.22, 6255.38, 13.1167, 0, 0, 0, 0, 1, 1, 4, 0, 0.5, 0, 1, 0),
   (518235, 209282, 974, -4183.08, 6243.69, 13.1167, 0.366518, 0, 0, 0, 1, 1, 0, 0, 0.7, 0, 1, 0),
   (518236, 209283, 974, -4183.08, 6243.69, 13.1167, 0.366518, 0, 0, 0, 1, 1, 4, 0, 0.4, 0, 1, 0),
   (518237, 209282, 974, -4184.69, 6248.69, 13.1167, 4.52041, 0, 0, 0, 1, 1, 0, 0, 0.7, 0, 1, 0),
   (518238, 209283, 974, -4184.69, 6248.69, 13.1167, 4.52041, 0, 0, 0, 1, 1, 4, 0, 0.4, 0, 1, 0),
   (518239, 209287, 974, -4173.99, 6273.57, 13.1167, 0, 0, 0, 0, 1, 1, 4, 0, 0.9, 0, 1, 0),
   (518240, 209284, 974, -4170.12, 6320.92, 13.1167, 6.16101, 0, 0, 0, 1, 1, 4, 0, 1, 0, 1, 0),
   (518241, 209274, 974, -4174.79, 6288.58, 13.1168, 0, 0, 0, 0, 1, 1, 4, 0, 0.5, 0, 1, 0),
   (518242, 209274, 974, -4166.99, 6326.62, 13.1168, 0, 0, 0, 0, 1, 1, 4, 0, 0.5, 0, 1, 0),
   (518243, 209282, 974, -4117.87, 6381.87, 13.1172, 4.34587, 0, 0, 0, 1, 1, 0, 0, 0.7, 0, 1, 0),
   (518244, 209283, 974, -4117.87, 6381.87, 13.1172, 4.34587, 0, 0, 0, 1, 1, 4, 0, 0.4, 0, 1, 0),
   (518245, 209284, 974, -4168.47, 6266.37, 13.1167, 6.14356, 0, 0, 0, 1, 1, 4, 0, 1, 0, 1, 0),
   (518246, 180524, 974, -4081.17, 6391.9, 13.1168, 3.38594, 0, 0, 0, 1, 1, 0, 35, 1, 0, 1, 0),
   (518247, 180524, 974, -4111.79, 6380.23, 13.1167, 0.645772, 0, 0, 0, 1, 1, 0, 35, 1, 0, 1, 0),
   (518248, 209287, 974, -4158.25, 6245.87, 13.1167, 0, 0, 0, 0, 1, 1, 4, 0, 0.9, 0, 1, 0),
   (518249, 209287, 974, -4077.1, 6389.08, 13.1167, 2.3911, 0, 0, 0, 1, 1, 4, 0, 0.9, 0, 1, 0),
   (518250, 209284, 974, -4109.18, 6373.63, 13.149, 2.75761, 0, 0, 0, 1, 1, 4, 0, 1, 0, 1, 0),
   (518251, 209282, 974, -4152.98, 6328.24, 13.1167, 0.261798, 0, 0, 0, 1, 1, 0, 0, 0.7, 0, 1, 0),
   (518252, 209283, 974, -4152.98, 6328.24, 13.1167, 0.261798, 0, 0, 0, 1, 1, 4, 0, 0.4, 0, 1, 0),
   (518253, 209282, 974, -4158.8, 6280.52, 13.1168, 2.05949, 0, 0, 0, 1, 1, 0, 0, 0.7, 0, 1, 0),
   (518254, 209283, 974, -4158.8, 6280.52, 13.1168, 2.05949, 0, 0, 0, 1, 1, 4, 0, 0.4, 0, 1, 0),
   (518255, 209286, 974, -4147.88, 6298.28, 13.1168, 3.75246, 0, 0, 0, 1, 1, 0, 0, 0.2, 0, 1, 0),
   (518256, 209286, 974, -4145.1, 6311.52, 13.1168, 5.89921, 0, 0, 0, 1, 1, 0, 0, 0.2, 0, 1, 0),
   (518257, 209286, 974, -4144.55, 6313.01, 13.1168, 2.70526, 0, 0, 0, 1, 1, 0, 0, 0.2, 0, 1, 0),
   (518258, 209287, 974, -4059.05, 6390.14, 13.1524, 0, 0, 0, 0, 1, 1, 4, 0, 0.9, 0, 1, 0),
   (518259, 209287, 974, -4020.69, 6388.21, 13.5417, 0, 0, 0, 0, 1, 1, 4, 0, 0.9, 0, 1, 0),
   (518260, 180524, 974, -4081.63, 6379.53, 13.1167, 2.67035, 0, 0, 0, 1, 1, 0, 35, 1, 0, 1, 0),
   (518261, 180524, 974, -4091.89, 6373.02, 13.1167, 1.74533, 0, 0, 0, 1, 1, 0, 35, 1, 0, 1, 0),
   (518262, 209283, 974, -4059.02, 6384.1, 13.1167, 5.98648, 0, 0, 0, 1, 1, 4, 0, 0.4, 0, 1, 0),
   (518263, 209282, 974, -4059.02, 6384.1, 13.1167, 5.98648, 0, 0, 0, 1, 1, 0, 0, 0.7, 0, 1, 0),
   (518264, 209286, 974, -4139.88, 6320.55, 13.1163, 1.83259, 0, 0, 0, 1, 1, 0, 0, 0.2, 0, 1, 0),
   (518265, 209282, 974, -4098.16, 6366.72, 13.2262, 1.93731, 0, 0, 0, 1, 1, 0, 0, 0.7, 0, 1, 0),
   (518266, 209283, 974, -4098.16, 6366.72, 13.2262, 1.93731, 0, 0, 0, 1, 1, 4, 0, 0.4, 0, 1, 0),
   (518267, 209275, 974, -4074.42, 6378.11, 13.1167, 0, 0, 0, 0, 1, 1, 4, 0, 0.5, 0, 1, 0),
   (518268, 210174, 974, -4129.84, 6333.04, 13.9309, 3.41324, 0, 0, -0.99079, 0.135408, 0, 0, 0, 2.65, 0, 1, 0),
   (518269, 209286, 974, -4142.56, 6303.79, 13.1168, 0.890117, 0, 0, 0, 1, 1, 0, 0, 0.2, 0, 1, 0),
   (518270, 209342, 974, -4130.93, 6324.45, 13.1168, 1.20428, 0, 0, 0, 1, 1, 0, 0, 1, 0, 1, 0),
   (518271, 209286, 974, -4139.69, 6296.86, 13.1168, 1.32645, 0, 0, 0, 1, 1, 0, 0, 0.2, 0, 1, 0),
   (518272, 209286, 974, -4143.27, 6293.81, 13.1168, 1.22173, 0, 0, 0, 1, 1, 0, 0, 0.2, 0, 1, 0),
   (518273, 209286, 974, -4138.16, 6296.62, 13.1168, 1.37881, 0, 0, 0, 1, 1, 0, 0, 0.2, 0, 1, 0),
   (518274, 209286, 974, -4139.31, 6311.67, 13.1168, 1.98967, 0, 0, 0, 1, 1, 0, 0, 0.2, 0, 1, 0),
   (518275, 209286, 974, -4137.75, 6312.28, 13.1168, 1.8675, 0, 0, 0, 1, 1, 0, 0, 0.2, 0, 1, 0),
   (518276, 209288, 974, -4405.97, 6436.71, 12.7967, 6.07375, 0, 0, 0, 1, 1, 36, 0, 0.5, 0, 1, 0),
   (518277, 209288, 974, -4403.04, 6361.65, 13.2972, 0.575957, 0, 0, 0, 1, 1, 36, 0, 0.5, 0, 1, 0),
   (518278, 209286, 974, -4135.46, 6307.27, 13.1168, 0.453785, 0, 0, 0, 1, 1, 0, 0, 0.2, 0, 1, 0),
   (518279, 209342, 974, -4128.74, 6323.53, 13.1168, 1.15192, 0, 0, 0, 1, 1, 0, 0, 1, 0, 1, 0),
   (518280, 209286, 974, -4135.43, 6300.38, 13.1168, 1.39626, 0, 0, 0, 1, 1, 0, 0, 0.2, 0, 1, 0),
   (518281, 209342, 974, -4126.57, 6322.48, 13.1168, 1.09956, 0, 0, 0, 1, 1, 0, 0, 1, 0, 1, 0),
   (518282, 209286, 974, -4133.63, 6300.31, 13.1168, 1.62316, 0, 0, 0, 1, 1, 0, 0, 0.2, 0, 1, 0),
   (518283, 209286, 974, -4126.33, 6319.01, 13.1168, 1.97222, 0, 0, 0, 1, 1, 0, 0, 0.2, 0, 1, 0),
   (518284, 209286, 974, -4131.23, 6303.43, 13.1168, 1.64061, 0, 0, 0, 1, 1, 0, 0, 0.2, 0, 1, 0),
   (518285, 209286, 974, -4127.88, 6310.82, 13.1168, 3.35105, 0, 0, 0, 1, 1, 0, 0, 0.2, 0, 1, 0),
   (518286, 209286, 974, -4127.12, 6309.48, 13.1168, 0.715585, 0, 0, 0, 1, 1, 0, 0, 0.2, 0, 1, 0),
   (518287, 209282, 974, -4120.7, 6323.33, 13.1473, 2.89724, 0, 0, 0, 1, 1, 0, 0, 0.7, 0, 1, 0),
   (518288, 209283, 974, -4120.7, 6323.33, 13.1473, 2.89724, 0, 0, 0, 1, 1, 4, 0, 0.4, 0, 1, 0),
   (518289, 209286, 974, -4129.94, 6296.07, 13.1168, 5.14872, 0, 0, 0, 1, 1, 0, 0, 0.2, 0, 1, 0),
   (518290, 209286, 974, -4127.04, 6303.09, 13.1168, 1.79769, 0, 0, 0, 1, 1, 0, 0, 0.2, 0, 1, 0),
   (518291, 209287, 974, -4121.72, 6231.19, 13.1167, 0, 0, 0, 0, 1, 1, 4, 0, 0.9, 0, 1, 0),
   (518292, 209273, 974, -4128.62, 6257.54, 13.1167, 0, 0, 0, 0, 1, 1, 4, 0, 0.5, 0, 1, 0),
   (518293, 209286, 974, -4125.76, 6303.63, 13.1168, 2.04204, 0, 0, 0, 1, 1, 0, 0, 0.2, 0, 1, 0),
   (518294, 209274, 974, -4081.42, 6363.96, 13.1167, 1.44862, 0, 0, 0, 1, 1, 4, 0, 0.5, 0, 1, 0),
   (518295, 209320, 974, -4121.34, 6301.19, 13.1168, 2.74016, 0, 0, 0, 1, 1, 0, 0, 0.06, 0, 1, 0),
   (518296, 209284, 974, -4074.48, 6360.86, 13.1167, 2.75761, 0, 0, 0, 1, 1, 4, 0, 1, 0, 1, 0),
   (518297, 209284, 974, -4121.53, 6282.98, 13.1167, 1.0821, 0, 0, 0, 1, 1, 4, 0, 1, 0, 1, 0),
   (518298, 209287, 974, -4070.59, 6360.95, 13.1167, 0, 0, 0, 0, 1, 1, 4, 0, 0.9, 0, 1, 0),
   (518299, 210166, 974, -4080.5, 6353.39, 14.046, 4.71593, 0, 0, -0.705852, 0.708359, 0, 0, 0, 2.65, 0, 1, 0),
   (518300, 209287, 974, -4117.37, 6294.85, 13.1167, 5.48033, 0, 0, 0, 1, 1, 4, 0, 0.9, 0, 1, 0),
   (518301, 209284, 974, -4110.48, 6310.49, 13.1168, 3.63029, 0, 0, 0, 1, 1, 4, 0, 1, 0, 1, 0),
   (518302, 209287, 974, -4107.42, 6309.36, 13.1168, 0, 0, 0, 0, 1, 1, 4, 0, 0.9, 0, 1, 0),
   (518303, 209273, 974, -4102.39, 6318.08, 12.9033, 0, 0, 0, 0, 1, 1, 4, 0, 0.5, 0, 1, 0),
   (518304, 209274, 974, -4063.53, 6350.42, 13.0826, 0.087266, 0, 0, 0, 1, 1, 4, 0, 0.5, 0, 1, 0),
   (518305, 209287, 974, -4106.37, 6289.97, 13.1167, 0, 0, 0, 0, 1, 1, 4, 0, 0.9, 0, 1, 0),
   (518306, 209282, 974, -4065.92, 6346.4, 13.1877, 1.3439, 0, 0, 0, 1, 1, 0, 0, 0.7, 0, 1, 0),
   (518307, 209283, 974, -4065.92, 6346.4, 13.1877, 1.3439, 0, 0, 0, 1, 1, 4, 0, 0.4, 0, 1, 0),
   (518308, 209284, 974, -3991.51, 6352.73, 13.1167, 2.75761, 0, 0, 0, 1, 1, 4, 0, 1, 0, 1, 0),
   (518309, 209287, 974, -4058.79, 6333.85, 12.1617, 2.68781, 0, 0, 0, 1, 1, 4, 0, 0.9, 0, 1, 0),
   (518310, 209288, 974, -4398.6, 6340.57, 12.8747, 0.139625, 0, 0, 0, 1, 1, 36, 0, 0.5, 0, 1, 0),
   (518311, 209288, 974, -4398.31, 6318.27, 13.0528, 0.174532, 0, 0, 0, 1, 1, 36, 0, 0.5, 0, 1, 0),
   (518312, 209288, 974, -4403.74, 6239.08, 13.2176, 0.139625, 0, 0, 0, 1, 1, 36, 0, 0.5, 0, 1, 0),
   (518313, 209288, 974, -4398.34, 6302.38, 12.8966, 0.139625, 0, 0, 0, 1, 1, 36, 0, 0.5, 0, 1, 0),
   (518314, 209288, 974, -4387.68, 6316.13, 13.0883, 1.65806, 0, 0, 0, 1, 1, 36, 0, 0.5, 0, 1, 0),
   (518315, 209287, 974, -4091.48, 6304.26, 13.1329, 0.418879, 0, 0, 0, 1, 1, 4, 0, 0.9, 0, 1, 0),
   (518316, 209274, 974, -4102.46, 6283.67, 13.1167, 0, 0, 0, 0, 1, 1, 4, 0, 0.5, 0, 1, 0),
   (518317, 209287, 974, -4109.55, 6259.97, 13.1168, 0, 0, 0, 0, 1, 1, 4, 0, 0.9, 0, 1, 0),
   (518318, 209284, 974, -4096.67, 6287.82, 13.1634, 1.85005, 0, 0, 0, 1, 1, 4, 0, 1, 0, 1, 0),
   (518319, 210170, 974, -4049.89, 6331.99, 13.5795, 3.82612, 0, 0, -0.941997, 0.33562, 0, 0, 0, 1.4, 0, 1, 0),
   (518320, 209273, 974, -4103.92, 6259.73, 13.1168, 0, 0, 0, 0, 1, 1, 4, 0, 0.5, 0, 1, 0),
   (518321, 209283, 974, -4102.44, 6249.55, 13.1168, 0.366518, 0, 0, 0, 1, 1, 4, 0, 0.4, 0, 1, 0),
   (518322, 209282, 974, -4102.44, 6249.55, 13.1168, 0.366518, 0, 0, 0, 1, 1, 0, 0, 0.7, 0, 1, 0),
   (518323, 209284, 974, -4098.13, 6246.74, 13.1167, 3.61284, 0, 0, 0, 1, 1, 4, 0, 1, 0, 1, 0),
   (518324, 209274, 974, -4098.35, 6234.37, 13.3911, 0, 0, 0, 0, 1, 1, 4, 0, 0.5, 0, 1, 0),
   (518325, 209273, 974, -4094.82, 6262.71, 13.1167, 1.55334, 0, 0, 0, 1, 1, 4, 0, 0.5, 0, 1, 0),
   (518326, 209273, 974, -4083.42, 6288.44, 13.1167, 0, 0, 0, 0, 1, 1, 4, 0, 0.5, 0, 1, 0),
   (518327, 209282, 974, -3999.33, 6331.44, 13.7367, 0.977383, 0, 0, 0, 1, 1, 0, 0, 0.7, 0, 1, 0),
   (518328, 209283, 974, -3999.33, 6331.44, 13.7367, 0.977383, 0, 0, 0, 1, 1, 4, 0, 0.4, 0, 1, 0),
   (518329, 209283, 974, -4072.66, 6298.4, 13.2322, 4.13643, 0, 0, 0, 1, 1, 4, 0, 0.4, 0, 1, 0),
   (518330, 209282, 974, -4072.66, 6298.4, 13.2322, 4.13643, 0, 0, 0, 1, 1, 0, 0, 0.7, 0, 1, 0),
   (518331, 209273, 974, -4041.67, 6319.58, 13.2814, 0, 0, 0, 0, 1, 1, 4, 0, 0.5, 0, 1, 0),
   (518332, 209287, 974, -4040.72, 6319.19, 13.3121, 0, 0, 0, 0, 1, 1, 4, 0, 0.9, 0, 1, 0),
   (518333, 209287, 974, -3991.79, 6325.79, 13.1167, 4.57276, 0, 0, 0, 1, 1, 4, 0, 0.9, 0, 1, 0),
   (518334, 209294, 974, -4076.24, 6286.19, 13.6138, 4.81711, 0, 0, 0, 1, 1, 0, 0, 0.1, 0, 1, 0),
   (518335, 209293, 974, -4076.3, 6284.58, 13.4896, 4.79966, 0, 0, 0, 1, 1, 0, 0, 0.6, 0, 1, 0),
   (518336, 209287, 974, -4080.6, 6273.23, 13.1167, 0, 0, 0, 0, 1, 1, 4, 0, 0.9, 0, 1, 0),
   (518337, 209295, 974, -4070.68, 6285.19, 13.1894, 2.40855, 0, 0, 0, 1, 1, 0, 0, 0.2, 0, 1, 0),
   (518338, 209288, 974, -4334.6, 6366.7, 13.1167, 4.81711, 0, 0, 0, 1, 1, 36, 0, 0.5, 0, 1, 0),
   (518339, 209284, 974, -4065.45, 6282.77, 13.1229, 5.23599, 0, 0, 0, 1, 1, 4, 0, 1, 0, 1, 0),
   (518340, 209273, 974, -4045.68, 6302.07, 10.0605, 0, 0, 0, 0, 1, 1, 4, 0, 0.5, 0, 1, 0),
   (518341, 209273, 974, -4064.23, 6278.73, 13.169, 0, 0, 0, 0, 1, 1, 4, 0, 0.5, 0, 1, 0),
   (518342, 209283, 974, -4021.69, 6315.61, 13.1167, 5.37562, 0, 0, 0, 1, 1, 4, 0, 0.4, 0, 1, 0),
   (518343, 209282, 974, -4021.69, 6315.61, 13.1167, 5.37562, 0, 0, 0, 1, 1, 0, 0, 0.7, 0, 1, 0),
   (518344, 209287, 974, -4055.91, 6279.58, 14.0377, 2.35619, 0, 0, 0, 1, 1, 4, 0, 0.9, 0, 1, 0),
   (518345, 209283, 974, -3982.49, 6322.12, 13.1167, 3.87463, 0, 0, 0, 1, 1, 4, 0, 0.4, 0, 1, 0),
   (518346, 209282, 974, -3982.49, 6322.12, 13.1167, 3.87463, 0, 0, 0, 1, 1, 0, 0, 0.7, 0, 1, 0),
   (518347, 209284, 974, -4016.27, 6309.67, 13.1167, 5.14872, 0, 0, 0, 1, 1, 4, 0, 1, 0, 1, 0),
   (518348, 209283, 974, -4052.48, 6275.2, 13.0967, 4.66003, 0, 0, 0, 1, 1, 4, 0, 0.4, 0, 1, 0),
   (518349, 209282, 974, -4052.48, 6275.2, 13.0967, 4.66003, 0, 0, 0, 1, 1, 0, 0, 0.7, 0, 1, 0),
   (518350, 209282, 974, -4006.28, 6311.5, 13.1167, 3.71755, 0, 0, 0, 1, 1, 0, 0, 0.7, 0, 1, 0),
   (518351, 209283, 974, -4006.28, 6311.5, 13.1167, 3.71755, 0, 0, 0, 1, 1, 4, 0, 0.4, 0, 1, 0),
   (518352, 209287, 974, -3991.86, 6310.54, 13.1167, 0, 0, 0, 0, 1, 1, 4, 0, 0.9, 0, 1, 0),
   (518353, 210169, 974, -4045.43, 6265.66, 13.3685, 0.888685, 0, 0, -0.429864, -0.902894, 0, 0, 0, 1.4, 0, 1, 0),
   (518354, 209275, 974, -4009.33, 6299.16, 13.1167, 0, 0, 0, 0, 1, 1, 4, 0, 0.5, 0, 1, 0),
   (518355, 210167, 974, -4023.12, 6290.03, 13.9257, 5.19518, 0, 0, -0.517563, 0.855645, 0, 0, 0, 2.65, 0, 1, 0),
   (518356, 209274, 974, -3981.55, 6305.53, 13.1167, 0, 0, 0, 0, 1, 1, 4, 0, 0.5, 0, 1, 0),
   (518357, 209287, 974, -3965.34, 6306.86, 13.1167, 0, 0, 0, 0, 1, 1, 4, 0, 0.9, 0, 1, 0),
   (518358, 209274, 974, -4035.66, 6267.56, 11.8081, 0, 0, 0, 0, 1, 1, 4, 0, 0.5, 0, 1, 0),
   (518359, 209287, 974, -4010.92, 6283.48, 13.6316, 1.27409, 0, 0, 0, 1, 1, 4, 0, 0.9, 0, 1, 0),
   (518360, 209284, 974, -4033, 6261.26, 12.9544, 0.541051, 0, 0, 0, 1, 1, 4, 0, 1, 0, 1, 0),
   (518361, 209283, 974, -3968.42, 6295.35, 13.1167, 5.20108, 0, 0, 0, 1, 1, 4, 0, 0.4, 0, 1, 0),
   (518362, 209282, 974, -3968.42, 6295.35, 13.1167, 5.20108, 0, 0, 0, 1, 1, 0, 0, 0.7, 0, 1, 0),
   (518363, 209283, 974, -4041.54, 6211.52, 13.1051, 2.89724, 0, 0, 0, 1, 1, 4, 0, 0.4, 0, 1, 0),
   (518364, 209282, 974, -4041.54, 6211.52, 13.1051, 2.89724, 0, 0, 0, 1, 1, 0, 0, 0.7, 0, 1, 0),
   (518365, 210168, 974, -4006.78, 6277.79, 14.2651, 5.05568, 0, 0, -0.575937, 0.817494, 0, 0, 0, 2.65, 0, 1, 0),
   (518366, 209283, 974, -4028.25, 6251.14, 13.1337, 5.42798, 0, 0, 0, 1, 1, 4, 0, 0.4, 0, 1, 0),
   (518367, 209282, 974, -4028.25, 6251.14, 13.1337, 5.42798, 0, 0, 0, 1, 1, 0, 0, 0.7, 0, 1, 0),
   (518368, 209274, 974, -4031.12, 6223.52, 13.1167, 0, 0, 0, 0, 1, 1, 4, 0, 0.5, 0, 1, 0),
   (518369, 209283, 974, -3993.83, 6273.95, 13.0644, 3.76991, 0, 0, 0, 1, 1, 4, 0, 0.4, 0, 1, 0),
   (518370, 209282, 974, -3993.83, 6273.95, 13.0644, 3.76991, 0, 0, 0, 1, 1, 0, 0, 0.7, 0, 1, 0),
   (518371, 209288, 974, -4267.45, 6360.64, 13.1519, 4.67748, 0, 0, 0, 1, 1, 36, 0, 0.5, 0, 1, 0),
   (518372, 209288, 974, -4295.69, 6314.76, 13.1167, 1.8675, 0, 0, 0, 1, 1, 36, 0, 0.5, 0, 1, 0),
   (518373, 209287, 974, -3968.03, 6280.07, 13.1168, 0, 0, 0, 0, 1, 1, 4, 0, 0.9, 0, 1, 0),
   (518374, 209273, 974, -3983.77, 6271.93, 13.1167, 3.68265, 0, 0, 0, 1, 1, 4, 0, 0.5, 0, 1, 0),
   (518375, 209284, 974, -3975.84, 6275.4, 13.1168, 3.45576, 0, 0, 0, 1, 1, 4, 0, 1, 0, 1, 0),
   (518376, 209273, 974, -3998.31, 6223.08, 13.1044, 0, 0, 0, 0, 1, 1, 4, 0, 0.5, 0, 1, 0),
   (518377, 209284, 974, -3976.29, 6260.57, 13.1168, 2.75761, 0, 0, 0, 1, 1, 4, 0, 1, 0, 1, 0),
   (518378, 209273, 974, -3999.18, 6240.47, 12.1855, 0.95993, 0, 0, 0, 1, 1, 4, 0, 0.5, 0, 1, 0),
   (518379, 209273, 974, -4022.24, 6230.8, 13.2332, 0, 0, 0, 0, 1, 1, 4, 0, 0.5, 0, 1, 0),
   (518380, 209282, 974, -4013.79, 6238.32, 13.1267, 0.226893, 0, 0, 0, 1, 1, 0, 0, 0.7, 0, 1, 0),
   (518381, 209283, 974, -4013.79, 6238.32, 13.1267, 0.226893, 0, 0, 0, 1, 1, 4, 0, 0.4, 0, 1, 0),
   (518382, 209284, 974, -4005.59, 6238.52, 13.1847, 2.63544, 0, 0, 0, 1, 1, 4, 0, 1, 0, 1, 0),
   (518383, 180729, 974, -4280.79, 6247.96, 61.2803, 0, 0, 0, 0, 1, 1, 32, 0, 2, 0, 1, 0),
   (518384, 209287, 974, -3976.23, 6246.11, 13.8203, 5.20108, 0, 0, 0, 1, 1, 4, 0, 0.9, 0, 1, 0),
   (518385, 209282, 974, -3959.71, 6244.51, 14.6822, 4.27606, 0, 0, 0, 1, 1, 0, 0, 0.7, 0, 1, 0),
   (518386, 209283, 974, -3959.71, 6244.51, 14.6822, 4.27606, 0, 0, 0, 1, 1, 4, 0, 0.4, 0, 1, 0),
   (518387, 209282, 974, -3968.46, 6258.21, 13.0756, 1.44862, 0, 0, 0, 1, 1, 0, 0, 0.7, 0, 1, 0),
   (518388, 209283, 974, -3968.46, 6258.21, 13.0756, 1.44862, 0, 0, 0, 1, 1, 4, 0, 0.4, 0, 1, 0),
   (518389, 209288, 974, -4224.73, 6364.83, 14.2377, 5.06146, 0, 0, 0, 1, 1, 36, 0, 0.5, 0, 1, 0),
   (518390, 209287, 974, -3947.83, 6254.98, 14.7937, 0, 0, 0, 0, 1, 1, 4, 0, 0.9, 0, 1, 0),
   (518391, 209767, 974, -3916, 6180.25, 54.7674, 1.23046, 0, 0, 0, 1, 1, 0, 0, 5.51, 0, 1, 0),
   (518392, 180733, 974, -4199.27, 6274.16, 43.235, 0.261798, 0, 0, 0, 1, 1, 32, 0, 2, 0, 1, 0),
   (518393, 209288, 974, -4143.69, 6334.58, 13.5557, 1.78023, 0, 0, 0, 1, 1, 36, 0, 0.5, 0, 1, 0),
   (518394, 180725, 974, -4111.1, 6281.71, 43.4595, 0, 0, 0, 0, 1, 1, 32, 0, 2, 0, 1, 0),
   (518395, 209288, 974, -4115.13, 6373.11, 13.7648, 4.67748, 0, 0, 0, 1, 1, 36, 0, 0.5, 0, 1, 0),
   (518396, 209766, 974, -3828.7, 6237.39, 89.8166, 2.52199, 0, 0, 0, 1, 1, 0, 0, 5.51, 0, 1, 0),
   (518397, 209765, 974, -3795.17, 6216.12, 96.5102, 1.213, 0, 0, 0, 1, 1, 0, 0, 5.51, 0, 1, 0),
   (518398, 209764, 974, -3775.77, 6236.07, 118.439, 1.42137, 0, 0, 0, 1, 1, 0, 0, 7.7, 0, 1, 0),
   (518399, 180726, 974, -4050.18, 6240.66, 64.5838, 0, 0, 0, 0, 1, 1, 32, 0, 2, 0, 1, 0),
   (518400, 180735, 974, -4049.27, 6260.36, 48.8318, 5.07891, 0, 0, 0, 1, 1, 32, 0, 2, 0, 1, 0),
   (518401, 180729, 974, -4056.88, 6282.83, 54.621, 0, 0, 0, 0, 1, 1, 32, 0, 2, 0, 1, 0),
   (518402, 209771, 974, -3768.79, 6298.55, 116.01, 2.56563, 0, 0, 0, 1, 1, 0, 0, 5.51, 0, 1, 0),
   (518403, 180733, 974, -4025.65, 6291.04, 65.1026, 0, 0, 0, 0, 1, 1, 32, 0, 2, 0, 1, 0),
   (518404, 180735, 974, -4037, 6311.08, 46.0511, 5.07891, 0, 0, 0, 1, 1, 32, 0, 2, 0, 1, 0),
   (518405, 180725, 974, -4030.94, 6270.2, 50.5471, 5.91667, 0, 0, 0, 1, 1, 32, 0, 2, 0, 1, 0),
   (518406, 209770, 974, -3732.54, 6274.99, 115.366, 1.0821, 0, 0, 0, 1, 1, 0, 0, 3.41, 0, 1, 0),
   (518407, 209288, 974, -3996.44, 6230.96, 12.9639, 0.733038, 0, 0, 0, 1, 1, 36, 0, 0.5, 0, 1, 0),
   (518408, 209288, 974, -3982.31, 6212.82, 19.2357, 5.55015, 0, 0, 0, 1, 1, 36, 0, 0.5, 0, 1, 0),
   (518409, 209288, 974, -3969.9, 6198.08, 25.4317, 0.087266, 0, 0, 0, 1, 1, 36, 0, 0.5, 0, 1, 0),
   (518410, 209288, 974, -3878.09, 6222.22, 63.588, 5.55015, 0, 0, 0, 1, 1, 36, 0, 0.5, 0, 1, 0),
   (518411, 209288, 974, -3797.24, 6263.43, 103.226, 6.00393, 0, 0, 0, 1, 1, 36, 0, 0.5, 0, 1, 0),
   (518412, 209769, 974, -3659.17, 6278.69, 118.315, 1.5708, 0, 0, 0, 1, 1, 0, 0, 9.32, 0, 1, 0),
   (518413, 209768, 974, -3638.47, 6325.21, 119.631, 2.35619, 0, 0, 0, 1, 1, 0, 0, 5.51, 0, 1, 0);

--
-- Update world_db_version
--
UPDATE `world_db_version` SET `LastUpdate` = '2016-11-11_01_darkmoonfaire_spawns' WHERE `LastUpdate` = '2016-11-07_01_recall';
