--
-- Delete wrong creature_names IceCrownCitadel
--
DELETE FROM `creature_names` WHERE `entry` IN(37011,14955,14956,14957,38061);
DELETE FROM `creature_names` WHERE `entry` IN(37098,14619,14620,14647,38418);
DELETE FROM `creature_names` WHERE `entry` IN(10242,10243,10244,36609,39120,39121,39122);
DELETE FROM `creature_names` WHERE `entry` IN(37901,10193,10194,10195,38600);
DELETE FROM `creature_names` WHERE `entry` IN(37038,14952,14953,14954,38063);
DELETE FROM `creature_names` WHERE `entry` IN(10248,10249,10250,37799,39284,39285,39286);
DELETE FROM `creature_names` WHERE `entry` IN(14937,14938,14939,37697,38604,38758,38759);
DELETE FROM `creature_names` WHERE `entry` IN(37132,10151,10152,10153,38132);
DELETE FROM `creature_names` WHERE `entry` IN(38125,10154,10155,10163,38130);
DELETE FROM `creature_names` WHERE `entry` IN(37127,10164,10165,10166,38126);
DELETE FROM `creature_names` WHERE `entry` IN(37134,10167,10168,10169,38131);
DELETE FROM `creature_names` WHERE `entry` IN(37133,10170,10171,10172,38133);

--
-- Delete wrong creature_proto IceCrownCitadel
--
DELETE FROM `creature_proto` WHERE `entry` IN(37011,14955,14956,14957,38061);
DELETE FROM `creature_proto` WHERE `entry` IN(37098,14619,14620,14647,38418);
DELETE FROM `creature_proto` WHERE `entry` IN(10242,10243,10244,36609,39120,39121,39122);
DELETE FROM `creature_proto` WHERE `entry` IN(37901,10193,10194,10195,38600);
DELETE FROM `creature_proto` WHERE `entry` IN(37038,14952,14953,14954,38063);
DELETE FROM `creature_proto` WHERE `entry` IN(10248,10249,10250,37799,39284,39285,39286);
DELETE FROM `creature_proto` WHERE `entry` IN(14937,14938,14939,37697,38604,38758,38759);
DELETE FROM `creature_proto` WHERE `entry` IN(37132,10151,10152,10153,38132);
DELETE FROM `creature_proto` WHERE `entry` IN(38125,10154,10155,10163,38130);
DELETE FROM `creature_proto` WHERE `entry` IN(37127,10164,10165,10166,38126);
DELETE FROM `creature_proto` WHERE `entry` IN(37134,10167,10168,10169,38131);
DELETE FROM `creature_proto` WHERE `entry` IN(37133,10170,10171,10172,38133);

--
-- Insert creature_names IceCrownCitadel
--
INSERT INTO `creature_names` (`entry`, `name`, `subname`, `info_str`, `flags1`, `type`, `family`, `rank`, `encounter`, `killcredit1`, `killcredit2`, `male_displayid`, `female_displayid`, `male_displayid2`, `female_displayid2`, `unknown_float1`, `unknown_float2`, `leader`, `questitem1`, `questitem2`, `questitem3`, `questitem4`, `questitem5`, `questitem6`, `waypointid`) VALUES
	(14955, 'The Damned (1)', '', '', 72, 6, 0, 1, 0, 37011, 0, 31092, 0, 0, 0, 38, 1, 0, 0, 0, 0, 0, 0, 0, 0),
	(14956, 'The Damned (2)', '', '', 72, 6, 0, 1, 0, 37011, 0, 31092, 0, 0, 0, 38, 1, 0, 0, 0, 0, 0, 0, 0, 0),
	(14957, 'The Damned (3)', '', '', 72, 6, 0, 1, 0, 37011, 0, 31092, 0, 0, 0, 38, 1, 0, 0, 0, 0, 0, 0, 0, 0),
	(37011, 'The Damned', '', '', 72, 6, 0, 1, 0, 0, 0, 31092, 0, 0, 0, 38, 1, 0, 0, 0, 0, 0, 0, 0, 0),
	(14619, 'Val\'kyr Herald (1)', '', '', 72, 6, 0, 1, 0, 37098, 0, 24991, 0, 0, 0, 220, 1, 0, 0, 0, 0, 0, 0, 0, 0),
	(14620, 'Val\'kyr Herald (2)', '', '', 72, 6, 0, 1, 0, 37098, 0, 24991, 0, 0, 0, 80, 1, 0, 0, 0, 0, 0, 0, 0, 0),
	(14647, 'Val\'kyr Herald (3)', '', '', 72, 6, 0, 1, 0, 37098, 0, 24991, 0, 0, 0, 220, 1, 0, 0, 0, 0, 0, 0, 0, 0),
	(37098, 'Val\'kyr Herald', '', '', 72, 6, 0, 1, 0, 0, 0, 24991, 0, 0, 0, 80, 1, 0, 0, 0, 0, 0, 0, 0, 0),
	(39120, 'Val\'kyr Shadowguard (1)', '', '', 32, 6, 0, 3, 0, 36609, 0, 25452, 0, 0, 0, 35.71, 500, 0, 0, 0, 0, 0, 0, 0, 0),
	(39121, 'Val\'kyr Shadowguard (2)', '', '', 32, 6, 0, 3, 0, 36609, 0, 25452, 0, 0, 0, 35.71, 500, 0, 0, 0, 0, 0, 0, 0, 0),
	(39122, 'Val\'kyr Shadowguard (3)', '', '', 32, 6, 0, 3, 0, 36609, 0, 25452, 0, 0, 0, 35.71, 500, 0, 0, 0, 0, 0, 0, 0, 0),
	(36609, 'Val\'kyr Shadowguard', '', '', 32, 6, 0, 3, 0, 0, 0, 25452, 0, 0, 0, 35.71, 500, 0, 0, 0, 0, 0, 0, 0, 0),
	(10193, 'Vampiric Fiend (1)', '', '', 0, 3, 0, 0, 0, 37901, 0, 19110, 0, 0, 0, 20, 1, 0, 0, 0, 0, 0, 0, 0, 0),
	(10194, 'Vampiric Fiend (2)', '', '', 0, 3, 0, 0, 0, 37901, 0, 19110, 0, 0, 0, 6, 1, 0, 0, 0, 0, 0, 0, 0, 0),
	(10195, 'Vampiric Fiend (3)', '', '', 0, 3, 0, 0, 0, 37901, 0, 19110, 0, 0, 0, 20, 1, 0, 0, 0, 0, 0, 0, 0, 0),
	(37901, 'Vampiric Fiend', '', '', 0, 3, 0, 0, 0, 0, 0, 19110, 0, 0, 0, 6, 1, 0, 0, 0, 0, 0, 0, 0, 0),
	(14952, 'Vengeful Fleshreaper (1)', '', '', 0, 6, 0, 1, 0, 37038, 0, 26577, 0, 0, 0, 12.5, 1, 0, 0, 0, 0, 0, 0, 0, 0),
	(14953, 'Vengeful Fleshreaper (2)', '', '', 0, 6, 0, 1, 0, 37038, 0, 26577, 0, 0, 0, 12.5, 1, 0, 0, 0, 0, 0, 0, 0, 0),
	(14954, 'Vengeful Fleshreaper (3)', '', '', 0, 6, 0, 1, 0, 37038, 0, 26577, 0, 0, 0, 12.5, 1, 0, 0, 0, 0, 0, 0, 0, 0),
	(37038, 'Vengeful Fleshreaper', '', '', 0, 6, 0, 1, 0, 0, 0, 26577, 0, 0, 0, 12.5, 1, 0, 0, 0, 0, 0, 0, 0, 151),
	(39284, 'Vile Spirit (1)', '', '', 4096, 6, 0, 1, 0, 37799, 0, 10701, 0, 0, 0, 15.87, 15, 0, 0, 0, 0, 0, 0, 0, 0),
	(39285, 'Vile Spirit (2)', '', '', 4096, 6, 0, 1, 0, 37799, 0, 10701, 0, 0, 0, 5.24, 15, 0, 0, 0, 0, 0, 0, 0, 0),
	(39286, 'Vile Spirit (3)', '', '', 4096, 6, 0, 1, 0, 37799, 0, 10701, 0, 0, 0, 15.87, 15, 0, 0, 0, 0, 0, 0, 0, 0),
	(37799, 'Vile Spirit', '', '', 4096, 6, 0, 1, 0, 0, 0, 10701, 0, 0, 0, 5.23809, 15, 0, 0, 0, 0, 0, 0, 0, 0),
	(38604, 'Volatile Ooze (1)', '', '', 72, 10, 0, 0, 0, 37697, 0, 30491, 0, 0, 0, 70, 1, 0, 0, 0, 0, 0, 0, 0, 0),
	(38758, 'Volatile Ooze (2)', '', '', 72, 10, 0, 0, 0, 37697, 0, 30491, 0, 0, 0, 70, 1, 0, 0, 0, 0, 0, 0, 0, 0),
	(38759, 'Volatile Ooze (3)', '', '', 72, 10, 0, 0, 0, 37697, 0, 30491, 0, 0, 0, 70, 1, 0, 0, 0, 0, 0, 0, 0, 0),
	(37697, 'Volatile Ooze', '', '', 72, 10, 0, 0, 0, 0, 0, 30491, 0, 0, 0, 70, 1, 0, 0, 0, 0, 0, 0, 0, 135),
	(37132, 'Ymirjar Battle-Maiden', '', '', 8, 7, 0, 1, 0, 0, 0, 27549, 0, 0, 0, 45, 1, 0, 0, 0, 0, 0, 0, 0, 0),
	(10154, 'Ymirjar Deathbringer (1)', '', '', 8, 7, 0, 1, 0, 38125, 0, 27548, 0, 0, 0, 140, 1, 0, 0, 0, 0, 0, 0, 0, 0),
	(10152, 'Ymirjar Battle-Maiden (2)', '', '', 8, 7, 0, 1, 0, 37132, 0, 27549, 0, 0, 0, 45, 1, 0, 0, 0, 0, 0, 0, 0, 0),
	(10153, 'Ymirjar Battle-Maiden (3)', '', '', 8, 7, 0, 1, 0, 37132, 0, 27549, 0, 0, 0, 150, 1, 0, 0, 0, 0, 0, 0, 0, 0),
	(10151, 'Ymirjar Battle-Maiden (1)', '', '', 8, 7, 0, 1, 0, 37132, 0, 27549, 0, 0, 0, 150, 1, 0, 0, 0, 0, 0, 0, 0, 0),
	(10155, 'Ymirjar Deathbringer (2)', '', '', 8, 7, 0, 1, 0, 38125, 0, 27548, 0, 0, 0, 45, 1, 0, 0, 0, 0, 0, 0, 0, 0),
	(10163, 'Ymirjar Deathbringer (3)', '', '', 8, 7, 0, 1, 0, 38125, 0, 27548, 0, 0, 0, 140, 1, 0, 0, 0, 0, 0, 0, 0, 0),
	(38125, 'Ymirjar Deathbringer', '', '', 8, 7, 0, 1, 0, 0, 0, 27548, 0, 0, 0, 45, 30, 0, 0, 0, 0, 0, 0, 0, 0),
	(10164, 'Ymirjar Frostbinder (1)', '', '', 8, 7, 0, 1, 0, 37127, 0, 27548, 0, 0, 0, 140, 1, 0, 0, 0, 0, 0, 0, 0, 0),
	(10165, 'Ymirjar Frostbinder (2)', '', '', 8, 7, 0, 1, 0, 37127, 0, 27548, 0, 0, 0, 45, 1, 0, 0, 0, 0, 0, 0, 0, 0),
	(10166, 'Ymirjar Frostbinder (3)', '', '', 8, 7, 0, 1, 0, 37127, 0, 27548, 0, 0, 0, 140, 1, 0, 0, 0, 0, 0, 0, 0, 0),
	(37127, 'Ymirjar Frostbinder', '', '', 8, 7, 0, 1, 0, 0, 0, 27548, 0, 0, 0, 45, 1, 0, 0, 0, 0, 0, 0, 0, 0),
	(10167, 'Ymirjar Huntress (1)', '', '', 8, 7, 0, 1, 0, 37134, 0, 25771, 0, 0, 0, 100, 1, 0, 0, 0, 0, 0, 0, 0, 0),
	(10168, 'Ymirjar Huntress (2)', '', '', 8, 7, 0, 1, 0, 37134, 0, 25771, 0, 0, 0, 35, 1, 0, 0, 0, 0, 0, 0, 0, 0),
	(10169, 'Ymirjar Huntress (3)', '', '', 8, 7, 0, 1, 0, 37134, 0, 25771, 0, 0, 0, 100, 1, 0, 0, 0, 0, 0, 0, 0, 0),
	(37134, 'Ymirjar Huntress', '', '', 8, 7, 0, 1, 0, 0, 0, 25771, 0, 0, 0, 35, 1, 0, 0, 0, 0, 0, 0, 0, 0),
	(10170, 'Ymirjar Warlord (1)', '', '', 8, 7, 0, 1, 0, 37133, 0, 26623, 0, 0, 0, 160, 1, 0, 0, 0, 0, 0, 0, 0, 0),
	(10171, 'Ymirjar Warlord (2)', '', '', 8, 7, 0, 1, 0, 37133, 0, 26623, 0, 0, 0, 50, 1, 0, 0, 0, 0, 0, 0, 0, 0),
	(10172, 'Ymirjar Warlord (3)', '', '', 8, 7, 0, 1, 0, 37133, 0, 26623, 0, 0, 0, 160, 1, 0, 0, 0, 0, 0, 0, 0, 0),
	(37133, 'Ymirjar Warlord', '', '', 8, 7, 0, 1, 0, 0, 0, 26623, 0, 0, 0, 50, 1, 0, 0, 0, 0, 0, 0, 0, 0);

--
-- Insert creature_proto IceCrownCitadel
--
INSERT INTO `creature_proto` (`entry`, `minlevel`, `maxlevel`, `faction`, `minhealth`, `maxhealth`, `mana`, `scale`, `npcflags`, `attacktime`, `attacktype`, `mindamage`, `maxdamage`, `can_ranged`, `rangedattacktime`, `rangedmindamage`, `rangedmaxdamage`, `respawntime`, `armor`, `resistance1`, `resistance2`, `resistance3`, `resistance4`, `resistance5`, `resistance6`, `combat_reach`, `bounding_radius`, `auras`, `boss`, `money`, `invisibility_type`, `walk_speed`, `run_speed`, `fly_speed`, `extra_a9_flags`, `spell1`, `spell2`, `spell3`, `spell4`, `spell5`, `spell6`, `spell7`, `spell8`, `spell_flags`, `modImmunities`, `isTrainingDummy`, `guardtype`, `summonguard`, `spelldataid`, `vehicleid`, `rooted`) VALUES
	(14955, 80, 80, 2209, 1575000, 1575000, 0, 1, 0, 2000, 0, 3165, 4395, 1, 2000, 690, 1018, 0, 9730, 0, 0, 0, 0, 0, 0, 0, 0, '', 0, 7652, 0, 2.5, 8, 14, 0, 0, 0, 0, 0, 0, 0, 0, 0, 0, 0, 0, 0, 0, 0, 0, 0),
	(14956, 80, 80, 2209, 478800, 478800, 0, 1, 0, 1000, 0, 1582.5, 2197.5, 1, 2000, 690, 1018, 0, 9729, 0, 0, 0, 0, 0, 0, 0, 0, '', 0, 7652, 0, 2.5, 8, 14, 0, 0, 0, 0, 0, 0, 0, 0, 0, 0, 0, 0, 0, 0, 0, 0, 0),
	(14957, 80, 80, 2209, 1575000, 1575000, 0, 1, 0, 2000, 0, 3165, 4395, 1, 2000, 690, 1018, 0, 9730, 0, 0, 0, 0, 0, 0, 0, 0, '', 0, 7652, 0, 2.5, 8, 14, 0, 0, 0, 0, 0, 0, 0, 0, 0, 0, 0, 0, 0, 0, 0, 0, 0),
	(37011, 80, 80, 2209, 478800, 478800, 0, 1, 0, 1000, 0, 1582.5, 2197.5, 1, 2000, 690, 1018, 0, 9729, 0, 0, 0, 0, 0, 0, 0, 0, '', 0, 7652, 0, 2.5, 8, 14, 0, 70960, 70961, 0, 0, 0, 0, 0, 0, 0, 4, 0, 0, 0, 0, 0, 0),
	(14619, 80, 80, 21, 2772000, 2772000, 0, 1, 0, 2000, 0, 3165, 4395, 1, 2000, 690, 1018, 0, 9730, 0, 0, 0, 0, 0, 0, 4, 0.31, '', 0, 0, 0, 2.5, 8, 14, 0, 0, 0, 0, 0, 0, 0, 0, 0, 0, 0, 0, 0, 0, 0, 0, 0),
	(14620, 80, 80, 21, 1008000, 1008000, 0, 1, 0, 2000, 0, 3165, 4395, 1, 2000, 690, 1018, 0, 9729, 0, 0, 0, 0, 0, 0, 4, 0.31, '', 0, 0, 0, 2.5, 8, 14, 0, 0, 0, 0, 0, 0, 0, 0, 0, 0, 0, 0, 0, 0, 0, 0, 0),
	(14647, 80, 80, 21, 2772000, 2772000, 0, 1, 0, 2000, 0, 3165, 4395, 1, 2000, 690, 1018, 0, 9730, 0, 0, 0, 0, 0, 0, 4, 0.31, '', 0, 0, 0, 2.5, 8, 14, 0, 0, 0, 0, 0, 0, 0, 0, 0, 0, 0, 0, 0, 0, 0, 0, 0),
	(37098, 80, 80, 21, 1008000, 1008000, 0, 1, 0, 2000, 0, 3165, 4395, 1, 2000, 690, 1018, 0, 9729, 0, 0, 0, 0, 0, 0, 4, 0.31, '', 0, 0, 0, 2.5, 8, 14, 0, 0, 0, 0, 0, 0, 0, 0, 0, 0, 4, 0, 0, 0, 0, 0, 0),
	(39120, 81, 81, 14, 374500, 374500, 4489500, 1, 0, 2000, 0, 12285, 17815, 1, 2000, 702, 1006, 0, 8023, 0, 0, 0, 0, 0, 0, 8, 0.31, '', 1, 0, 0, 2.5, 8, 14, 0, 0, 0, 0, 0, 0, 0, 0, 0, 0, 0, 0, 0, 0, 0, 0, 0),
	(39121, 81, 81, 14, 374500, 374500, 4489500, 1, 0, 2000, 0, 12285, 17815, 1, 2000, 702, 1006, 0, 8023, 0, 0, 0, 0, 0, 0, 8, 0.31, '', 1, 0, 0, 2.5, 8, 14, 0, 0, 0, 0, 0, 0, 0, 0, 0, 0, 0, 0, 0, 0, 0, 0, 0),
	(39122, 81, 81, 14, 374500, 374500, 4489500, 1, 0, 2000, 0, 12285, 17815, 1, 2000, 702, 1006, 0, 8023, 0, 0, 0, 0, 0, 0, 8, 0.31, '', 1, 0, 0, 2.5, 8, 14, 0, 0, 0, 0, 0, 0, 0, 0, 0, 0, 0, 0, 0, 0, 0, 0, 0),
	(36609, 81, 81, 14, 374500, 374500, 4489500, 1, 0, 2000, 0, 12285, 17815, 1, 2000, 702, 1006, 0, 8023, 0, 0, 0, 0, 0, 0, 8, 0.31, '', 1, 0, 0, 2.5, 8, 14, 0, 0, 0, 0, 0, 0, 0, 0, 0, 0, 4, 0, 0, 0, 0, 532, 0),
	(10193, 80, 80, 14, 252000, 252000, 0, 1, 0, 2000, 0, 590.8, 820.4, 0, 0, 0, 0, 0, 9730, 0, 0, 0, 0, 0, 0, 1, 0.5, '', 0, 0, 0, 2.5, 8, 14, 0, 0, 0, 0, 0, 0, 0, 0, 0, 0, 0, 0, 0, 0, 0, 0, 0),
	(10194, 80, 80, 14, 75600, 75600, 0, 1, 0, 2000, 0, 590.8, 820.4, 0, 0, 0, 0, 0, 9730, 0, 0, 0, 0, 0, 0, 1, 0.5, '', 0, 0, 0, 2.5, 8, 14, 0, 0, 0, 0, 0, 0, 0, 0, 0, 0, 0, 0, 0, 0, 0, 0, 0),
	(10195, 80, 80, 14, 252000, 252000, 0, 1, 0, 2000, 0, 590.8, 820.4, 0, 0, 0, 0, 0, 9730, 0, 0, 0, 0, 0, 0, 1, 0.5, '', 0, 0, 0, 2.5, 8, 14, 0, 0, 0, 0, 0, 0, 0, 0, 0, 0, 0, 0, 0, 0, 0, 0, 0),
	(37901, 80, 80, 14, 75600, 75600, 0, 1, 0, 2000, 0, 590.8, 820.4, 0, 0, 0, 0, 0, 9730, 0, 0, 0, 0, 0, 0, 1, 0.5, '', 0, 0, 0, 2.5, 8, 14, 0, 41290, 70671, 0, 0, 0, 0, 0, 0, 0, 0, 0, 0, 0, 0, 0, 0),
	(14952, 80, 80, 21, 630000, 630000, 3994, 1, 0, 2000, 0, 3127.5, 4365, 1, 2000, 682, 1012, 0, 9633, 0, 0, 0, 0, 0, 0, 3, 0.93, '', 0, 7596, 0, 2.5, 8, 14, 0, 0, 0, 0, 0, 0, 0, 0, 0, 0, 0, 0, 0, 0, 0, 0, 0),
	(14953, 80, 80, 21, 157500, 157500, 3994, 1, 0, 2000, 0, 3127.5, 4365, 1, 2000, 682, 1012, 0, 9706, 0, 0, 0, 0, 0, 0, 3, 0.93, '', 0, 7596, 0, 2.5, 8, 14, 0, 0, 0, 0, 0, 0, 0, 0, 0, 0, 0, 0, 0, 0, 0, 0, 0),
	(14954, 80, 80, 21, 630000, 630000, 3994, 1, 0, 2000, 0, 3127.5, 4365, 1, 2000, 682, 1012, 0, 9633, 0, 0, 0, 0, 0, 0, 3, 0.93, '', 0, 7596, 0, 2.5, 8, 14, 0, 0, 0, 0, 0, 0, 0, 0, 0, 0, 0, 0, 0, 0, 0, 0, 0),
	(37038, 80, 80, 21, 157500, 157500, 3994, 1, 0, 2000, 0, 3127.5, 4365, 1, 2000, 682, 1012, 0, 9706, 0, 0, 0, 0, 0, 0, 3, 0.93, '', 0, 7596, 0, 2.5, 8, 14, 0, 0, 0, 0, 0, 0, 0, 0, 0, 0, 4, 0, 0, 0, 0, 0, 0),
	(39284, 80, 80, 14, 200000, 200000, 59910, 1, 0, 2000, 0, 3127.5, 4365, 1, 2000, 682, 1012, 0, 9633, 0, 0, 0, 0, 0, 0, 1.5, 1, '', 0, 0, 0, 2.5, 8, 14, 0, 0, 0, 0, 0, 0, 0, 0, 0, 0, 0, 0, 0, 0, 0, 0, 0),
	(39285, 80, 80, 14, 66000, 66000, 59910, 1, 0, 2000, 0, 3127.5, 4365, 1, 2000, 682, 1012, 0, 9633, 0, 0, 0, 0, 0, 0, 1.5, 1, '', 0, 0, 0, 2.5, 8, 14, 0, 0, 0, 0, 0, 0, 0, 0, 0, 0, 0, 0, 0, 0, 0, 0, 0),
	(39286, 80, 80, 14, 200000, 200000, 59910, 1, 0, 2000, 0, 3127.5, 4365, 1, 2000, 682, 1012, 0, 9633, 0, 0, 0, 0, 0, 0, 1.5, 1, '', 0, 0, 0, 2.5, 8, 14, 0, 0, 0, 0, 0, 0, 0, 0, 0, 0, 0, 0, 0, 0, 0, 0, 0),
	(37799, 80, 80, 14, 66000, 66000, 59910, 1, 0, 2000, 0, 3127.5, 4365, 1, 2000, 682, 1012, 0, 9633, 0, 0, 0, 0, 0, 0, 1.5, 1, '', 0, 0, 0, 2.5, 8, 14, 0, 0, 0, 0, 0, 0, 0, 0, 0, 0, 4, 0, 0, 0, 0, 0, 0),
	(38604, 82, 82, 14, 1581160, 1581160, 0, 1, 0, 2000, 0, 683.2, 898.8, 0, 0, 0, 0, 0, 10328, 0, 0, 0, 0, 0, 0, 0, 0, '', 0, 0, 0, 2.5, 8, 14, 0, 0, 0, 0, 0, 0, 0, 0, 0, 0, 0, 0, 0, 0, 0, 0, 0),
	(38758, 82, 82, 14, 395290, 395290, 0, 1, 0, 2000, 0, 683.2, 898.8, 0, 0, 0, 0, 0, 10328, 0, 0, 0, 0, 0, 0, 0, 0, '', 0, 0, 0, 2.5, 8, 14, 0, 0, 0, 0, 0, 0, 0, 0, 0, 0, 0, 0, 0, 0, 0, 0, 0),
	(38759, 82, 82, 14, 1581160, 1581160, 0, 1, 0, 2000, 0, 683.2, 898.8, 0, 0, 0, 0, 0, 10328, 0, 0, 0, 0, 0, 0, 0, 0, '', 0, 0, 0, 2.5, 8, 14, 0, 0, 0, 0, 0, 0, 0, 0, 0, 0, 0, 0, 0, 0, 0, 0, 0),
	(37697, 82, 82, 14, 395290, 395290, 0, 1, 0, 2000, 0, 683.2, 898.8, 0, 0, 0, 0, 0, 10328, 0, 0, 0, 0, 0, 0, 0, 0, '', 0, 0, 0, 2.5, 8, 14, 0, 72505, 70447, 71203, 0, 0, 0, 0, 0, 0, 0, 0, 0, 0, 0, 0, 0),
	(10151, 80, 80, 2209, 1890000, 1890000, 0, 1, 0, 2000, 0, 3165, 4395, 1, 2000, 690, 1018, 0, 9730, 0, 0, 0, 0, 0, 0, 0, 0, '', 0, 0, 0, 2.5, 8, 14, 0, 0, 0, 0, 0, 0, 0, 0, 0, 0, 0, 0, 0, 0, 0, 0, 0),
	(10152, 80, 80, 2209, 567000, 567000, 0, 1, 0, 2000, 0, 3165, 4395, 1, 2000, 690, 1018, 0, 9729, 0, 0, 0, 0, 0, 0, 0, 0, '', 0, 0, 0, 2.5, 8, 14, 0, 0, 0, 0, 0, 0, 0, 0, 0, 0, 0, 0, 0, 0, 0, 0, 0),
	(10153, 80, 80, 2209, 1890000, 1890000, 0, 1, 0, 2000, 0, 3165, 4395, 1, 2000, 690, 1018, 0, 9730, 0, 0, 0, 0, 0, 0, 0, 0, '', 0, 0, 0, 2.5, 8, 14, 0, 0, 0, 0, 0, 0, 0, 0, 0, 0, 0, 0, 0, 0, 0, 0, 0),
	(37132, 80, 80, 2209, 567000, 567000, 0, 1, 0, 2000, 0, 3165, 4395, 1, 2000, 690, 1018, 0, 9729, 0, 0, 0, 0, 0, 0, 0, 0, '', 0, 0, 0, 2.5, 8, 14, 0, 71258, 71257, 0, 0, 0, 0, 0, 0, 0, 0, 0, 0, 0, 0, 0, 0),
	(10154, 80, 80, 2209, 1764000, 1764000, 3994, 1, 0, 2000, 0, 3127.5, 4365, 1, 2000, 682, 1012, 0, 9633, 0, 0, 0, 0, 0, 0, 1.3, 0.403, '', 0, 0, 0, 2.5, 8, 14, 0, 0, 0, 0, 0, 0, 0, 0, 0, 0, 0, 0, 0, 0, 0, 0, 0),
	(10155, 80, 80, 2209, 567000, 567000, 3994, 1, 0, 2000, 0, 3127.5, 4365, 1, 2000, 682, 1012, 0, 9706, 0, 0, 0, 0, 0, 0, 1.3, 0.403, '', 0, 0, 0, 2.5, 8, 14, 0, 0, 0, 0, 0, 0, 0, 0, 0, 0, 0, 0, 0, 0, 0, 0, 0),
	(10163, 80, 80, 2209, 1764000, 1764000, 3994, 1, 0, 2000, 0, 3127.5, 4365, 1, 2000, 682, 1012, 0, 9633, 0, 0, 0, 0, 0, 0, 1.3, 0.403, '', 0, 0, 0, 2.5, 8, 14, 0, 0, 0, 0, 0, 0, 0, 0, 0, 0, 0, 0, 0, 0, 0, 0, 0),
	(38125, 80, 80, 2209, 567000, 567000, 3994, 1, 0, 2000, 0, 3127.5, 4365, 1, 2000, 682, 1012, 0, 9706, 0, 0, 0, 0, 0, 0, 1.3, 0.403, '', 0, 0, 0, 2.5, 8, 14, 0, 71298, 71299, 71296, 69929, 0, 0, 0, 0, 0, 0, 0, 0, 0, 0, 0, 0),
	(10164, 80, 80, 2209, 1411200, 1411200, 8814, 1, 0, 2000, 0, 2595, 3742.5, 1, 2000, 630, 936, 0, 9730, 0, 0, 0, 0, 0, 0, 1.3, 0.403, '', 0, 0, 0, 2.5, 8, 14, 0, 0, 0, 0, 0, 0, 0, 0, 0, 0, 0, 0, 0, 0, 0, 0, 0),
	(10165, 80, 80, 2209, 453600, 453600, 8814, 1, 0, 2000, 0, 2595, 3742.5, 1, 2000, 630, 936, 0, 7822, 0, 0, 0, 0, 0, 0, 1.3, 0.403, '', 0, 0, 0, 2.5, 8, 14, 0, 0, 0, 0, 0, 0, 0, 0, 0, 0, 0, 0, 0, 0, 0, 0, 0),
	(10166, 80, 80, 2209, 1411200, 1411200, 8814, 1, 0, 2000, 0, 2595, 3742.5, 1, 2000, 630, 936, 0, 9730, 0, 0, 0, 0, 0, 0, 1.3, 0.403, '', 0, 0, 0, 2.5, 8, 14, 0, 0, 0, 0, 0, 0, 0, 0, 0, 0, 0, 0, 0, 0, 0, 0, 0),
	(37127, 80, 80, 2209, 453600, 453600, 8814, 1, 0, 2000, 0, 2595, 3742.5, 1, 2000, 630, 936, 0, 7822, 0, 0, 0, 0, 0, 0, 1.3, 0.403, '', 0, 0, 0, 2.5, 8, 14, 0, 71270, 71274, 69929, 71306, 0, 0, 0, 0, 0, 0, 0, 0, 0, 0, 0, 0),
	(10167, 80, 80, 2209, 1260000, 1260000, 3994, 1, 0, 2000, 0, 3127.5, 4365, 1, 2000, 682, 1012, 0, 9633, 0, 0, 0, 0, 0, 0, 1, 0.31, '', 0, 0, 0, 2.5, 8, 14, 0, 0, 0, 0, 0, 0, 0, 0, 0, 0, 0, 0, 0, 0, 0, 0, 0),
	(10168, 80, 80, 2209, 441000, 441000, 3994, 1, 0, 2000, 0, 3127.5, 4365, 1, 2000, 682, 1012, 0, 9706, 0, 0, 0, 0, 0, 0, 1, 0.31, '', 0, 0, 0, 2.5, 8, 14, 0, 0, 0, 0, 0, 0, 0, 0, 0, 0, 0, 0, 0, 0, 0, 0, 0),
	(10169, 80, 80, 2209, 1260000, 1260000, 3994, 1, 0, 2000, 0, 3127.5, 4365, 1, 2000, 682, 1012, 0, 9633, 0, 0, 0, 0, 0, 0, 1, 0.31, '', 0, 0, 0, 2.5, 8, 14, 0, 0, 0, 0, 0, 0, 0, 0, 0, 0, 0, 0, 0, 0, 0, 0, 0),
	(37134, 80, 80, 2209, 441000, 441000, 3994, 1, 0, 2000, 0, 3127.5, 4365, 1, 2000, 682, 1012, 0, 9706, 0, 0, 0, 0, 0, 0, 1, 0.31, '', 0, 0, 0, 2.5, 8, 14, 0, 71249, 71251, 71253, 71252, 0, 0, 0, 0, 0, 0, 0, 0, 0, 0, 0, 0),
	(10170, 80, 80, 2212, 2016000, 2016000, 0, 1, 0, 2000, 0, 3165, 4395, 1, 2000, 690, 1018, 0, 9730, 0, 0, 0, 0, 0, 0, 1.5, 0.465, '', 0, 0, 0, 2.5, 8, 14, 0, 0, 0, 0, 0, 0, 0, 0, 0, 0, 0, 0, 0, 0, 0, 0, 0),
	(10171, 80, 80, 2209, 630000, 630000, 0, 1, 0, 2000, 0, 3165, 4395, 1, 2000, 690, 1018, 0, 9730, 0, 0, 0, 0, 0, 0, 1.5, 0.465, '', 0, 0, 0, 2.5, 8, 14, 0, 0, 0, 0, 0, 0, 0, 0, 0, 0, 0, 0, 0, 0, 0, 0, 0),
	(10172, 80, 80, 2209, 2016000, 2016000, 0, 1, 0, 2000, 0, 3165, 4395, 1, 2000, 690, 1018, 0, 9730, 0, 0, 0, 0, 0, 0, 1.5, 0.465, '', 0, 0, 0, 2.5, 8, 14, 0, 0, 0, 0, 0, 0, 0, 0, 0, 0, 0, 0, 0, 0, 0, 0, 0),
	(37133, 80, 80, 2209, 630000, 630000, 0, 1, 0, 2000, 0, 3165, 4395, 1, 2000, 690, 1018, 0, 9729, 0, 0, 0, 0, 0, 0, 1.5, 0.465, '71244', 0, 0, 0, 2.5, 8, 14, 0, 41057, 0, 0, 0, 0, 0, 0, 0, 0, 0, 0, 0, 0, 0, 0, 0);

--
-- Update creature_difficulty IceCrownCitadel
--
REPLACE INTO `creature_difficulty` VALUES (37011, 14955, 14956, 14957);
REPLACE INTO `creature_difficulty` VALUES (37098, 14619, 14620, 14647);
REPLACE INTO `creature_difficulty` VALUES (37901, 10193, 10194, 10195);
REPLACE INTO `creature_difficulty` VALUES (37038, 14952, 14953, 14954);
REPLACE INTO `creature_difficulty` VALUES (37132, 10151, 10152, 10153);
REPLACE INTO `creature_difficulty` VALUES (38125, 10154, 10155, 10163);
REPLACE INTO `creature_difficulty` VALUES (37127, 10164, 10165, 10166);
REPLACE INTO `creature_difficulty` VALUES (37134, 10167, 10168, 10169);
REPLACE INTO `creature_difficulty` VALUES (37133, 10170, 10171, 10172);

--
-- Update world db version
--
UPDATE `world_db_version` SET `LastUpdate` = '2016-01-07_05_misc_creature' WHERE `LastUpdate` = '2016-01-07_04_misc_creature';
