--
-- Delete wrong creature_names IceCrownCitadel
--
DELETE FROM `creature_names` WHERE `entry` IN(15265,15266,15267,36948,38157,38639,38640);
DELETE FROM `creature_names` WHERE `entry` IN(14838,14839,14840,36725,38058);
DELETE FROM `creature_names` WHERE `entry` IN(10190,10191,10192,37232,38362);
DELETE FROM `creature_names` WHERE `entry` IN(10139,10140,10141,37501,38197);
DELETE FROM `creature_names` WHERE `entry` IN(10142,10143,10144,37502,38198);
DELETE FROM `creature_names` WHERE `entry` IN(14949,14950,14951,37023,38062);
DELETE FROM `creature_names` WHERE `entry` IN(14922,14923,14924,38104,38105);
DELETE FROM `creature_names` WHERE `entry` IN(37217,14788,14789,14790,38103);
DELETE FROM `creature_names` WHERE `entry` IN(10404,14654,14655,14656,38110);
DELETE FROM `creature_names` WHERE `entry` IN(37533,10109,10110,10111,38220);
DELETE FROM `creature_names` WHERE `entry` IN(10123,10124,10125,37868,38167,38725,38735);
DELETE FROM `creature_names` WHERE `entry` IN(36844,14791,14792,14793,38077);
DELETE FROM `creature_names` WHERE `entry` IN(10145,10146,10147,37907,38168,38726,38736);
DELETE FROM `creature_names` WHERE `entry` IN(36724,14797,14798,14799,38057);
DELETE FROM `creature_names` WHERE `entry` IN(38410,14805,14806,14807,38419);
DELETE FROM `creature_names` WHERE `entry` IN(10235,10240,10241,37698,39299,39300,39301);
DELETE FROM `creature_names` WHERE `entry` IN(37126,10112,10113,10114,38258);
DELETE FROM `creature_names` WHERE `entry` IN(15095,14583,14584,14585,15097,37116,37026,38256,15096,38693,38694);
DELETE FROM `creature_names` WHERE `entry` IN(37017,15038,15039,15040,38078);
DELETE FROM `creature_names` WHERE `entry` IN(37004,15057,15058,15059,38079);
DELETE FROM `creature_names` WHERE `entry` IN(37027,15035,15036,15037,38080);
DELETE FROM `creature_names` WHERE `entry` IN(37016,15054,15055,15056,38081);
DELETE FROM `creature_names` WHERE `entry` IN(10106,10107,10108,36950,38406,38685,38686);
DELETE FROM `creature_names` WHERE `entry` IN(37144,15048,15049,15050,38097);
DELETE FROM `creature_names` WHERE `entry` IN(14570,14571,14572,14586,14587,14588,36978,38407,38687,38688);
DELETE FROM `creature_names` WHERE `entry` IN(36998,15092,15093,15094,38082);
DELETE FROM `creature_names` WHERE `entry` IN(14576,14577,14578,36969,38408,38689,38690);
DELETE FROM `creature_names` WHERE `entry` IN(14579,14580,14582,36961,38261,38691,38692);
DELETE FROM `creature_names` WHERE `entry` IN(37026,15095,15096,15097,38083);
DELETE FROM `creature_names` WHERE `entry` IN(37148,15051,15052,15053,38084);
DELETE FROM `creature_names` WHERE `entry` IN(37021,14573,14574,14575,38085);
DELETE FROM `creature_names` WHERE `entry` IN(37003,15098,15099,15100,38086);
DELETE FROM `creature_names` WHERE `entry` IN(37534,10115,10121,10122,38219);
DELETE FROM `creature_names` WHERE `entry` IN(37230,14917,14918,14919,38444);
DELETE FROM `creature_names` WHERE `entry` IN(37544,14925,14926,14927,38481);
DELETE FROM `creature_names` WHERE `entry` IN(37545,14931,14932,14933,38445);
DELETE FROM `creature_names` WHERE `entry` IN(36824,10245,10246,10247,39296);
DELETE FROM `creature_names` WHERE `entry` IN(37025,14648,14649,14650,38064);
DELETE FROM `creature_names` WHERE `entry` IN(10148,10149,10150,37863,38171,38727,38737);

--
-- Delete wrong creature_proto IceCrownCitadel
--
DELETE FROM `creature_proto` WHERE `entry` IN(15265,15266,15267,36948,38157,38639,38640);
DELETE FROM `creature_proto` WHERE `entry` IN(14838,14839,14840,36725,38058);
DELETE FROM `creature_proto` WHERE `entry` IN(10190,10191,10192,37232,38362);
DELETE FROM `creature_proto` WHERE `entry` IN(10139,10140,10141,37501,38197);
DELETE FROM `creature_proto` WHERE `entry` IN(10142,10143,10144,37502,38198);
DELETE FROM `creature_proto` WHERE `entry` IN(14949,14950,14951,37023,38062);
DELETE FROM `creature_proto` WHERE `entry` IN(14922,14923,14924,38104,38105);
DELETE FROM `creature_proto` WHERE `entry` IN(37217,14788,14789,14790,38103);
DELETE FROM `creature_proto` WHERE `entry` IN(10404,14654,14655,14656,38110);
DELETE FROM `creature_proto` WHERE `entry` IN(37533,10109,10110,10111,38220);
DELETE FROM `creature_proto` WHERE `entry` IN(10123,10124,10125,37868,38167,38725,38735);
DELETE FROM `creature_proto` WHERE `entry` IN(36844,14791,14792,14793,38077);
DELETE FROM `creature_proto` WHERE `entry` IN(10145,10146,10147,37907,38168,38726,38736);
DELETE FROM `creature_proto` WHERE `entry` IN(36724,14797,14798,14799,38057);
DELETE FROM `creature_proto` WHERE `entry` IN(38410,14805,14806,14807,38419);
DELETE FROM `creature_proto` WHERE `entry` IN(10235,10240,10241,37698,39299,39300,39301);
DELETE FROM `creature_proto` WHERE `entry` IN(37126,10112,10113,10114,38258);
DELETE FROM `creature_proto` WHERE `entry` IN(15095,14583,14584,14585,15097,37116,37026,38256,15096,38693,38694);
DELETE FROM `creature_proto` WHERE `entry` IN(37017,15038,15039,15040,38078);
DELETE FROM `creature_proto` WHERE `entry` IN(37004,15057,15058,15059,38079);
DELETE FROM `creature_proto` WHERE `entry` IN(37027,15035,15036,15037,38080);
DELETE FROM `creature_proto` WHERE `entry` IN(37016,15054,15055,15056,38081);
DELETE FROM `creature_proto` WHERE `entry` IN(10106,10107,10108,36950,38406,38685,38686);
DELETE FROM `creature_proto` WHERE `entry` IN(37144,15048,15049,15050,38097);
DELETE FROM `creature_proto` WHERE `entry` IN(14570,14571,14572,14586,14587,14588,36978,38407,38687,38688);
DELETE FROM `creature_proto` WHERE `entry` IN(36998,15092,15093,15094,38082);
DELETE FROM `creature_proto` WHERE `entry` IN(14576,14577,14578,36969,38408,38689,38690);
DELETE FROM `creature_proto` WHERE `entry` IN(14579,14580,14582,36961,38261,38691,38692);
DELETE FROM `creature_proto` WHERE `entry` IN(37026,15095,15096,15097,38083);
DELETE FROM `creature_proto` WHERE `entry` IN(37148,15051,15052,15053,38084);
DELETE FROM `creature_proto` WHERE `entry` IN(37021,14573,14574,14575,38085);
DELETE FROM `creature_proto` WHERE `entry` IN(37003,15098,15099,15100,38086);
DELETE FROM `creature_proto` WHERE `entry` IN(37534,10115,10121,10122,38219);
DELETE FROM `creature_proto` WHERE `entry` IN(37230,14917,14918,14919,38444);
DELETE FROM `creature_proto` WHERE `entry` IN(37544,14925,14926,14927,38481);
DELETE FROM `creature_proto` WHERE `entry` IN(37545,14931,14932,14933,38445);
DELETE FROM `creature_proto` WHERE `entry` IN(36824,10245,10246,10247,39296);
DELETE FROM `creature_proto` WHERE `entry` IN(37025,14648,14649,14650,38064);
DELETE FROM `creature_proto` WHERE `entry` IN(10148,10149,10150,37863,38171,38727,38737);

--
-- Insert creature_names IceCrownCitadel
--
INSERT INTO `creature_names` (`entry`, `name`, `subname`, `info_str`, `flags1`, `type`, `family`, `rank`, `encounter`, `killcredit1`, `killcredit2`, `male_displayid`, `female_displayid`, `male_displayid2`, `female_displayid2`, `unknown_float1`, `unknown_float2`, `leader`, `questitem1`, `questitem2`, `questitem3`, `questitem4`, `questitem5`, `questitem6`, `waypointid`) VALUES
	(38157, 'Muradin Bronzebeard (1)', '', '', 76, 7, 0, 1, 0, 36948, 0, 30508, 0, 0, 0, 175, 1, 0, 0, 0, 0, 0, 0, 0, 0),
	(38639, 'Muradin Bronzebeard (2)', '', '', 76, 7, 0, 1, 0, 36948, 0, 30508, 0, 0, 0, 175, 1, 0, 0, 0, 0, 0, 0, 0, 0),
	(38640, 'Muradin Bronzebeard (3)', '', '', 76, 7, 0, 1, 0, 36948, 0, 30508, 0, 0, 0, 175, 1, 0, 0, 0, 0, 0, 0, 0, 0),
	(36948, 'Muradin Bronzebeard', '', '', 76, 7, 0, 1, 0, 0, 0, 30508, 0, 0, 0, 175, 1, 0, 0, 0, 0, 0, 0, 0, 164),
	(14838, 'Nerub\'ar Broodkeeper (1)', '', '', 0, 6, 0, 1, 0, 36725, 0, 30885, 0, 0, 0, 25, 1, 0, 0, 0, 0, 0, 0, 0, 0),
	(14839, 'Nerub\'ar Broodkeeper (2)', '', '', 0, 6, 0, 1, 0, 36725, 0, 30885, 0, 0, 0, 25, 1, 0, 0, 0, 0, 0, 0, 0, 0),
	(14840, 'Nerub\'ar Broodkeeper (3)', '', '', 0, 6, 0, 1, 0, 36725, 0, 30885, 0, 0, 0, 25, 1, 0, 0, 0, 0, 0, 0, 0, 0),
	(36725, 'Nerub\'ar Broodkeeper', '', '', 0, 6, 0, 1, 0, 0, 0, 30885, 0, 0, 0, 25, 1, 0, 0, 0, 0, 0, 0, 0, 0),
	(10190, 'Nerub\'ar Broodling (1)', '', '', 0, 6, 0, 0, 0, 37232, 0, 30597, 0, 0, 0, 3, 1, 0, 0, 0, 0, 0, 0, 0, 0),
	(10191, 'Nerub\'ar Broodling (2)', '', '', 0, 6, 0, 0, 0, 37232, 0, 30597, 0, 0, 0, 1, 1, 0, 0, 0, 0, 0, 0, 0, 0),
	(10192, 'Nerub\'ar Broodling (3)', '', '', 0, 6, 0, 0, 0, 37232, 0, 30597, 0, 0, 0, 3, 1, 0, 0, 0, 0, 0, 0, 0, 0),
	(37232, 'Nerub\'ar Broodling', '', '', 0, 6, 0, 0, 0, 0, 0, 30597, 0, 0, 0, 1, 1, 0, 0, 0, 0, 0, 0, 0, 0),
	(10139, 'Nerub\'ar Champion (1)', '', '', 0, 6, 0, 1, 0, 37501, 0, 26194, 0, 0, 0, 80, 1, 0, 0, 0, 0, 0, 0, 0, 0),
	(10140, 'Nerub\'ar Champion (2)', '', '', 0, 6, 0, 1, 0, 37501, 0, 26194, 0, 0, 0, 25, 1, 0, 0, 0, 0, 0, 0, 0, 0),
	(10141, 'Nerub\'ar Champion (3)', '', '', 0, 6, 0, 1, 0, 37501, 0, 26194, 0, 0, 0, 80, 1, 0, 0, 0, 0, 0, 0, 0, 0),
	(37501, 'Nerub\'ar Champion', '', '', 0, 6, 0, 1, 0, 0, 0, 26194, 0, 0, 0, 25, 1, 0, 0, 0, 0, 0, 0, 0, 0),
	(10142, 'Nerub\'ar Webweaver (1)', '', '', 0, 6, 0, 1, 0, 37502, 0, 31050, 0, 0, 0, 60, 12, 0, 0, 0, 0, 0, 0, 0, 0),
	(10143, 'Nerub\'ar Webweaver (2)', '', '', 0, 6, 0, 1, 0, 37502, 0, 31050, 0, 0, 0, 25, 12, 0, 0, 0, 0, 0, 0, 0, 0),
	(10144, 'Nerub\'ar Webweaver (3)', '', '', 0, 6, 0, 1, 0, 37502, 0, 31050, 0, 0, 0, 60, 12, 0, 0, 0, 0, 0, 0, 0, 0),
	(37502, 'Nerub\'ar Webweaver', '', '', 0, 6, 0, 1, 0, 0, 0, 31050, 0, 0, 0, 25, 12, 0, 0, 0, 0, 0, 0, 0, 0),
	(14949, 'Plague Scientist (1)', '', '', 72, 6, 0, 1, 0, 37023, 0, 31020, 31022, 0, 0, 35, 2, 0, 0, 0, 0, 0, 0, 0, 0),
	(14950, 'Plague Scientist (2)', '', '', 72, 6, 0, 1, 0, 37023, 0, 31020, 31022, 0, 0, 35, 2, 0, 0, 0, 0, 0, 0, 0, 0),
	(14951, 'Plague Scientist (3)', '', '', 72, 6, 0, 1, 0, 37023, 0, 31020, 31022, 0, 0, 35, 2, 0, 0, 0, 0, 0, 0, 0, 0),
	(37023, 'Plague Scientist', '', '', 72, 6, 0, 1, 0, 0, 0, 31020, 31022, 0, 0, 35, 2, 0, 0, 0, 0, 0, 0, 0, 144),
	(14922, 'Plagued Zombie (1)', '', '', 72, 6, 0, 1, 0, 38104, 0, 10976, 10975, 5432, 5265, 5, 3, 0, 0, 0, 0, 0, 0, 0, 0),
	(14923, 'Plagued Zombie (2)', '', '', 72, 6, 0, 1, 0, 38104, 0, 10976, 10975, 5432, 5265, 5, 3, 0, 0, 0, 0, 0, 0, 0, 0),
	(14924, 'Plagued Zombie (3)', '', '', 72, 6, 0, 1, 0, 38104, 0, 10976, 10975, 5432, 5265, 5, 3, 0, 0, 0, 0, 0, 0, 0, 0),
	(38104, 'Plagued Zombie', '', '', 72, 6, 0, 1, 0, 0, 0, 10976, 10975, 5432, 5265, 5, 3, 0, 0, 0, 0, 0, 0, 0, 80),
	(14788, 'Precious (1)', '', '', 72, 6, 0, 1, 0, 37217, 0, 30483, 0, 30483, 0, 250, 2, 0, 0, 0, 0, 0, 0, 0, 0),
	(14789, 'Precious (2)', '', '', 72, 6, 0, 1, 0, 37217, 0, 30483, 0, 30483, 0, 250, 2, 0, 0, 0, 0, 0, 0, 0, 0),
	(14790, 'Precious (3)', '', '', 72, 6, 0, 1, 0, 37217, 0, 30483, 0, 30483, 0, 250, 2, 0, 0, 0, 0, 0, 0, 0, 0),
	(37217, 'Precious', '', '', 72, 6, 0, 1, 0, 0, 0, 30483, 0, 0, 0, 250, 2, 0, 0, 0, 0, 0, 0, 0, 164),
	(10404, 'Pustulating Horror', '', '', 0, 6, 0, 1, 0, 0, 0, 23137, 0, 0, 0, 50, 1, 0, 0, 0, 0, 0, 0, 0, 0),
	(14654, 'Pustulating Horror (1)', '', '', 0, 6, 0, 1, 0, 10404, 0, 2582, 0, 0, 0, 180, 1, 0, 13174, 0, 0, 0, 0, 0, 0),
	(14655, 'Pustulating Horror (2)', '', '', 0, 6, 0, 1, 0, 10404, 0, 2582, 0, 0, 0, 50, 1, 0, 13174, 0, 0, 0, 0, 0, 0),
	(14656, 'Pustulating Horror (3)', '', '', 0, 6, 0, 1, 0, 10404, 0, 2582, 0, 0, 0, 180, 1, 0, 13174, 0, 0, 0, 0, 0, 0),
	(14792, 'Risen Deathspeaker Servant (2)', '', '', 72, 6, 0, 1, 0, 36844, 0, 30352, 0, 0, 0, 35, 10, 0, 0, 0, 0, 0, 0, 0, 0),
	(10109, 'Rimefang (1)', '', '', 72, 6, 0, 1, 0, 37533, 0, 27982, 0, 0, 0, 550, 10, 0, 0, 0, 0, 0, 0, 0, 0),
	(10110, 'Rimefang (2)', '', '', 72, 6, 0, 1, 0, 37533, 0, 27982, 0, 0, 0, 240, 10, 0, 0, 0, 0, 0, 0, 0, 0),
	(10111, 'Rimefang (3)', '', '', 72, 6, 0, 1, 0, 37533, 0, 27982, 0, 0, 0, 550, 10, 0, 0, 0, 0, 0, 0, 0, 0),
	(37533, 'Rimefang', '', '', 72, 6, 0, 1, 0, 0, 0, 27982, 0, 0, 0, 240, 10, 0, 0, 0, 0, 0, 0, 0, 0),
	(38167, 'Risen Archmage (1)', '', '', 8, 6, 0, 1, 0, 37868, 0, 7919, 0, 0, 0, 25, 20, 0, 0, 0, 0, 0, 0, 0, 0),
	(38725, 'Risen Archmage (2)', '', '', 8, 6, 0, 1, 0, 37868, 0, 7919, 0, 0, 0, 8, 20, 0, 0, 0, 0, 0, 0, 0, 0),
	(38735, 'Risen Archmage (3)', '', '', 8, 6, 0, 1, 0, 37868, 0, 7919, 0, 0, 0, 25, 20, 0, 0, 0, 0, 0, 0, 0, 0),
	(37868, 'Risen Archmage', '', '', 8, 6, 0, 1, 0, 0, 0, 7919, 0, 0, 0, 8, 20, 0, 0, 0, 0, 0, 0, 0, 0),
	(14791, 'Risen Deathspeaker Servant (1)', '', '', 72, 6, 0, 1, 0, 36844, 0, 30352, 0, 0, 0, 35, 10, 0, 0, 0, 0, 0, 0, 0, 0),
	(14793, 'Risen Deathspeaker Servant (3)', '', '', 72, 6, 0, 1, 0, 36844, 0, 30352, 0, 0, 0, 35, 10, 0, 0, 0, 0, 0, 0, 0, 0),
	(36844, 'Risen Deathspeaker Servant', '', '', 72, 6, 0, 1, 0, 0, 0, 30352, 0, 0, 0, 35, 10, 0, 0, 0, 0, 0, 0, 0, 172),
	(38168, 'Rot Worm (1)', '', '', 8, 10, 0, 1, 0, 37907, 0, 12346, 0, 0, 0, 5, 1, 0, 0, 0, 0, 0, 0, 0, 0),
	(38726, 'Rot Worm (2)', '', '', 8, 10, 0, 1, 0, 37907, 0, 12346, 0, 0, 0, 2, 1, 0, 0, 0, 0, 0, 0, 0, 0),
	(38736, 'Rot Worm (3)', '', '', 8, 10, 0, 1, 0, 37907, 0, 12346, 0, 0, 0, 5, 1, 0, 0, 0, 0, 0, 0, 0, 0),
	(37907, 'Rot Worm', '', '', 8, 10, 0, 1, 0, 0, 0, 12346, 0, 0, 0, 2, 1, 0, 0, 0, 0, 0, 0, 0, 0),
	(14797, 'Servant of the Throne (1)', '', '', 0, 6, 0, 1, 0, 36724, 0, 26919, 0, 0, 0, 30, 25, 0, 0, 0, 0, 0, 0, 0, 0),
	(14798, 'Servant of the Throne (2)', '', '', 0, 6, 0, 1, 0, 36724, 0, 26919, 0, 0, 0, 30, 25, 0, 0, 0, 0, 0, 0, 0, 0),
	(14799, 'Servant of the Throne (3)', '', '', 0, 6, 0, 1, 0, 36724, 0, 26919, 0, 0, 0, 30, 25, 0, 0, 0, 0, 0, 0, 0, 0),
	(36724, 'Servant of the Throne', '', '', 0, 6, 0, 1, 0, 0, 0, 26919, 0, 0, 0, 30, 25, 0, 0, 0, 0, 0, 0, 0, 0),
	(14805, 'Severed Essence (1)', '', '', 0, 6, 0, 1, 0, 38410, 0, 12432, 0, 0, 0, 10, 1, 0, 0, 0, 0, 0, 0, 0, 0),
	(14806, 'Severed Essence (2)', '', '', 0, 6, 0, 1, 0, 38410, 0, 12432, 0, 0, 0, 10, 1, 0, 0, 0, 0, 0, 0, 0, 0),
	(14807, 'Severed Essence (3)', '', '', 0, 6, 0, 1, 0, 38410, 0, 12432, 0, 0, 0, 10, 1, 0, 0, 0, 0, 0, 0, 0, 0),
	(38410, 'Severed Essence', '', '', 0, 6, 0, 1, 0, 0, 0, 12432, 0, 0, 0, 10, 1, 0, 0, 0, 0, 0, 0, 0, 0),
	(39299, 'Shambling Horror (1)', '', '', 4104, 6, 0, 1, 0, 37698, 0, 25297, 0, 0, 0, 143.42, 15, 0, 0, 0, 0, 0, 0, 0, 0),
	(39300, 'Shambling Horror (2)', '', '', 4104, 6, 0, 1, 0, 37698, 0, 25297, 0, 0, 0, 143.42, 15, 0, 0, 0, 0, 0, 0, 0, 0),
	(39301, 'Shambling Horror (3)', '', '', 4104, 6, 0, 1, 0, 37698, 0, 25297, 0, 0, 0, 143.42, 15, 0, 0, 0, 0, 0, 0, 0, 0),
	(37698, 'Shambling Horror', '', '', 4104, 6, 0, 1, 0, 0, 0, 25297, 0, 0, 0, 143.421, 15, 0, 0, 0, 0, 0, 0, 0, 0),
	(10112, 'Sister Svalna (1)', '', '', 96, 6, 0, 1, 0, 37126, 0, 30521, 0, 0, 0, 346.89, 20, 0, 0, 0, 0, 0, 0, 0, 0),
	(10113, 'Sister Svalna (2)', '', '', 96, 6, 0, 1, 0, 37126, 0, 30521, 0, 0, 0, 115.63, 20, 0, 0, 0, 0, 0, 0, 0, 0),
	(10114, 'Sister Svalna (3)', '', '', 96, 6, 0, 1, 0, 37126, 0, 30521, 0, 0, 0, 346.89, 20, 0, 0, 0, 0, 0, 0, 0, 0),
	(37126, 'Sister Svalna', '', '', 96, 6, 0, 1, 0, 0, 0, 30521, 0, 0, 0, 200, 20, 0, 0, 0, 0, 0, 0, 0, 200),
	(15038, 'Skybreaker Assassin (1)', '', '', 72, 7, 0, 1, 0, 37017, 0, 30473, 30465, 0, 0, 30, 10, 0, 0, 0, 0, 0, 0, 0, 0),
	(15039, 'Skybreaker Assassin (2)', '', '', 72, 7, 0, 1, 0, 37017, 0, 30473, 30465, 0, 0, 30, 10, 0, 0, 0, 0, 0, 0, 0, 0),
	(15040, 'Skybreaker Assassin (3)', '', '', 72, 7, 0, 1, 0, 37017, 0, 30473, 30465, 0, 0, 30, 10, 0, 0, 0, 0, 0, 0, 0, 0),
	(37017, 'Skybreaker Assassin', '', '', 72, 7, 0, 1, 0, 0, 0, 30473, 30465, 0, 0, 30, 10, 0, 0, 0, 0, 0, 0, 0, 0),
	(15057, 'Skybreaker Dreadblade (1)', '', '', 72, 7, 0, 1, 0, 37004, 0, 30455, 30457, 0, 0, 30, 10, 0, 0, 0, 0, 0, 0, 0, 0),
	(15058, 'Skybreaker Dreadblade (2)', '', '', 72, 7, 0, 1, 0, 37004, 0, 30455, 30457, 0, 0, 30, 10, 0, 0, 0, 0, 0, 0, 0, 0),
	(15059, 'Skybreaker Dreadblade (3)', '', '', 72, 7, 0, 1, 0, 37004, 0, 30455, 30457, 0, 0, 30, 10, 0, 0, 0, 0, 0, 0, 0, 0),
	(37004, 'Skybreaker Dreadblade', '', '', 72, 7, 0, 1, 0, 0, 0, 30455, 30457, 0, 0, 30, 10, 0, 0, 0, 0, 0, 0, 0, 0),
	(15035, 'Skybreaker Hierophant (1)', '', '', 72, 7, 0, 1, 0, 37027, 0, 30471, 30472, 0, 0, 25, 10, 0, 0, 0, 0, 0, 0, 0, 0),
	(15036, 'Skybreaker Hierophant (2)', '', '', 72, 7, 0, 1, 0, 37027, 0, 30471, 30472, 0, 0, 25, 10, 0, 0, 0, 0, 0, 0, 0, 0),
	(15037, 'Skybreaker Hierophant (3)', '', '', 72, 7, 0, 1, 0, 37027, 0, 30471, 30472, 0, 0, 25, 10, 0, 0, 0, 0, 0, 0, 0, 0),
	(37027, 'Skybreaker Hierophant', '', '', 72, 7, 0, 1, 0, 0, 0, 30471, 30472, 0, 0, 25, 10, 0, 0, 0, 0, 0, 0, 0, 0),
	(15054, 'Skybreaker Luminary (1)', '', '', 72, 7, 0, 1, 0, 37016, 0, 30463, 0, 0, 0, 25, 10, 0, 0, 0, 0, 0, 0, 0, 0),
	(15055, 'Skybreaker Luminary (2)', '', '', 72, 7, 0, 1, 0, 37016, 0, 30463, 0, 0, 0, 25, 10, 0, 0, 0, 0, 0, 0, 0, 0),
	(15056, 'Skybreaker Luminary (3)', '', '', 72, 7, 0, 1, 0, 37016, 0, 30463, 0, 0, 0, 25, 10, 0, 0, 0, 0, 0, 0, 0, 0),
	(37016, 'Skybreaker Luminary', '', '', 72, 7, 0, 1, 0, 0, 0, 30463, 0, 0, 0, 25, 10, 0, 0, 0, 0, 0, 0, 0, 0),
	(38406, 'Skybreaker Marine (1)', '', '', 72, 7, 0, 1, 0, 36950, 0, 30598, 30599, 30600, 30601, 16, 1, 0, 0, 0, 0, 0, 0, 0, 0),
	(38685, 'Skybreaker Marine (2)', '', '', 72, 7, 0, 1, 0, 36950, 0, 30598, 30599, 30600, 30601, 8, 1, 0, 0, 0, 0, 0, 0, 0, 0),
	(38686, 'Skybreaker Marine (3)', '', '', 72, 7, 0, 1, 0, 36950, 0, 30598, 30599, 30600, 30601, 16, 1, 0, 0, 0, 0, 0, 0, 0, 0),
	(36950, 'Skybreaker Marine', '', '', 72, 7, 0, 1, 0, 0, 0, 30598, 30599, 30600, 30601, 8, 1, 0, 0, 0, 0, 0, 0, 0, 0),
	(15048, 'Skybreaker Marksman (1)', '', '', 72, 7, 0, 1, 0, 37144, 0, 30529, 30528, 0, 0, 30, 10, 0, 0, 0, 0, 0, 0, 0, 0),
	(15049, 'Skybreaker Marksman (2)', '', '', 72, 7, 0, 1, 0, 37144, 0, 30529, 30528, 0, 0, 30, 10, 0, 0, 0, 0, 0, 0, 0, 0),
	(15050, 'Skybreaker Marksman (3)', '', '', 72, 7, 0, 1, 0, 37144, 0, 30529, 30528, 0, 0, 30, 10, 0, 0, 0, 0, 0, 0, 0, 0),
	(37144, 'Skybreaker Marksman', '', '', 72, 7, 0, 1, 0, 0, 0, 30529, 30528, 0, 0, 30, 10, 0, 0, 0, 0, 0, 0, 0, 0),
	(38407, 'Skybreaker Mortar Soldier (1)', '', '', 72, 7, 0, 1, 0, 36978, 0, 30602, 0, 0, 0, 7, 1, 0, 0, 0, 0, 0, 0, 0, 0),
	(38687, 'Skybreaker Mortar Soldier (2)', '', '', 72, 7, 0, 1, 0, 36978, 0, 30602, 0, 0, 0, 3.5, 1, 0, 0, 0, 0, 0, 0, 0, 0),
	(38688, 'Skybreaker Mortar Soldier (3)', '', '', 72, 7, 0, 1, 0, 36978, 0, 30602, 0, 0, 0, 7, 1, 0, 0, 0, 0, 0, 0, 0, 0),
	(36978, 'Skybreaker Mortar Soldier', '', '', 72, 7, 0, 1, 0, 0, 0, 30602, 0, 0, 0, 3.5, 1, 0, 0, 0, 0, 0, 0, 0, 0),
	(15092, 'Skybreaker Protector (1)', '', '', 72, 7, 0, 1, 0, 36998, 0, 30452, 30450, 0, 0, 35, 10, 0, 0, 0, 0, 0, 0, 0, 0),
	(15093, 'Skybreaker Protector (2)', '', '', 72, 7, 0, 1, 0, 36998, 0, 30452, 30450, 0, 0, 35, 10, 0, 0, 0, 0, 0, 0, 0, 0),
	(15094, 'Skybreaker Protector (3)', '', '', 72, 7, 0, 1, 0, 36998, 0, 30452, 30450, 0, 0, 35, 10, 0, 0, 0, 0, 0, 0, 0, 0),
	(36998, 'Skybreaker Protector', '', '', 72, 7, 0, 1, 0, 0, 0, 30452, 30450, 0, 0, 35, 10, 0, 0, 0, 0, 0, 0, 0, 0),
	(38408, 'Skybreaker Rifleman (1)', '', '', 72, 7, 0, 1, 0, 36969, 0, 30603, 30604, 30605, 0, 16, 1, 0, 0, 0, 0, 0, 0, 0, 0),
	(38689, 'Skybreaker Rifleman (2)', '', '', 72, 7, 0, 1, 0, 36969, 0, 30603, 30604, 30605, 0, 8, 1, 0, 0, 0, 0, 0, 0, 0, 0),
	(38690, 'Skybreaker Rifleman (3)', '', '', 72, 7, 0, 1, 0, 36969, 0, 30603, 30604, 30605, 0, 16, 1, 0, 0, 0, 0, 0, 0, 0, 0),
	(36969, 'Skybreaker Rifleman', '', '', 72, 7, 0, 1, 0, 0, 0, 30603, 30604, 30605, 0, 8, 1, 0, 0, 0, 0, 0, 0, 0, 0),
	(38261, 'Skybreaker Sergeant (1)', '', '', 72, 7, 0, 1, 0, 36961, 0, 30606, 30607, 30608, 0, 40, 1, 0, 0, 0, 0, 0, 0, 0, 0),
	(38691, 'Skybreaker Sergeant (2)', '', '', 72, 7, 0, 1, 0, 36961, 0, 30606, 30607, 30608, 0, 20, 1, 0, 0, 0, 0, 0, 0, 0, 0),
	(38692, 'Skybreaker Sergeant (3)', '', '', 72, 7, 0, 1, 0, 36961, 0, 30606, 30607, 30608, 0, 40, 1, 0, 0, 0, 0, 0, 0, 0, 0),
	(36961, 'Skybreaker Sergeant', '', '', 72, 7, 0, 1, 0, 0, 0, 30606, 30607, 30608, 0, 20, 1, 0, 0, 0, 0, 0, 0, 0, 0),
	(15095, 'Skybreaker Sorcerer (1)', '', '', 72, 7, 0, 1, 0, 37026, 0, 30469, 30470, 30469, 0, 25, 10, 0, 0, 0, 0, 0, 0, 0, 0),
	(15096, 'Skybreaker Sorcerer (2)', '', '', 72, 7, 0, 1, 0, 37026, 0, 30469, 30470, 30469, 0, 25, 10, 0, 0, 0, 0, 0, 0, 0, 0),
	(15097, 'Skybreaker Sorcerer (3)', '', '', 72, 7, 0, 1, 0, 37026, 0, 30469, 30470, 30469, 0, 25, 10, 0, 0, 0, 0, 0, 0, 0, 0),
	(37026, 'Skybreaker Sorcerer', '', '', 72, 7, 0, 1, 0, 0, 0, 30469, 30470, 0, 0, 25, 10, 0, 0, 0, 0, 0, 0, 0, 0),
	(38256, 'Skybreaker Sorcerer (1)', '', '', 72, 7, 0, 1, 0, 37116, 0, 30609, 30610, 30611, 0, 60, 1, 0, 0, 0, 0, 0, 0, 0, 0),
	(38693, 'Skybreaker Sorcerer (2)', '', '', 72, 7, 0, 1, 0, 37116, 0, 30609, 30610, 30611, 0, 15, 1, 0, 0, 0, 0, 0, 0, 0, 0),
	(38694, 'Skybreaker Sorcerer (3)', '', '', 72, 7, 0, 1, 0, 37116, 0, 30609, 30610, 30611, 0, 60, 1, 0, 0, 0, 0, 0, 0, 0, 0),
	(37116, 'Skybreaker Sorcerer', '', '', 72, 7, 0, 1, 0, 0, 0, 30609, 30610, 30611, 0, 15, 1, 0, 0, 0, 0, 0, 0, 0, 0),
	(15051, 'Skybreaker Summoner (1)', '', '', 72, 7, 0, 1, 0, 37148, 0, 30535, 30536, 0, 0, 25, 10, 0, 0, 0, 0, 0, 0, 0, 0),
	(15052, 'Skybreaker Summoner (2)', '', '', 72, 7, 0, 1, 0, 37148, 0, 30535, 30536, 0, 0, 25, 10, 0, 0, 0, 0, 0, 0, 0, 0),
	(15053, 'Skybreaker Summoner (3)', '', '', 72, 7, 0, 1, 0, 37148, 0, 30535, 30536, 0, 0, 25, 10, 0, 0, 0, 0, 0, 0, 0, 0),
	(37148, 'Skybreaker Summoner', '', '', 72, 7, 0, 1, 0, 0, 0, 30535, 30536, 0, 0, 25, 10, 0, 0, 0, 0, 0, 0, 0, 0),
	(14573, 'Skybreaker Vicar (1)', '', '', 72, 7, 0, 1, 0, 37021, 0, 30467, 30468, 0, 0, 75, 10, 0, 0, 0, 0, 0, 0, 0, 0),
	(14574, 'Skybreaker Vicar (2)', '', '', 72, 7, 0, 1, 0, 37021, 0, 30467, 30468, 0, 0, 25, 10, 0, 0, 0, 0, 0, 0, 0, 0),
	(14575, 'Skybreaker Vicar (3)', '', '', 72, 7, 0, 1, 0, 37021, 0, 30467, 30468, 0, 0, 75, 10, 0, 0, 0, 0, 0, 0, 0, 0),
	(37021, 'Skybreaker Vicar', '', '', 72, 7, 0, 1, 0, 0, 0, 30467, 30468, 0, 0, 25, 10, 0, 0, 0, 0, 0, 0, 0, 0),
	(15098, 'Skybreaker Vindicator (1)', '', '', 72, 7, 0, 1, 0, 37003, 0, 30453, 30454, 0, 0, 35, 10, 0, 0, 0, 0, 0, 0, 0, 0),
	(15099, 'Skybreaker Vindicator (2)', '', '', 72, 7, 0, 1, 0, 37003, 0, 30453, 30454, 0, 0, 35, 10, 0, 0, 0, 0, 0, 0, 0, 0),
	(15100, 'Skybreaker Vindicator (3)', '', '', 72, 7, 0, 1, 0, 37003, 0, 30453, 30454, 0, 0, 35, 10, 0, 0, 0, 0, 0, 0, 0, 0),
	(37003, 'Skybreaker Vindicator', '', '', 72, 7, 0, 1, 0, 0, 0, 30453, 30454, 0, 0, 35, 10, 0, 0, 0, 0, 0, 0, 0, 0),
	(14917, 'Spire Frostwyrm (1)', '', '', 72, 6, 0, 1, 0, 37230, 0, 30902, 0, 0, 0, 80, 10, 0, 0, 0, 0, 0, 0, 0, 0),
	(10115, 'Spinestalker (1)', '', '', 72, 6, 0, 1, 0, 37534, 0, 27982, 0, 0, 0, 550, 10, 0, 0, 0, 0, 0, 0, 0, 0),
	(10121, 'Spinestalker (2)', '', '', 72, 6, 0, 1, 0, 37534, 0, 27982, 0, 0, 0, 240, 10, 0, 0, 0, 0, 0, 0, 0, 0),
	(10122, 'Spinestalker (3)', '', '', 72, 6, 0, 1, 0, 37534, 0, 27982, 0, 0, 0, 550, 10, 0, 0, 0, 0, 0, 0, 0, 0),
	(37534, 'Spinestalker', '', '', 72, 6, 0, 1, 0, 0, 0, 27982, 0, 0, 0, 240, 10, 0, 0, 0, 0, 0, 0, 0, 0),
	(14918, 'Spire Frostwyrm (2)', '', '', 72, 6, 0, 1, 0, 37230, 0, 30902, 0, 0, 0, 80, 10, 0, 0, 0, 0, 0, 0, 0, 0),
	(14919, 'Spire Frostwyrm (3)', '', '', 72, 6, 0, 1, 0, 37230, 0, 30902, 0, 0, 0, 80, 10, 0, 0, 0, 0, 0, 0, 0, 0),
	(37230, 'Spire Frostwyrm', '', '', 72, 6, 0, 1, 0, 0, 0, 30902, 0, 0, 0, 80, 10, 0, 0, 0, 0, 0, 0, 0, 0),
	(14925, 'Spire Gargoyle (1)', '', '', 72, 6, 0, 1, 0, 37544, 0, 14696, 0, 0, 0, 25, 10, 0, 0, 0, 0, 0, 0, 0, 0),
	(14926, 'Spire Gargoyle (2)', '', '', 72, 6, 0, 1, 0, 37544, 0, 14696, 0, 0, 0, 25, 10, 0, 0, 0, 0, 0, 0, 0, 0),
	(14927, 'Spire Gargoyle (3)', '', '', 72, 6, 0, 1, 0, 37544, 0, 14696, 0, 0, 0, 25, 10, 0, 0, 0, 0, 0, 0, 0, 0),
	(37544, 'Spire Gargoyle', '', '', 72, 6, 0, 1, 0, 0, 0, 14696, 0, 0, 0, 25, 10, 0, 0, 0, 0, 0, 0, 0, 0),
	(14931, 'Spire Minion (1)', '', '', 72, 6, 0, 1, 0, 37545, 0, 30656, 0, 0, 0, 25, 10, 0, 0, 0, 0, 0, 0, 0, 0),
	(14932, 'Spire Minion (2)', '', '', 72, 6, 0, 1, 0, 37545, 0, 30656, 0, 0, 0, 25, 10, 0, 0, 0, 0, 0, 0, 0, 0),
	(14933, 'Spire Minion (3)', '', '', 72, 6, 0, 1, 0, 37545, 0, 30656, 0, 0, 0, 25, 10, 0, 0, 0, 0, 0, 0, 0, 0),
	(37545, 'Spire Minion', '', '', 72, 6, 0, 1, 0, 0, 0, 30656, 0, 0, 0, 25, 10, 0, 0, 0, 0, 0, 0, 0, 0),
	(14648, 'Stinky (1)', '', '', 72, 6, 0, 1, 0, 37025, 0, 30483, 0, 0, 0, 700, 2, 0, 0, 0, 0, 0, 0, 0, 0),
	(10245, 'Spirit Warden (1)', '', '', 4096, 6, 0, 1, 0, 36824, 0, 31471, 0, 0, 0, 20, 15, 0, 0, 0, 0, 0, 0, 0, 0),
	(10246, 'Spirit Warden (2)', '', '', 4096, 6, 0, 1, 0, 36824, 0, 31471, 0, 0, 0, 20, 15, 0, 0, 0, 0, 0, 0, 0, 0),
	(10247, 'Spirit Warden (3)', '', '', 4096, 6, 0, 1, 0, 36824, 0, 31471, 0, 0, 0, 20, 15, 0, 0, 0, 0, 0, 0, 0, 0),
	(36824, 'Spirit Warden', '', '', 4096, 6, 0, 1, 0, 0, 38121, 31471, 0, 0, 0, 20, 15, 0, 0, 0, 0, 0, 0, 0, 0),
	(14649, 'Stinky (2)', '', '', 72, 6, 0, 1, 0, 37025, 0, 30483, 0, 0, 0, 250, 2, 0, 0, 0, 0, 0, 0, 0, 0),
	(14650, 'Stinky (3)', '', '', 72, 6, 0, 1, 0, 37025, 0, 30483, 0, 0, 0, 700, 2, 0, 0, 0, 0, 0, 0, 0, 0),
	(37025, 'Stinky', '', '', 72, 6, 0, 1, 0, 0, 0, 30483, 0, 0, 0, 250, 2, 0, 0, 0, 0, 0, 0, 0, 164),
	(38171, 'Suppresser (1)', '', '', 8, 6, 0, 1, 0, 37863, 0, 25592, 0, 0, 0, 10, 1, 0, 0, 0, 0, 0, 0, 0, 0),
	(38727, 'Suppresser (2)', '', '', 8, 6, 0, 1, 0, 37863, 0, 25592, 0, 0, 0, 3, 1, 0, 0, 0, 0, 0, 0, 0, 0),
	(38737, 'Suppresser (3)', '', '', 8, 6, 0, 1, 0, 37863, 0, 25592, 0, 0, 0, 10, 1, 0, 0, 0, 0, 0, 0, 0, 0),
	(37863, 'Suppresser', '', '', 8, 6, 0, 1, 0, 0, 0, 25592, 0, 0, 0, 3, 1, 0, 0, 0, 0, 0, 0, 0, 0);

--
-- Insert creature_proto IceCrownCitadel
--
INSERT INTO `creature_proto` (`entry`, `minlevel`, `maxlevel`, `faction`, `minhealth`, `maxhealth`, `mana`, `scale`, `npcflags`, `attacktime`, `attacktype`, `mindamage`, `maxdamage`, `can_ranged`, `rangedattacktime`, `rangedmindamage`, `rangedmaxdamage`, `respawntime`, `armor`, `resistance1`, `resistance2`, `resistance3`, `resistance4`, `resistance5`, `resistance6`, `combat_reach`, `bounding_radius`, `auras`, `boss`, `money`, `invisibility_type`, `walk_speed`, `run_speed`, `fly_speed`, `extra_a9_flags`, `spell1`, `spell2`, `spell3`, `spell4`, `spell5`, `spell6`, `spell7`, `spell8`, `spell_flags`, `modImmunities`, `isTrainingDummy`, `guardtype`, `summonguard`, `spelldataid`, `vehicleid`, `rooted`) VALUES
	(38157, 83, 83, 84, 2440375, 2440375, 0, 1, 0, 2000, 0, 2863.12, 3841.88, 0, 0, 0, 0, 0, 10673, 0, 0, 0, 0, 0, 0, 0, 0, '', 0, 0, 0, 2.5, 8, 14, 0, 0, 0, 0, 0, 0, 0, 0, 0, 0, 0, 0, 0, 0, 0, 0, 0),
	(38639, 83, 83, 84, 2440375, 2440375, 0, 1, 0, 2000, 0, 2863.12, 3841.88, 0, 0, 0, 0, 0, 10673, 0, 0, 0, 0, 0, 0, 0, 0, '', 0, 0, 0, 2.5, 8, 14, 0, 0, 0, 0, 0, 0, 0, 0, 0, 0, 0, 0, 0, 0, 0, 0, 0),
	(38640, 83, 83, 84, 3548000, 3548000, 0, 1, 0, 2000, 0, 2863.12, 3841.88, 0, 0, 0, 0, 0, 10673, 0, 0, 0, 0, 0, 0, 0, 0, '', 0, 0, 0, 2.5, 8, 14, 0, 0, 0, 0, 0, 0, 0, 0, 0, 0, 0, 0, 0, 0, 0, 0, 0),
	(36948, 83, 83, 84, 1241800, 1241800, 0, 1, 0, 1500, 0, 2863.12, 3841.88, 0, 0, 0, 0, 0, 10673, 0, 0, 0, 0, 0, 0, 0, 0, '70339 69637 69638 69638', 0, 0, 0, 2.5, 8, 14, 0, 15284, 70309, 0, 0, 0, 0, 0, 0, 0, 0, 0, 0, 0, 0, 0, 0),
	(14838, 80, 80, 21, 1134000, 1134000, 3994, 1, 0, 2000, 0, 3127.5, 4365, 1, 2000, 682, 1012, 0, 9633, 0, 0, 0, 0, 0, 0, 0, 0, '', 0, 0, 0, 2.5, 8, 14, 0, 0, 0, 0, 0, 0, 0, 0, 0, 0, 0, 0, 0, 0, 0, 0, 0),
	(14839, 80, 80, 21, 315000, 315000, 3994, 1, 0, 2000, 0, 3127.5, 4365, 1, 2000, 682, 1012, 0, 9633, 0, 0, 0, 0, 0, 0, 0, 0, '', 0, 0, 0, 2.5, 8, 14, 0, 0, 0, 0, 0, 0, 0, 0, 0, 0, 0, 0, 0, 0, 0, 0, 0),
	(14840, 80, 80, 21, 1134000, 1134000, 3994, 1, 0, 2000, 0, 3127.5, 4365, 1, 2000, 682, 1012, 0, 9633, 0, 0, 0, 0, 0, 0, 0, 0, '', 0, 0, 0, 2.5, 8, 14, 0, 0, 0, 0, 0, 0, 0, 0, 0, 0, 0, 0, 0, 0, 0, 0, 0),
	(36725, 80, 80, 21, 315000, 315000, 3994, 1, 0, 2000, 0, 3127.5, 4365, 1, 2000, 682, 1012, 0, 9706, 0, 0, 0, 0, 0, 0, 0, 0, '18950 18950', 0, 0, 0, 2.5, 8, 14, 0, 70965, 71020, 70980, 0, 0, 0, 0, 0, 0, 4, 0, 0, 0, 0, 0, 0),
	(10190, 80, 80, 21, 37800, 37800, 0, 1, 0, 2000, 0, 590.8, 820.4, 1, 2000, 690, 1018, 0, 9730, 0, 0, 0, 0, 0, 0, 0, 0, '', 0, 0, 0, 2.5, 8, 14, 0, 0, 0, 0, 0, 0, 0, 0, 0, 0, 0, 0, 0, 0, 0, 0, 0),
	(10191, 80, 80, 21, 12600, 12600, 0, 1, 0, 2000, 0, 590.8, 820.4, 1, 2000, 690, 1018, 0, 9730, 0, 0, 0, 0, 0, 0, 0, 0, '', 0, 0, 0, 2.5, 8, 14, 0, 0, 0, 0, 0, 0, 0, 0, 0, 0, 0, 0, 0, 0, 0, 0, 0),
	(10192, 80, 80, 21, 37800, 37800, 0, 1, 0, 2000, 0, 590.8, 820.4, 1, 2000, 690, 1018, 0, 9730, 0, 0, 0, 0, 0, 0, 0, 0, '', 0, 0, 0, 2.5, 8, 14, 0, 0, 0, 0, 0, 0, 0, 0, 0, 0, 0, 0, 0, 0, 0, 0, 0),
	(37232, 80, 80, 21, 12600, 12600, 0, 1, 0, 2000, 0, 590.8, 820.4, 1, 2000, 690, 1018, 0, 9730, 0, 0, 0, 0, 0, 0, 0, 0, '', 0, 0, 0, 2.5, 8, 14, 0, 0, 0, 0, 0, 0, 0, 0, 0, 0, 4, 0, 0, 0, 0, 0, 0),
	(10139, 80, 80, 21, 1008000, 1008000, 0, 1, 0, 2000, 0, 3165, 4395, 1, 2000, 690, 1018, 0, 9730, 0, 0, 0, 0, 0, 0, 3, 0.62, '', 0, 7724, 0, 2.5, 8, 14, 0, 0, 0, 0, 0, 0, 0, 0, 0, 0, 0, 0, 0, 0, 0, 0, 0),
	(10140, 80, 80, 21, 315000, 315000, 0, 1, 0, 2000, 0, 3165, 4395, 1, 2000, 690, 1018, 0, 9730, 0, 0, 0, 0, 0, 0, 3, 0.62, '', 0, 7724, 0, 2.5, 8, 14, 0, 0, 0, 0, 0, 0, 0, 0, 0, 0, 0, 0, 0, 0, 0, 0, 0),
	(10141, 80, 80, 21, 1008000, 1008000, 0, 1, 0, 2000, 0, 3165, 4395, 1, 2000, 690, 1018, 0, 9730, 0, 0, 0, 0, 0, 0, 3, 0.62, '', 0, 7724, 0, 2.5, 8, 14, 0, 0, 0, 0, 0, 0, 0, 0, 0, 0, 0, 0, 0, 0, 0, 0, 0),
	(37501, 80, 80, 21, 315000, 315000, 0, 1, 0, 2000, 0, 3165, 4395, 1, 2000, 690, 1018, 0, 9730, 0, 0, 0, 0, 0, 0, 3, 0.62, '', 0, 7724, 0, 2.5, 8, 14, 0, 71801, 0, 0, 0, 0, 0, 0, 0, 0, 4, 0, 0, 0, 0, 0, 0),
	(10142, 80, 80, 21, 756000, 756000, 47928, 1, 0, 2000, 0, 3127.5, 4365, 1, 2000, 682, 1012, 0, 9633, 0, 0, 0, 0, 0, 0, 0, 0, '', 0, 7788, 0, 2.5, 8, 14, 0, 0, 0, 0, 0, 0, 0, 0, 0, 0, 0, 0, 0, 0, 0, 0, 0),
	(10143, 80, 80, 21, 315000, 315000, 47928, 1, 0, 2000, 0, 3127.5, 4365, 1, 2000, 682, 1012, 0, 9633, 0, 0, 0, 0, 0, 0, 0, 0, '', 0, 7788, 0, 2.5, 8, 14, 0, 0, 0, 0, 0, 0, 0, 0, 0, 0, 0, 0, 0, 0, 0, 0, 0),
	(10144, 80, 80, 21, 756000, 756000, 47928, 1, 0, 2000, 0, 3127.5, 4365, 1, 2000, 682, 1012, 0, 9633, 0, 0, 0, 0, 0, 0, 0, 0, '', 0, 7788, 0, 2.5, 8, 14, 0, 0, 0, 0, 0, 0, 0, 0, 0, 0, 0, 0, 0, 0, 0, 0, 0),
	(37502, 80, 80, 21, 315000, 315000, 47928, 1, 0, 2000, 0, 3127.5, 4365, 1, 2000, 682, 1012, 0, 9633, 0, 0, 0, 0, 0, 0, 0, 0, '', 0, 7788, 0, 2.5, 8, 14, 0, 0, 0, 0, 0, 0, 0, 0, 0, 0, 4, 0, 0, 0, 0, 0, 0),
	(14949, 80, 80, 21, 819000, 819000, 39940, 1, 0, 2000, 0, 3127.5, 4365, 1, 2000, 682, 1012, 0, 9633, 0, 0, 0, 0, 0, 0, 0, 0, '', 0, 7687, 0, 2.5, 8, 14, 0, 0, 0, 0, 0, 0, 0, 0, 0, 0, 0, 0, 0, 0, 0, 0, 0),
	(14950, 80, 80, 21, 441000, 441000, 39940, 1, 0, 2000, 0, 3127.5, 4365, 1, 2000, 682, 1012, 0, 9633, 0, 0, 0, 0, 0, 0, 0, 0, '', 0, 7687, 0, 2.5, 8, 14, 0, 0, 0, 0, 0, 0, 0, 0, 0, 0, 0, 0, 0, 0, 0, 0, 0),
	(14951, 80, 80, 21, 819000, 819000, 39940, 1, 0, 2000, 0, 3127.5, 4365, 1, 2000, 682, 1012, 0, 9633, 0, 0, 0, 0, 0, 0, 0, 0, '', 0, 7687, 0, 2.5, 8, 14, 0, 0, 0, 0, 0, 0, 0, 0, 0, 0, 0, 0, 0, 0, 0, 0, 0),
	(37023, 80, 80, 21, 441000, 441000, 39940, 1, 0, 2000, 0, 3127.5, 4365, 1, 2000, 682, 1012, 0, 9706, 0, 0, 0, 0, 0, 0, 0, 0, '', 0, 7687, 0, 2.5, 8, 14, 0, 0, 0, 0, 0, 0, 0, 0, 0, 0, 4, 0, 0, 0, 0, 0, 0),
	(14922, 80, 80, 233, 100800, 100800, 0, 1, 0, 2000, 0, 5897, 7881, 1, 2000, 690, 1018, 0, 9730, 0, 0, 0, 0, 0, 0, 1.5, 1.5, '', 0, 0, 0, 2.5, 8, 14, 0, 0, 0, 0, 0, 0, 0, 0, 0, 0, 0, 0, 0, 0, 0, 0, 0),
	(14923, 80, 80, 233, 63000, 63000, 0, 1, 0, 2000, 0, 4747.5, 6592.5, 1, 2000, 690, 1018, 0, 9730, 0, 0, 0, 0, 0, 0, 1.5, 1.5, '', 0, 0, 0, 2.5, 8, 14, 0, 0, 0, 0, 0, 0, 0, 0, 0, 0, 0, 0, 0, 0, 0, 0, 0),
	(14924, 80, 80, 233, 100800, 100800, 0, 1, 0, 2000, 0, 5897, 7881, 1, 2000, 690, 1018, 0, 9730, 0, 0, 0, 0, 0, 0, 1.5, 1.5, '', 0, 0, 0, 2.5, 8, 14, 0, 0, 0, 0, 0, 0, 0, 0, 0, 0, 0, 0, 0, 0, 0, 0, 0),
	(38104, 80, 80, 233, 63000, 63000, 0, 1, 0, 3000, 0, 4747.5, 6592.5, 1, 2000, 690, 1018, 0, 9729, 0, 0, 0, 0, 0, 0, 1.5, 0.5205, '', 0, 0, 0, 2.5, 8, 14, 0, 0, 0, 0, 0, 0, 0, 0, 0, 0, 4, 0, 0, 0, 0, 0, 0),
	(14788, 80, 80, 21, 8820000, 8820000, 0, 1, 0, 2000, 0, 3165, 4395, 1, 2000, 690, 1018, 0, 9730, 0, 0, 0, 0, 0, 0, 0, 0, '', 0, 0, 0, 2.5, 8, 14, 0, 0, 0, 0, 0, 0, 0, 0, 0, 0, 0, 0, 0, 0, 0, 0, 0),
	(14789, 80, 80, 21, 3150000, 3150000, 0, 1, 0, 2000, 0, 3165, 4395, 1, 2000, 690, 1018, 0, 9730, 0, 0, 0, 0, 0, 0, 0, 0, '', 0, 0, 0, 2.5, 8, 14, 0, 0, 0, 0, 0, 0, 0, 0, 0, 0, 0, 0, 0, 0, 0, 0, 0),
	(14790, 80, 80, 21, 8820000, 8820000, 0, 1, 0, 2000, 0, 3165, 4395, 1, 2000, 690, 1018, 0, 9730, 0, 0, 0, 0, 0, 0, 0, 0, '', 0, 0, 0, 2.5, 8, 14, 0, 0, 0, 0, 0, 0, 0, 0, 0, 0, 0, 0, 0, 0, 0, 0, 0),
	(37217, 80, 80, 21, 3150000, 3150000, 0, 1, 0, 2000, 0, 3165, 4395, 1, 2000, 690, 1018, 0, 9729, 0, 0, 0, 0, 0, 0, 0, 0, '70404', 0, 0, 0, 2.5, 8, 14, 0, 0, 0, 0, 0, 0, 0, 0, 0, 0, 4, 0, 0, 0, 0, 0, 0),
	(10404, 80, 80, 21, 630000, 630000, 0, 1, 0, 2000, 0, 3165, 4395, 1, 2000, 690, 1018, 0, 9729, 0, 0, 0, 0, 0, 0, 0, 2, '', 0, 7587, 0, 2.5, 8, 14, 0, 71089, 71088, 0, 0, 0, 0, 0, 0, 0, 4, 0, 0, 0, 0, 0, 0),
	(14654, 80, 80, 21, 2268000, 2268000, 0, 1, 0, 2000, 0, 3165, 4395, 1, 2000, 690, 1018, 0, 9730, 0, 0, 0, 0, 0, 0, 1.875, 0.3825, '', 0, 7587, 0, 2.5, 8, 14, 0, 0, 0, 0, 0, 0, 0, 0, 0, 0, 1, 0, 0, 0, 0, 0, 0),
	(14655, 80, 80, 21, 630000, 630000, 0, 1, 0, 2000, 0, 3165, 4395, 1, 2000, 690, 1018, 0, 9730, 0, 0, 0, 0, 0, 0, 1.875, 0.3825, '', 0, 7587, 0, 2.5, 8, 14, 0, 0, 0, 0, 0, 0, 0, 0, 0, 0, 1, 0, 0, 0, 0, 0, 0),
	(14656, 80, 80, 21, 2268000, 2268000, 0, 1, 0, 2000, 0, 3165, 4395, 1, 2000, 690, 1018, 0, 9730, 0, 0, 0, 0, 0, 0, 1.875, 0.3825, '', 0, 7587, 0, 2.5, 8, 14, 0, 0, 0, 0, 0, 0, 0, 0, 0, 0, 1, 0, 0, 0, 0, 0, 0),
	(10109, 82, 82, 21, 7414550, 7414550, 41690, 1, 0, 2000, 0, 3472.5, 4800, 1, 2000, 720, 1040, 0, 10225, 0, 0, 0, 0, 0, 0, 9, 0.93, '', 0, 0, 0, 2.5, 8, 14, 0, 0, 0, 0, 0, 0, 0, 0, 0, 0, 0, 0, 0, 0, 0, 0, 0),
	(10110, 82, 82, 21, 3235440, 3235440, 41690, 1, 0, 2000, 0, 3472.5, 4800, 1, 2000, 720, 1040, 0, 10225, 0, 0, 0, 0, 0, 0, 9, 0.93, '', 0, 0, 0, 2.5, 8, 14, 0, 0, 0, 0, 0, 0, 0, 0, 0, 0, 0, 0, 0, 0, 0, 0, 0),
	(10111, 82, 82, 21, 7414550, 7414550, 41690, 1, 0, 2000, 0, 3472.5, 4800, 1, 2000, 720, 1040, 0, 10225, 0, 0, 0, 0, 0, 0, 9, 0.93, '', 0, 0, 0, 2.5, 8, 14, 0, 0, 0, 0, 0, 0, 0, 0, 0, 0, 0, 0, 0, 0, 0, 0, 0),
	(37533, 82, 82, 21, 3235440, 3235440, 41690, 1, 0, 2000, 0, 3472.5, 4800, 1, 2000, 720, 1040, 0, 10253, 0, 0, 0, 0, 0, 0, 9, 0.93, '57764', 0, 0, 0, 2.5, 8, 14, 0, 71387, 71386, 71376, 0, 0, 0, 0, 0, 0, 4, 0, 0, 0, 0, 0, 0),
	(38167, 81, 81, 16, 325825, 325825, 81620, 1, 0, 2000, 0, 3187.5, 4515, 1, 2000, 702, 1022, 0, 9929, 0, 0, 0, 0, 0, 0, 2.25, 1.5, '', 0, 0, 0, 2.5, 8, 14, 0, 0, 0, 0, 0, 0, 0, 0, 0, 0, 0, 0, 0, 0, 0, 0, 0),
	(38725, 81, 81, 16, 104264, 104264, 81620, 1, 0, 2000, 0, 3187.5, 4515, 1, 2000, 702, 1022, 0, 9929, 0, 0, 0, 0, 0, 0, 2.25, 1.5, '', 0, 0, 0, 2.5, 8, 14, 0, 0, 0, 0, 0, 0, 0, 0, 0, 0, 0, 0, 0, 0, 0, 0, 0),
	(38735, 81, 81, 16, 325825, 325825, 81620, 1, 0, 2000, 0, 3187.5, 4515, 1, 2000, 702, 1022, 0, 9929, 0, 0, 0, 0, 0, 0, 2.25, 1.5, '', 0, 0, 0, 2.5, 8, 14, 0, 0, 0, 0, 0, 0, 0, 0, 0, 0, 0, 0, 0, 0, 0, 0, 0),
	(37868, 81, 81, 16, 104264, 104264, 81620, 1, 0, 2000, 0, 3187.5, 4515, 1, 2000, 702, 1022, 0, 10007, 0, 0, 0, 0, 0, 0, 2.25, 1.5, '', 0, 0, 0, 2.5, 8, 14, 0, 70602, 70759, 0, 0, 0, 0, 0, 0, 0, 4, 0, 0, 0, 0, 0, 0),
	(14791, 82, 82, 16, 808800, 808800, 91600, 1, 0, 2000, 0, 2715, 3900, 1, 2000, 720, 1046, 0, 8262, 0, 0, 0, 0, 0, 0, 0, 0, '', 0, 0, 0, 2.5, 8, 14, 0, 0, 0, 0, 0, 0, 0, 0, 0, 0, 0, 0, 0, 0, 0, 0, 0),
	(14792, 82, 82, 16, 377440, 377440, 91600, 1, 0, 2000, 0, 2715, 3900, 1, 2000, 720, 1046, 0, 8262, 0, 0, 0, 0, 0, 0, 0, 0, '', 0, 0, 0, 2.5, 8, 14, 0, 0, 0, 0, 0, 0, 0, 0, 0, 0, 0, 0, 0, 0, 0, 0, 0),
	(14793, 82, 82, 16, 808800, 808800, 91600, 1, 0, 2000, 0, 2715, 3900, 1, 2000, 720, 1046, 0, 8262, 0, 0, 0, 0, 0, 0, 0, 0, '', 0, 0, 0, 2.5, 8, 14, 0, 0, 0, 0, 0, 0, 0, 0, 0, 0, 0, 0, 0, 0, 0, 0, 0),
	(36844, 82, 82, 16, 377440, 377440, 91600, 1, 0, 2000, 0, 2715, 3900, 1, 2000, 720, 1046, 0, 8340, 0, 0, 0, 0, 0, 0, 0, 0, '', 0, 0, 0, 2.5, 8, 14, 0, 69576, 71108, 69405, 69404, 0, 0, 0, 0, 0, 4, 0, 0, 0, 0, 0, 0),
	(38168, 80, 80, 16, 63000, 63000, 0, 1, 0, 2000, 0, 3165, 4395, 0, 0, 0, 0, 0, 9730, 0, 0, 0, 0, 0, 0, 0.75, 0.45, '', 0, 0, 0, 2.5, 8, 14, 0, 0, 0, 0, 0, 0, 0, 0, 0, 0, 0, 0, 0, 0, 0, 0, 0),
	(38726, 80, 80, 16, 25200, 25200, 0, 1, 0, 2000, 0, 3165, 4395, 0, 0, 0, 0, 0, 9730, 0, 0, 0, 0, 0, 0, 0.75, 0.45, '', 0, 0, 0, 2.5, 8, 14, 0, 0, 0, 0, 0, 0, 0, 0, 0, 0, 0, 0, 0, 0, 0, 0, 0),
	(38736, 80, 80, 16, 63000, 63000, 0, 1, 0, 2000, 0, 3165, 4395, 0, 0, 0, 0, 0, 9730, 0, 0, 0, 0, 0, 0, 0.75, 0.45, '', 0, 0, 0, 2.5, 8, 14, 0, 0, 0, 0, 0, 0, 0, 0, 0, 0, 0, 0, 0, 0, 0, 0, 0),
	(37907, 80, 80, 16, 25200, 25200, 0, 1, 0, 2000, 0, 3165, 4395, 0, 0, 0, 0, 0, 9730, 0, 0, 0, 0, 0, 0, 0.75, 0.45, '72962', 0, 0, 0, 2.5, 8, 14, 0, 0, 0, 0, 0, 0, 0, 0, 0, 0, 0, 0, 0, 0, 0, 0, 0),
	(14797, 80, 80, 21, 1260000, 1260000, 99850, 1, 0, 2000, 0, 3127.5, 4365, 1, 2000, 682, 1012, 0, 9633, 0, 0, 0, 0, 0, 0, 2, 0.62, '', 0, 7604, 0, 2.5, 8, 14, 0, 0, 0, 0, 0, 0, 0, 0, 0, 0, 0, 0, 0, 0, 0, 0, 0),
	(14798, 80, 80, 21, 378000, 378000, 99850, 1, 0, 2000, 0, 3127.5, 4365, 1, 2000, 682, 1012, 0, 9633, 0, 0, 0, 0, 0, 0, 2, 0.62, '', 0, 7604, 0, 2.5, 8, 14, 0, 0, 0, 0, 0, 0, 0, 0, 0, 0, 0, 0, 0, 0, 0, 0, 0),
	(14799, 80, 80, 21, 1260000, 1260000, 99850, 1, 0, 2000, 0, 3127.5, 4365, 1, 2000, 682, 1012, 0, 9633, 0, 0, 0, 0, 0, 0, 2, 0.62, '', 0, 7604, 0, 2.5, 8, 14, 0, 0, 0, 0, 0, 0, 0, 0, 0, 0, 0, 0, 0, 0, 0, 0, 0),
	(36724, 80, 80, 21, 378000, 378000, 99850, 1, 0, 2000, 0, 3127.5, 4365, 1, 2000, 682, 1012, 0, 9706, 0, 0, 0, 0, 0, 0, 2, 0.62, '', 0, 7604, 0, 2.5, 8, 14, 0, 71029, 0, 0, 0, 0, 0, 0, 0, 0, 4, 0, 0, 0, 0, 0, 0),
	(14805, 80, 80, 16, 315000, 315000, 3994, 1, 0, 2000, 0, 3127.5, 4365, 1, 2000, 682, 1012, 0, 9633, 0, 0, 0, 0, 0, 0, 1.875, 1.25, '', 0, 0, 0, 2.5, 8, 14, 0, 0, 0, 0, 0, 0, 0, 0, 0, 0, 0, 0, 0, 0, 0, 0, 0),
	(14806, 80, 80, 16, 126000, 126000, 3994, 1, 0, 2000, 0, 3127.5, 4365, 1, 2000, 682, 1012, 0, 9633, 0, 0, 0, 0, 0, 0, 1.875, 1.25, '', 0, 0, 0, 2.5, 8, 14, 0, 0, 0, 0, 0, 0, 0, 0, 0, 0, 0, 0, 0, 0, 0, 0, 0),
	(14807, 80, 80, 16, 315000, 315000, 3994, 1, 0, 2000, 0, 3127.5, 4365, 1, 2000, 682, 1012, 0, 9633, 0, 0, 0, 0, 0, 0, 1.875, 1.25, '', 0, 0, 0, 2.5, 8, 14, 0, 0, 0, 0, 0, 0, 0, 0, 0, 0, 0, 0, 0, 0, 0, 0, 0),
	(38410, 80, 80, 16, 126000, 126000, 3994, 1, 0, 2000, 0, 3127.5, 4365, 1, 2000, 682, 1012, 0, 9706, 0, 0, 0, 0, 0, 0, 1.875, 1.25, '', 0, 0, 0, 2.5, 8, 14, 0, 0, 0, 0, 0, 0, 0, 0, 0, 0, 4, 0, 0, 0, 0, 0, 0),
	(39299, 83, 83, 21, 4700500, 4700500, 0, 1, 0, 2000, 0, 3817.5, 5122.5, 1, 2000, 742, 1070, 0, 10627, 0, 0, 0, 0, 0, 0, 2, 0.62, '', 0, 0, 0, 2.5, 8, 14, 0, 0, 0, 0, 0, 0, 0, 0, 0, 0, 0, 0, 0, 0, 0, 0, 0),
	(39300, 83, 83, 21, 2034500, 2034500, 0, 1, 0, 2000, 0, 3817.5, 5122.5, 1, 2000, 742, 1070, 0, 10627, 0, 0, 0, 0, 0, 0, 2, 0.62, '', 0, 0, 0, 2.5, 8, 14, 0, 0, 0, 0, 0, 0, 0, 0, 0, 0, 0, 0, 0, 0, 0, 0, 0),
	(39301, 83, 83, 21, 4700500, 4700500, 0, 1, 0, 2000, 0, 3817.5, 5122.5, 1, 2000, 742, 1070, 0, 10627, 0, 0, 0, 0, 0, 0, 2, 0.62, '', 0, 0, 0, 2.5, 8, 14, 0, 0, 0, 0, 0, 0, 0, 0, 0, 0, 0, 0, 0, 0, 0, 0, 0),
	(37698, 83, 83, 21, 2034500, 2034500, 0, 1, 0, 2000, 0, 3817.5, 5122.5, 1, 2000, 742, 1070, 0, 10627, 0, 0, 0, 0, 0, 0, 2, 0.62, '', 0, 0, 0, 2.5, 8, 14, 0, 72146, 73794, 0, 0, 0, 0, 0, 0, 0, 4, 0, 0, 0, 0, 0, 0),
	(10112, 82, 82, 2209, 4676400, 4676400, 83380, 1, 0, 2000, 0, 3472.5, 4800, 1, 2000, 720, 1040, 0, 10225, 0, 0, 0, 0, 0, 0, 0, 0, '', 0, 0, 0, 2.5, 8, 14, 0, 0, 0, 0, 0, 0, 0, 0, 0, 0, 0, 0, 0, 0, 0, 0, 0),
	(10113, 82, 82, 2209, 1558800, 1558800, 83380, 1, 0, 2000, 0, 3472.5, 4800, 1, 2000, 720, 1040, 0, 10225, 0, 0, 0, 0, 0, 0, 0, 0, '', 0, 0, 0, 2.5, 8, 14, 0, 0, 0, 0, 0, 0, 0, 0, 0, 0, 0, 0, 0, 0, 0, 0, 0),
	(10114, 82, 82, 2209, 4676400, 4676400, 83380, 1, 0, 2000, 0, 3472.5, 4800, 1, 2000, 720, 1040, 0, 10225, 0, 0, 0, 0, 0, 0, 0, 0, '', 0, 0, 0, 2.5, 8, 14, 0, 0, 0, 0, 0, 0, 0, 0, 0, 0, 0, 0, 0, 0, 0, 0, 0),
	(37126, 82, 82, 2209, 1558800, 1558800, 83380, 1, 0, 2000, 0, 3472.5, 4800, 1, 2000, 720, 1040, 0, 10253, 0, 0, 0, 0, 0, 0, 0, 0, '18950 18950', 0, 0, 0, 2.5, 8, 14, 0, 71468, 71463, 71465, 0, 0, 0, 0, 0, 0, 4, 0, 0, 0, 0, 0, 0),
	(15038, 82, 82, 84, 1078480, 1078480, 0, 1, 0, 2000, 0, 3660, 4815, 1, 2000, 726, 1042, 0, 10328, 0, 0, 0, 0, 0, 0, 0, 0, '', 0, 8523, 0, 2.5, 8, 14, 0, 0, 0, 0, 0, 0, 0, 0, 0, 0, 0, 0, 0, 0, 0, 0, 0),
	(15039, 82, 82, 84, 404430, 404430, 0, 1, 0, 2000, 0, 3660, 4815, 1, 2000, 726, 1042, 0, 10328, 0, 0, 0, 0, 0, 0, 0, 0, '', 0, 8523, 0, 2.5, 8, 14, 0, 0, 0, 0, 0, 0, 0, 0, 0, 0, 0, 0, 0, 0, 0, 0, 0),
	(15040, 82, 82, 84, 1078480, 1078480, 0, 1, 0, 2000, 0, 3660, 4815, 1, 2000, 726, 1042, 0, 10328, 0, 0, 0, 0, 0, 0, 0, 0, '', 0, 8523, 0, 2.5, 8, 14, 0, 0, 0, 0, 0, 0, 0, 0, 0, 0, 0, 0, 0, 0, 0, 0, 0),
	(37017, 82, 82, 84, 404430, 404430, 0, 1, 0, 2000, 0, 3660, 4815, 1, 2000, 726, 1042, 0, 10328, 0, 0, 0, 0, 0, 0, 0, 0, '', 0, 8523, 0, 2.5, 8, 14, 0, 69921, 71128, 69920, 71145, 0, 0, 0, 0, 0, 0, 0, 0, 0, 0, 0, 0),
	(15057, 82, 82, 84, 1213290, 1213290, 0, 1, 0, 2000, 0, 3660, 4815, 1, 2000, 726, 1042, 0, 10328, 0, 0, 0, 0, 0, 0, 0, 0, '', 0, 7610, 0, 2.5, 8, 14, 0, 0, 0, 0, 0, 0, 0, 0, 0, 0, 0, 0, 0, 0, 0, 0, 0),
	(15058, 82, 82, 84, 404430, 404430, 0, 1, 0, 2000, 0, 3660, 4815, 1, 2000, 726, 1042, 0, 10356, 0, 0, 0, 0, 0, 0, 0, 0, '', 0, 7610, 0, 2.5, 8, 14, 0, 0, 0, 0, 0, 0, 0, 0, 0, 0, 0, 0, 0, 0, 0, 0, 0),
	(15059, 82, 82, 84, 1213290, 1213290, 0, 1, 0, 2000, 0, 3660, 4815, 1, 2000, 726, 1042, 0, 10328, 0, 0, 0, 0, 0, 0, 0, 0, '', 0, 7610, 0, 2.5, 8, 14, 0, 0, 0, 0, 0, 0, 0, 0, 0, 0, 0, 0, 0, 0, 0, 0, 0),
	(37004, 82, 82, 84, 404430, 404430, 0, 1, 0, 2000, 0, 3660, 4815, 1, 2000, 726, 1042, 0, 10356, 0, 0, 0, 0, 0, 0, 0, 0, '70115', 0, 7610, 0, 2.5, 8, 14, 0, 69916, 69912, 0, 0, 0, 0, 0, 0, 0, 0, 0, 0, 0, 0, 0, 0),
	(15035, 82, 82, 84, 808800, 808800, 91600, 1, 0, 2000, 0, 2715, 3900, 1, 2000, 720, 1046, 0, 8262, 0, 0, 0, 0, 0, 0, 0, 0, '', 0, 8875, 0, 2.5, 8, 14, 0, 0, 0, 0, 0, 0, 0, 0, 0, 0, 0, 0, 0, 0, 0, 0, 0),
	(15036, 82, 82, 84, 269600, 269600, 91600, 1, 0, 2000, 0, 2715, 3900, 1, 2000, 720, 1046, 0, 8340, 0, 0, 0, 0, 0, 0, 0, 0, '', 0, 8875, 0, 2.5, 8, 14, 0, 0, 0, 0, 0, 0, 0, 0, 0, 0, 0, 0, 0, 0, 0, 0, 0),
	(15037, 82, 82, 84, 808800, 808800, 91600, 1, 0, 2000, 0, 2715, 3900, 1, 2000, 720, 1046, 0, 8262, 0, 0, 0, 0, 0, 0, 0, 0, '', 0, 8875, 0, 2.5, 8, 14, 0, 0, 0, 0, 0, 0, 0, 0, 0, 0, 0, 0, 0, 0, 0, 0, 0),
	(37027, 82, 82, 84, 269600, 269600, 91600, 1, 0, 2000, 0, 2715, 3900, 1, 2000, 720, 1046, 0, 8340, 0, 0, 0, 0, 0, 0, 0, 0, '', 0, 8875, 0, 2.5, 8, 14, 0, 69899, 71121, 69882, 71141, 0, 0, 0, 0, 0, 0, 0, 0, 0, 0, 0, 0),
	(15054, 82, 82, 84, 1011075, 1011075, 41690, 1, 0, 2000, 0, 3472.5, 4800, 1, 2000, 720, 1040, 0, 10225, 0, 0, 0, 0, 0, 0, 0, 0, '', 0, 8586, 0, 2.5, 8, 14, 0, 0, 0, 0, 0, 0, 0, 0, 0, 0, 0, 0, 0, 0, 0, 0, 0),
	(15055, 82, 82, 84, 337025, 337025, 41690, 1, 0, 2000, 0, 3472.5, 4800, 1, 2000, 720, 1040, 0, 10253, 0, 0, 0, 0, 0, 0, 0, 0, '', 0, 8586, 0, 2.5, 8, 14, 0, 0, 0, 0, 0, 0, 0, 0, 0, 0, 0, 0, 0, 0, 0, 0, 0),
	(15056, 82, 82, 84, 1011075, 1011075, 41690, 1, 0, 2000, 0, 3472.5, 4800, 1, 2000, 720, 1040, 0, 10225, 0, 0, 0, 0, 0, 0, 0, 0, '', 0, 8586, 0, 2.5, 8, 14, 0, 0, 0, 0, 0, 0, 0, 0, 0, 0, 0, 0, 0, 0, 0, 0, 0),
	(37016, 82, 82, 84, 337025, 337025, 41690, 1, 0, 2000, 0, 3472.5, 4800, 1, 2000, 720, 1040, 0, 10253, 0, 0, 0, 0, 0, 0, 0, 0, '', 0, 8586, 0, 2.5, 8, 14, 0, 69923, 71120, 69926, 69958, 0, 0, 0, 0, 0, 0, 0, 0, 0, 0, 0, 0),
	(38406, 82, 82, 84, 215696, 215696, 0, 1, 0, 2000, 0, 3660, 4815, 1, 2000, 726, 1042, 0, 10328, 0, 0, 0, 0, 0, 0, 0, 0, '', 0, 0, 0, 2.5, 8, 14, 0, 0, 0, 0, 0, 0, 0, 0, 0, 0, 0, 0, 0, 0, 0, 0, 0),
	(38685, 82, 82, 84, 107848, 107848, 0, 1, 0, 2000, 0, 3660, 4815, 1, 2000, 726, 1042, 0, 10328, 0, 0, 0, 0, 0, 0, 0, 0, '', 0, 0, 0, 2.5, 8, 14, 0, 0, 0, 0, 0, 0, 0, 0, 0, 0, 0, 0, 0, 0, 0, 0, 0),
	(38686, 82, 82, 84, 215696, 215696, 0, 1, 0, 2000, 0, 3660, 4815, 1, 2000, 726, 1042, 0, 10328, 0, 0, 0, 0, 0, 0, 0, 0, '', 0, 0, 0, 2.5, 8, 14, 0, 0, 0, 0, 0, 0, 0, 0, 0, 0, 0, 0, 0, 0, 0, 0, 0),
	(36950, 82, 82, 84, 107848, 215696, 0, 1, 0, 2000, 0, 3660, 4815, 1, 2000, 726, 1042, 0, 10328, 0, 0, 0, 0, 0, 0, 0, 0, '', 0, 0, 0, 2.5, 8, 14, 0, 71335, 69647, 72536, 0, 0, 0, 0, 0, 0, 0, 0, 0, 0, 0, 0, 0),
	(15048, 82, 82, 84, 1078480, 1078480, 41690, 1, 0, 2000, 0, 3472.5, 4800, 1, 2000, 720, 1040, 0, 10225, 0, 0, 0, 0, 0, 0, 0, 0, '', 0, 7973, 0, 2.5, 8, 14, 0, 0, 0, 0, 0, 0, 0, 0, 0, 0, 0, 0, 0, 0, 0, 0, 0),
	(15049, 82, 82, 84, 404430, 404430, 41690, 1, 0, 2000, 0, 3472.5, 4800, 1, 2000, 720, 1040, 0, 10253, 0, 0, 0, 0, 0, 0, 0, 0, '', 0, 7973, 0, 2.5, 8, 14, 0, 0, 0, 0, 0, 0, 0, 0, 0, 0, 0, 0, 0, 0, 0, 0, 0),
	(15050, 82, 82, 84, 1078480, 1078480, 41690, 1, 0, 2000, 0, 3472.5, 4800, 1, 2000, 720, 1040, 0, 10225, 0, 0, 0, 0, 0, 0, 0, 0, '', 0, 7973, 0, 2.5, 8, 14, 0, 0, 0, 0, 0, 0, 0, 0, 0, 0, 0, 0, 0, 0, 0, 0, 0),
	(37144, 82, 82, 84, 404430, 404430, 41690, 1, 0, 2000, 0, 3472.5, 4800, 1, 2000, 720, 1040, 0, 10253, 0, 0, 0, 0, 0, 0, 0, 0, '', 0, 7973, 0, 2.5, 8, 14, 0, 69989, 71116, 69975, 71126, 0, 0, 0, 0, 0, 0, 0, 0, 0, 0, 0, 0),
	(38407, 82, 82, 84, 94367, 94367, 0, 1, 0, 2000, 0, 3660, 4815, 1, 2000, 726, 1042, 0, 10328, 0, 0, 0, 0, 0, 0, 0, 0, '', 0, 0, 0, 2.5, 8, 14, 0, 0, 0, 0, 0, 0, 0, 0, 0, 0, 0, 0, 0, 0, 0, 0, 0),
	(38687, 82, 82, 84, 47184, 47184, 0, 1, 0, 2000, 0, 3660, 4815, 1, 2000, 726, 1042, 0, 10328, 0, 0, 0, 0, 0, 0, 0, 0, '', 0, 0, 0, 2.5, 8, 14, 0, 0, 0, 0, 0, 0, 0, 0, 0, 0, 0, 0, 0, 0, 0, 0, 0),
	(38688, 82, 82, 84, 94367, 94367, 0, 1, 0, 2000, 0, 3660, 4815, 1, 2000, 726, 1042, 0, 10328, 0, 0, 0, 0, 0, 0, 0, 0, '', 0, 0, 0, 2.5, 8, 14, 0, 0, 0, 0, 0, 0, 0, 0, 0, 0, 0, 0, 0, 0, 0, 0, 0),
	(36978, 82, 82, 84, 47184, 94367, 0, 1, 0, 2000, 0, 3660, 4815, 1, 2000, 726, 1042, 0, 10328, 0, 0, 0, 0, 0, 0, 0, 0, '', 0, 0, 0, 2.5, 8, 14, 0, 69679, 0, 0, 0, 0, 0, 0, 0, 0, 0, 0, 0, 0, 0, 0, 0),
	(15092, 82, 82, 84, 1213290, 1213290, 0, 1, 0, 2000, 0, 3660, 4815, 1, 2000, 726, 1042, 0, 10328, 0, 0, 0, 0, 0, 0, 0, 0, '', 0, 9315, 0, 2.5, 8, 14, 0, 0, 0, 0, 0, 0, 0, 0, 0, 0, 0, 0, 0, 0, 0, 0, 0),
	(15093, 82, 82, 84, 471835, 471835, 0, 1, 0, 2000, 0, 3660, 4815, 1, 2000, 726, 1042, 0, 10328, 0, 0, 0, 0, 0, 0, 0, 0, '', 0, 9315, 0, 2.5, 8, 14, 0, 0, 0, 0, 0, 0, 0, 0, 0, 0, 0, 0, 0, 0, 0, 0, 0),
	(15094, 82, 82, 84, 1213290, 1213290, 0, 1, 0, 2000, 0, 3660, 4815, 1, 2000, 726, 1042, 0, 10328, 0, 0, 0, 0, 0, 0, 0, 0, '', 0, 9315, 0, 2.5, 8, 14, 0, 0, 0, 0, 0, 0, 0, 0, 0, 0, 0, 0, 0, 0, 0, 0, 0),
	(36998, 82, 82, 84, 471835, 471835, 0, 1, 0, 2000, 0, 3660, 4815, 1, 2000, 726, 1042, 0, 10356, 0, 0, 0, 0, 0, 0, 0, 0, '', 0, 9315, 0, 2.5, 8, 14, 0, 69902, 69903, 72645, 69901, 0, 0, 0, 0, 0, 0, 0, 0, 0, 0, 0, 0),
	(38408, 82, 82, 84, 215696, 215696, 0, 1, 0, 2000, 0, 3660, 4815, 1, 2000, 726, 1042, 0, 10328, 0, 0, 0, 0, 0, 0, 0, 0, '', 0, 0, 0, 2.5, 8, 14, 0, 0, 0, 0, 0, 0, 0, 0, 0, 0, 0, 0, 0, 0, 0, 0, 0),
	(38689, 82, 82, 84, 107848, 107848, 0, 1, 0, 2000, 0, 3660, 4815, 1, 2000, 726, 1042, 0, 10328, 0, 0, 0, 0, 0, 0, 0, 0, '', 0, 0, 0, 2.5, 8, 14, 0, 0, 0, 0, 0, 0, 0, 0, 0, 0, 0, 0, 0, 0, 0, 0, 0),
	(38690, 82, 82, 84, 215696, 215696, 0, 1, 0, 2000, 0, 3660, 4815, 1, 2000, 726, 1042, 0, 10328, 0, 0, 0, 0, 0, 0, 0, 0, '', 0, 0, 0, 2.5, 8, 14, 0, 0, 0, 0, 0, 0, 0, 0, 0, 0, 0, 0, 0, 0, 0, 0, 0),
	(36969, 82, 82, 84, 107848, 215696, 0, 1, 0, 2000, 0, 3660, 4815, 1, 2000, 726, 1042, 0, 10328, 0, 0, 0, 0, 0, 0, 0, 0, '', 0, 0, 0, 2.5, 8, 14, 0, 71335, 70162, 72566, 0, 0, 0, 0, 0, 0, 0, 0, 0, 0, 0, 0, 0),
	(38261, 82, 82, 84, 539240, 539240, 0, 1, 0, 2000, 0, 3660, 4815, 1, 2000, 726, 1042, 0, 10328, 0, 0, 0, 0, 0, 0, 0, 0, '', 0, 0, 0, 2.5, 8, 14, 0, 0, 0, 0, 0, 0, 0, 0, 0, 0, 0, 0, 0, 0, 0, 0, 0),
	(38691, 82, 82, 84, 269620, 269620, 0, 1, 0, 2000, 0, 3660, 4815, 1, 2000, 726, 1042, 0, 10328, 0, 0, 0, 0, 0, 0, 0, 0, '', 0, 0, 0, 2.5, 8, 14, 0, 0, 0, 0, 0, 0, 0, 0, 0, 0, 0, 0, 0, 0, 0, 0, 0),
	(38692, 82, 82, 84, 539240, 539240, 0, 1, 0, 2000, 0, 3660, 4815, 1, 2000, 726, 1042, 0, 5234, 0, 0, 0, 0, 0, 0, 4.455, 1.07217, '', 0, 0, 0, 2.5, 8, 14, 0, 0, 0, 0, 0, 0, 0, 0, 0, 0, 0, 0, 0, 0, 0, 0, 0),
	(36961, 82, 82, 84, 269620, 539240, 0, 1, 0, 2000, 0, 3660, 4815, 1, 2000, 726, 1042, 0, 10328, 0, 0, 0, 0, 0, 0, 0, 0, '', 0, 0, 0, 2.5, 8, 14, 0, 69653, 69652, 71335, 69647, 0, 0, 0, 0, 0, 0, 0, 0, 0, 0, 0, 0),
	(15095, 82, 82, 84, 808800, 808800, 91600, 1, 0, 2000, 0, 2715, 3900, 1, 2000, 720, 1046, 0, 8262, 0, 0, 0, 0, 0, 0, 0, 0, '', 0, 10211, 0, 2.5, 8, 14, 0, 0, 0, 0, 0, 0, 0, 0, 0, 0, 0, 0, 0, 0, 0, 0, 0),
	(15096, 82, 82, 84, 269600, 269600, 91600, 1, 0, 2280, 0, 3095.1, 4446, 1, 2000, 720, 1046, 0, 8262, 0, 0, 0, 0, 0, 0, 0, 0, '', 0, 10211, 0, 2.5, 8, 14, 0, 0, 0, 0, 0, 0, 0, 0, 0, 0, 0, 0, 0, 0, 0, 0, 0),
	(15097, 82, 82, 84, 808800, 808800, 91600, 1, 0, 2000, 0, 2715, 3900, 1, 2000, 720, 1046, 0, 8262, 0, 0, 0, 0, 0, 0, 0, 0, '', 0, 10211, 0, 2.5, 8, 14, 0, 0, 0, 0, 0, 0, 0, 0, 0, 0, 0, 0, 0, 0, 0, 0, 0),
	(37026, 82, 82, 84, 269600, 269600, 91600, 1, 0, 2280, 0, 3095.1, 4446, 1, 2000, 720, 1046, 0, 8340, 0, 0, 0, 0, 0, 0, 0, 0, '', 0, 10211, 0, 2.5, 8, 14, 0, 69904, 69869, 71130, 69810, 0, 0, 0, 0, 0, 0, 0, 0, 0, 0, 0, 0),
	(38256, 82, 82, 84, 808860, 808860, 4169, 1, 0, 2000, 0, 3472.5, 4800, 1, 2000, 720, 1040, 0, 10225, 0, 0, 0, 0, 0, 0, 0, 0, '', 0, 0, 0, 2.5, 8, 14, 0, 0, 0, 0, 0, 0, 0, 0, 0, 0, 0, 0, 0, 0, 0, 0, 0),
	(38693, 82, 82, 84, 202215, 202215, 4169, 1, 0, 2000, 0, 3472.5, 4800, 1, 2000, 720, 1040, 0, 10225, 0, 0, 0, 0, 0, 0, 0, 0, '', 0, 0, 0, 2.5, 8, 14, 0, 0, 0, 0, 0, 0, 0, 0, 0, 0, 0, 0, 0, 0, 0, 0, 0),
	(38694, 82, 82, 84, 808860, 808860, 4169, 1, 0, 2000, 0, 3472.5, 4800, 1, 2000, 720, 1040, 0, 10225, 0, 0, 0, 0, 0, 0, 0, 0, '', 0, 0, 0, 2.5, 8, 14, 0, 0, 0, 0, 0, 0, 0, 0, 0, 0, 0, 0, 0, 0, 0, 0, 0),
	(37116, 82, 82, 84, 202215, 808860, 4169, 1, 0, 2000, 0, 3472.5, 4800, 1, 2000, 720, 1040, 0, 10225, 0, 0, 0, 0, 0, 0, 0, 0, '', 0, 0, 0, 2.5, 8, 14, 0, 69705, 0, 0, 0, 0, 0, 0, 0, 0, 0, 0, 0, 0, 0, 0, 0),
	(15051, 82, 82, 84, 808800, 808800, 91600, 1, 0, 2000, 0, 2715, 3900, 1, 2000, 720, 1046, 0, 8262, 0, 0, 0, 0, 0, 0, 0, 0, '', 0, 8617, 0, 2.5, 8, 14, 0, 0, 0, 0, 0, 0, 0, 0, 0, 0, 0, 0, 0, 0, 0, 0, 0),
	(15052, 82, 82, 84, 269600, 269600, 91600, 1, 0, 2000, 0, 2715, 3900, 1, 2000, 720, 1046, 0, 8262, 0, 0, 0, 0, 0, 0, 0, 0, '', 0, 8617, 0, 2.5, 8, 14, 0, 0, 0, 0, 0, 0, 0, 0, 0, 0, 0, 0, 0, 0, 0, 0, 0),
	(15053, 82, 82, 84, 808800, 808800, 91600, 1, 0, 2000, 0, 2715, 3900, 1, 2000, 720, 1046, 0, 8262, 0, 0, 0, 0, 0, 0, 0, 0, '', 0, 8617, 0, 2.5, 8, 14, 0, 0, 0, 0, 0, 0, 0, 0, 0, 0, 0, 0, 0, 0, 0, 0, 0),
	(37148, 82, 82, 84, 269600, 269600, 91600, 1, 0, 2000, 0, 2715, 3900, 1, 2000, 720, 1046, 0, 8340, 0, 0, 0, 0, 0, 0, 0, 0, '', 0, 8617, 0, 2.5, 8, 14, 0, 69969, 71124, 69973, 71135, 0, 0, 0, 0, 0, 0, 0, 0, 0, 0, 0, 0),
	(14573, 82, 82, 84, 808800, 808800, 91600, 1, 0, 2000, 0, 2715, 3900, 1, 2000, 720, 1046, 0, 8262, 0, 0, 0, 0, 0, 0, 0, 0, '', 0, 8803, 0, 2.5, 8, 14, 0, 0, 0, 0, 0, 0, 0, 0, 0, 0, 0, 0, 0, 0, 0, 0, 0),
	(14574, 82, 82, 84, 269600, 269600, 91600, 1, 0, 2000, 0, 2715, 3900, 1, 2000, 720, 1046, 0, 8262, 0, 0, 0, 0, 0, 0, 0, 0, '', 0, 8803, 0, 2.5, 8, 14, 0, 0, 0, 0, 0, 0, 0, 0, 0, 0, 0, 0, 0, 0, 0, 0, 0),
	(14575, 82, 82, 84, 808800, 808800, 91600, 1, 0, 2000, 0, 2715, 3900, 1, 2000, 720, 1046, 0, 8262, 0, 0, 0, 0, 0, 0, 0, 0, '', 0, 8803, 0, 2.5, 8, 14, 0, 0, 0, 0, 0, 0, 0, 0, 0, 0, 0, 0, 0, 0, 0, 0, 0),
	(37021, 82, 82, 84, 269600, 808800, 91600, 1, 0, 2000, 0, 2715, 3900, 1, 2000, 720, 1046, 0, 8262, 0, 0, 0, 0, 0, 0, 0, 0, '', 0, 8803, 0, 2.5, 8, 14, 0, 69963, 71131, 69910, 69967, 0, 0, 0, 0, 0, 0, 0, 0, 0, 0, 0, 0),
	(15098, 82, 82, 84, 1213290, 1213290, 41690, 1, 0, 2000, 0, 3472.5, 4800, 1, 2000, 720, 1040, 0, 10225, 0, 0, 0, 0, 0, 0, 0, 0, '', 0, 8753, 0, 2.5, 8, 14, 0, 0, 0, 0, 0, 0, 0, 0, 0, 0, 0, 0, 0, 0, 0, 0, 0),
	(15099, 82, 82, 84, 471835, 471835, 41690, 1, 0, 2000, 0, 3958.65, 5472, 1, 2000, 720, 1040, 0, 10225, 0, 0, 0, 0, 0, 0, 0, 0, '', 0, 8753, 0, 2.5, 8, 14, 0, 0, 0, 0, 0, 0, 0, 0, 0, 0, 0, 0, 0, 0, 0, 0, 0),
	(15100, 82, 82, 84, 1213290, 1213290, 41690, 1, 0, 2000, 0, 3472.5, 4800, 1, 2000, 720, 1040, 0, 10225, 0, 0, 0, 0, 0, 0, 0, 0, '', 0, 8753, 0, 2.5, 8, 14, 0, 0, 0, 0, 0, 0, 0, 0, 0, 0, 0, 0, 0, 0, 0, 0, 0),
	(37003, 82, 82, 84, 471835, 471835, 41690, 1, 0, 2280, 0, 3958.65, 5472, 1, 2000, 720, 1040, 0, 10253, 0, 0, 0, 0, 0, 0, 0, 0, '', 0, 8753, 0, 2.5, 8, 14, 0, 69927, 71117, 69930, 71122, 0, 0, 0, 0, 0, 0, 0, 0, 0, 0, 0, 0),
	(10115, 82, 82, 21, 7414550, 7414550, 41690, 1, 0, 2000, 0, 3472.5, 4800, 1, 2000, 720, 1040, 0, 10225, 0, 0, 0, 0, 0, 0, 9, 0.93, '', 0, 0, 0, 2.5, 8, 14, 0, 0, 0, 0, 0, 0, 0, 0, 0, 0, 0, 0, 0, 0, 0, 0, 0),
	(10121, 82, 82, 21, 3235440, 3235440, 41690, 1, 0, 2000, 0, 3472.5, 4800, 1, 2000, 720, 1040, 0, 10225, 0, 0, 0, 0, 0, 0, 9, 0.93, '', 0, 0, 0, 2.5, 8, 14, 0, 0, 0, 0, 0, 0, 0, 0, 0, 0, 0, 0, 0, 0, 0, 0, 0),
	(10122, 82, 82, 21, 7414550, 7414550, 41690, 1, 0, 2000, 0, 3472.5, 4800, 1, 2000, 720, 1040, 0, 10225, 0, 0, 0, 0, 0, 0, 9, 0.93, '', 0, 0, 0, 2.5, 8, 14, 0, 0, 0, 0, 0, 0, 0, 0, 0, 0, 0, 0, 0, 0, 0, 0, 0),
	(37534, 82, 82, 21, 3235440, 3235440, 41690, 1, 0, 2000, 0, 3472.5, 4800, 1, 2000, 720, 1040, 0, 10253, 0, 0, 0, 0, 0, 0, 9, 0.93, '57764', 0, 0, 0, 2.5, 8, 14, 0, 36922, 40505, 71369, 0, 0, 0, 0, 0, 0, 4, 0, 0, 0, 0, 0, 0),
	(14917, 82, 82, 16, 5392400, 5392400, 41690, 1, 0, 2000, 0, 3472.5, 4800, 1, 2000, 720, 1040, 0, 10225, 0, 0, 0, 0, 0, 0, 0, 0, '', 0, 0, 0, 2.5, 8, 14, 0, 0, 0, 0, 0, 0, 0, 0, 0, 0, 5631, 0, 0, 0, 0, 0, 0),
	(14918, 82, 82, 16, 1078480, 1078480, 41690, 1, 0, 2000, 0, 3472.5, 4800, 1, 2000, 720, 1040, 0, 10225, 0, 0, 0, 0, 0, 0, 0, 0, '', 0, 0, 0, 2.5, 8, 14, 0, 0, 0, 0, 0, 0, 0, 0, 0, 0, 5631, 0, 0, 0, 0, 0, 0),
	(14919, 82, 82, 16, 5392400, 5392400, 41690, 1, 0, 2000, 0, 3472.5, 4800, 1, 2000, 720, 1040, 0, 10225, 0, 0, 0, 0, 0, 0, 0, 0, '', 0, 0, 0, 2.5, 8, 14, 0, 0, 0, 0, 0, 0, 0, 0, 0, 0, 5631, 0, 0, 0, 0, 0, 0),
	(37230, 82, 82, 16, 1078480, 1078480, 41690, 1, 0, 2000, 0, 3472.5, 4800, 1, 2000, 720, 1040, 0, 10253, 0, 0, 0, 0, 0, 0, 0, 0, '', 0, 0, 0, 2.5, 8, 14, 0, 70362, 71118, 70361, 70116, 0, 0, 0, 0, 0, 4, 0, 0, 0, 0, 0, 0),
	(14925, 82, 82, 2209, 1213290, 1213290, 41690, 1, 0, 2000, 0, 3472.5, 4800, 1, 2000, 720, 1040, 0, 10225, 0, 0, 0, 0, 0, 0, 3, 2, '', 0, 8736, 0, 2.5, 8, 14, 0, 0, 0, 0, 0, 0, 0, 0, 0, 0, 0, 0, 0, 0, 0, 0, 0),
	(14926, 82, 82, 2209, 337025, 337025, 41690, 1, 0, 2000, 0, 3958.65, 5472, 1, 2000, 720, 1040, 0, 10225, 0, 0, 0, 0, 0, 0, 3, 2, '', 0, 8736, 0, 2.5, 8, 14, 0, 0, 0, 0, 0, 0, 0, 0, 0, 0, 0, 0, 0, 0, 0, 0, 0),
	(14927, 82, 82, 2209, 1213290, 1213290, 41690, 1, 0, 2000, 0, 3472.5, 4800, 1, 2000, 720, 1040, 0, 10225, 0, 0, 0, 0, 0, 0, 3, 2, '', 0, 8736, 0, 2.5, 8, 14, 0, 0, 0, 0, 0, 0, 0, 0, 0, 0, 0, 0, 0, 0, 0, 0, 0),
	(37544, 82, 82, 2209, 337025, 337025, 41690, 1, 0, 2280, 0, 3958.65, 5472, 1, 2000, 720, 1040, 0, 10253, 0, 0, 0, 0, 0, 0, 3, 2, '', 0, 8736, 0, 2.5, 8, 14, 0, 70189, 0, 0, 0, 0, 0, 0, 0, 0, 4, 0, 0, 0, 0, 0, 0),
	(14931, 82, 82, 2209, 1213290, 1213290, 41690, 1, 0, 2000, 0, 3472.5, 4800, 1, 2000, 720, 1040, 0, 10225, 0, 0, 0, 0, 0, 0, 0, 0, '', 0, 8209, 0, 2.5, 8, 14, 0, 0, 0, 0, 0, 0, 0, 0, 0, 0, 0, 0, 0, 0, 0, 0, 0),
	(14932, 82, 82, 2209, 337025, 337025, 41690, 1, 0, 2000, 0, 3472.5, 4800, 1, 2000, 720, 1040, 0, 10225, 0, 0, 0, 0, 0, 0, 0, 0, '', 0, 8209, 0, 2.5, 8, 14, 0, 0, 0, 0, 0, 0, 0, 0, 0, 0, 0, 0, 0, 0, 0, 0, 0),
	(14933, 82, 82, 2209, 1213290, 1213290, 41690, 1, 0, 2000, 0, 3472.5, 4800, 1, 2000, 720, 1040, 0, 10225, 0, 0, 0, 0, 0, 0, 0, 0, '', 0, 8209, 0, 2.5, 8, 14, 0, 0, 0, 0, 0, 0, 0, 0, 0, 0, 0, 0, 0, 0, 0, 0, 0),
	(37545, 82, 82, 2209, 337025, 337025, 41690, 1, 0, 2000, 0, 3472.5, 4800, 1, 2000, 720, 1040, 0, 10253, 0, 0, 0, 0, 0, 0, 0, 0, '', 0, 8209, 0, 2.5, 8, 14, 0, 70363, 70396, 0, 0, 0, 0, 0, 0, 0, 4, 0, 0, 0, 0, 0, 0),
	(10245, 80, 80, 14, 252000, 252000, 59910, 1, 0, 2000, 0, 3127.5, 4365, 1, 2000, 682, 1012, 0, 9633, 0, 0, 0, 0, 0, 0, 0, 0, '', 0, 0, 0, 2.5, 8, 14, 0, 0, 0, 0, 0, 0, 0, 0, 0, 0, 0, 0, 0, 0, 0, 0, 0),
	(10246, 80, 80, 14, 252000, 252000, 59910, 1, 0, 2000, 0, 3127.5, 4365, 1, 2000, 682, 1012, 0, 9633, 0, 0, 0, 0, 0, 0, 0, 0, '', 0, 0, 0, 2.5, 8, 14, 0, 0, 0, 0, 0, 0, 0, 0, 0, 0, 0, 0, 0, 0, 0, 0, 0),
	(10247, 80, 80, 14, 252000, 252000, 59910, 1, 0, 2000, 0, 3127.5, 4365, 1, 2000, 682, 1012, 0, 9633, 0, 0, 0, 0, 0, 0, 0, 0, '', 0, 0, 0, 2.5, 8, 14, 0, 0, 0, 0, 0, 0, 0, 0, 0, 0, 0, 0, 0, 0, 0, 0, 0),
	(36824, 80, 80, 14, 252000, 252000, 59910, 1, 0, 2000, 0, 3127.5, 4365, 1, 2000, 682, 1012, 0, 9633, 0, 0, 0, 0, 0, 0, 0, 0, '', 0, 0, 0, 2.5, 8, 14, 0, 69383, 74086, 69397, 0, 0, 0, 0, 0, 0, 4, 0, 0, 0, 0, 0, 0),
	(14648, 80, 80, 21, 8820000, 8820000, 8338, 1, 0, 2000, 0, 3127.5, 4365, 1, 2000, 682, 1012, 0, 9633, 0, 0, 0, 0, 0, 0, 0, 0, '', 0, 0, 0, 2.5, 8, 14, 0, 0, 0, 0, 0, 0, 0, 0, 0, 0, 0, 0, 0, 0, 0, 0, 0),
	(14649, 80, 80, 21, 3150000, 3150000, 8338, 1, 0, 2000, 0, 3165, 4395, 1, 2000, 682, 1012, 0, 9633, 0, 0, 0, 0, 0, 0, 0, 0, '', 0, 0, 0, 2.5, 8, 14, 0, 0, 0, 0, 0, 0, 0, 0, 0, 0, 0, 0, 0, 0, 0, 0, 0),
	(14650, 80, 80, 21, 8820000, 8820000, 8338, 1, 0, 2000, 0, 3127.5, 4365, 1, 2000, 682, 1012, 0, 9633, 0, 0, 0, 0, 0, 0, 0, 0, '', 0, 0, 0, 2.5, 8, 14, 0, 0, 0, 0, 0, 0, 0, 0, 0, 0, 0, 0, 0, 0, 0, 0, 0),
	(37025, 80, 80, 21, 3150000, 3150000, 8338, 1, 0, 2000, 0, 3165, 4395, 1, 2000, 682, 1012, 0, 9729, 0, 0, 0, 0, 0, 0, 0, 0, '71805', 0, 0, 0, 2.5, 8, 14, 0, 0, 0, 0, 0, 0, 0, 0, 0, 0, 4, 0, 0, 0, 0, 0, 0),
	(37863, 80, 80, 35, 378000, 378000, 0, 1, 0, 0, 0, 0, 0, 0, 0, 0, 0, 0, 9730, 0, 0, 0, 0, 0, 0, 2, 0.62, '', 0, 0, 0, 2.5, 8, 14, 0, 70588, 0, 0, 0, 0, 0, 0, 0, 0, 4, 0, 0, 0, 0, 0, 0),
	(38171, 80, 80, 16, 126000, 126000, 0, 1, 0, 0, 0, 0, 0, 0, 0, 0, 0, 0, 9729, 0, 0, 0, 0, 0, 0, 1, 1, '', 0, 0, 15, 2.5, 8, 14, 0, 70588, 0, 0, 0, 0, 0, 0, 0, 0, 4, 0, 0, 0, 0, 0, 0),
	(38727, 80, 80, 16, 378000, 378000, 0, 1, 0, 0, 0, 0, 0, 0, 0, 0, 0, 0, 9730, 0, 0, 0, 0, 0, 0, 1, 1, '', 0, 0, 15, 2.5, 8, 14, 0, 70588, 0, 0, 0, 0, 0, 0, 0, 0, 4, 0, 0, 0, 0, 0, 0),
	(38737, 80, 80, 16, 126000, 126000, 0, 1, 0, 0, 0, 0, 0, 0, 0, 0, 0, 0, 9729, 0, 0, 0, 0, 0, 0, 1, 1, '', 0, 0, 15, 2.5, 8, 14, 0, 70588, 0, 0, 0, 0, 0, 0, 0, 0, 4, 0, 0, 0, 0, 0, 0);

--
-- Update creature_difficulty IceCrownCitadel
--
REPLACE INTO `creature_difficulty` VALUES (36725, 14838, 14839, 14840);
REPLACE INTO `creature_difficulty` VALUES (37232, 10190, 10191, 10192);
REPLACE INTO `creature_difficulty` VALUES (37501, 10139, 10140, 10141);
REPLACE INTO `creature_difficulty` VALUES (37502, 10142, 10143, 10144);
REPLACE INTO `creature_difficulty` VALUES (37023, 14949, 14950, 14951);
REPLACE INTO `creature_difficulty` VALUES (38104, 14922, 14923, 14924);
REPLACE INTO `creature_difficulty` VALUES (37217, 14788, 14789, 14790);
REPLACE INTO `creature_difficulty` VALUES (10404, 14654, 14655, 14656);
REPLACE INTO `creature_difficulty` VALUES (37533, 10109, 10110, 10111);
REPLACE INTO `creature_difficulty` VALUES (36844, 14791, 14792, 14793);
REPLACE INTO `creature_difficulty` VALUES (36724, 14797, 14798, 14799);
REPLACE INTO `creature_difficulty` VALUES (38410, 14805, 14806, 14807);
REPLACE INTO `creature_difficulty` VALUES (37126, 10112, 10113, 10114);
REPLACE INTO `creature_difficulty` VALUES (37017, 15038, 15039, 15040);
REPLACE INTO `creature_difficulty` VALUES (37004, 15057, 15058, 15059);
REPLACE INTO `creature_difficulty` VALUES (37027, 15035, 15036, 15037);
REPLACE INTO `creature_difficulty` VALUES (37016, 15054, 15055, 15056);
REPLACE INTO `creature_difficulty` VALUES (37144, 15048, 15049, 15050);
REPLACE INTO `creature_difficulty` VALUES (36998, 15092, 15093, 15094);
REPLACE INTO `creature_difficulty` VALUES (37026, 15095, 15096, 15097);
REPLACE INTO `creature_difficulty` VALUES (37148, 15051, 15052, 15053);
REPLACE INTO `creature_difficulty` VALUES (37021, 14573, 14574, 14575);
REPLACE INTO `creature_difficulty` VALUES (37003, 15098, 15099, 15100);
REPLACE INTO `creature_difficulty` VALUES (37534, 10115, 10121, 10122);
REPLACE INTO `creature_difficulty` VALUES (37230, 14917, 14918, 14919);
REPLACE INTO `creature_difficulty` VALUES (37544, 14925, 14926, 14927);
REPLACE INTO `creature_difficulty` VALUES (37545, 14931, 14932, 14933);
REPLACE INTO `creature_difficulty` VALUES (36824, 10245, 10246, 10247);
REPLACE INTO `creature_difficulty` VALUES (37025, 14648, 14649, 14650);

--
-- Update world db version
--
UPDATE `world_db_version` SET `LastUpdate` = '2016-01-07_04_misc_creature' WHERE `LastUpdate` = '2016-01-07_03_misc_creature';
