--
-- Delete wrong creature_names IceCrownCitadel
--
DELETE FROM `creature_names` WHERE `entry` IN(10006,10007,10008,37571,38098);
DELETE FROM `creature_names` WHERE `entry` IN(10009,10010,10011,37664,38099);
DELETE FROM `creature_names` WHERE `entry` IN(10012,10013,10014,37595,38100);
DELETE FROM `creature_names` WHERE `entry` IN(10020,10021,10022,37662,38102);
DELETE FROM `creature_names` WHERE `entry` IN(10026,10027,10028,37665,38101);
DELETE FROM `creature_names` WHERE `entry` IN(10015,10018,10019,37663,38480);
DELETE FROM `creature_names` WHERE `entry` IN(10023,10024,10025,37666,38479);
DELETE FROM `creature_names` WHERE `entry` IN(14782,14783,14784,37007,38031);
DELETE FROM `creature_names` WHERE `entry` IN(14802,14803,14804,36811,38072);
DELETE FROM `creature_names` WHERE `entry` IN(14651,14652,14653,36807,38073);
DELETE FROM `creature_names` WHERE `entry` IN(14657,14658,14659,36829,38074);
DELETE FROM `creature_names` WHERE `entry` IN(14814,14815,16552,36805,38075);
DELETE FROM `creature_names` WHERE `entry` IN(14816,14817,14818,36808,38076);
DELETE FROM `creature_names` WHERE `entry` IN(14835,14836,14837,36880,37655);
DELETE FROM `creature_names` WHERE `entry` IN(10232,10233,10234,37695,39309,39310,39311);
DELETE FROM `creature_names` WHERE `entry` IN(10223,10224,10225,37919,38601);
DELETE FROM `creature_names` WHERE `entry` IN(14669,14670,14671,37782,38312);
DELETE FROM `creature_names` WHERE `entry` IN(14675,14676,14677,37546,38446);
DELETE FROM `creature_names` WHERE `entry` IN(10211,10212,10213,37531,38139);
DELETE FROM `creature_names` WHERE `entry` IN(10229,10230,10231,37229,38137);
DELETE FROM `creature_names` WHERE `entry` IN(10226,10227,10228,37228,38134);
DELETE FROM `creature_names` WHERE `entry` IN(10214,10215,10222,37532,38151);

--
-- Delete wrong creature_proto IceCrownCitadel
--
DELETE FROM `creature_proto` WHERE `entry` IN(10006,10007,10008,37571,38098);
DELETE FROM `creature_proto` WHERE `entry` IN(10009,10010,10011,37664,38099);
DELETE FROM `creature_proto` WHERE `entry` IN(10012,10013,10014,37595,38100);
DELETE FROM `creature_proto` WHERE `entry` IN(10020,10021,10022,37662,38102);
DELETE FROM `creature_proto` WHERE `entry` IN(10026,10027,10028,37665,38101);
DELETE FROM `creature_proto` WHERE `entry` IN(10015,10018,10019,37663,38480);
DELETE FROM `creature_proto` WHERE `entry` IN(10023,10024,10025,37666,38479);
DELETE FROM `creature_proto` WHERE `entry` IN(14782,14783,14784,37007,38031);
DELETE FROM `creature_proto` WHERE `entry` IN(14802,14803,14804,36811,38072);
DELETE FROM `creature_proto` WHERE `entry` IN(14651,14652,14653,36807,38073);
DELETE FROM `creature_proto` WHERE `entry` IN(14657,14658,14659,36829,38074);
DELETE FROM `creature_proto` WHERE `entry` IN(14814,14815,16552,36805,38075);
DELETE FROM `creature_proto` WHERE `entry` IN(14816,14817,14818,36808,38076);
DELETE FROM `creature_proto` WHERE `entry` IN(14835,14836,14837,36880,37655);
DELETE FROM `creature_proto` WHERE `entry` IN(10232,10233,10234,37695,39309,39310,39311);
DELETE FROM `creature_proto` WHERE `entry` IN(10223,10224,10225,37919,38601);
DELETE FROM `creature_proto` WHERE `entry` IN(14669,14670,14671,37782,38312);
DELETE FROM `creature_proto` WHERE `entry` IN(14675,14676,14677,37546,38446);
DELETE FROM `creature_proto` WHERE `entry` IN(10211,10212,10213,37531,38139);
DELETE FROM `creature_proto` WHERE `entry` IN(10229,10230,10231,37229,38137);
DELETE FROM `creature_proto` WHERE `entry` IN(10226,10227,10228,37228,38134);
DELETE FROM `creature_proto` WHERE `entry` IN(10214,10215,10222,37532,38151);

--
-- Insert creature_names IceCrownCitadel
--
INSERT INTO `creature_names` (`entry`, `name`, `subname`, `info_str`, `flags1`, `type`, `family`, `rank`, `encounter`, `killcredit1`, `killcredit2`, `male_displayid`, `female_displayid`, `male_displayid2`, `female_displayid2`, `unknown_float1`, `unknown_float2`, `leader`, `questitem1`, `questitem2`, `questitem3`, `questitem4`, `questitem5`, `questitem6`, `waypointid`) VALUES
	(10006, 'Darkfallen Advisor (1)', '', '', 72, 6, 0, 1, 0, 37571, 0, 25468, 0, 0, 0, 50, 10, 0, 0, 0, 0, 0, 0, 0, 0),
	(10007, 'Darkfallen Advisor (2)', '', '', 72, 6, 0, 1, 0, 37571, 0, 25468, 0, 0, 0, 50, 10, 0, 0, 0, 0, 0, 0, 0, 0),
	(10008, 'Darkfallen Advisor (3)', '', '', 72, 6, 0, 1, 0, 37571, 0, 25468, 0, 0, 0, 50, 10, 0, 0, 0, 0, 0, 0, 0, 0),
	(37571, 'Darkfallen Advisor', '', '', 72, 6, 0, 1, 0, 0, 0, 25468, 0, 0, 0, 50, 10, 0, 0, 0, 0, 0, 0, 0, 0),
	(10009, 'Darkfallen Archmage (1)', 'The San\'layn', '', 72, 6, 0, 1, 0, 37664, 0, 30713, 31023, 31024, 0, 40, 10, 0, 0, 0, 0, 0, 0, 0, 0),
	(10010, 'Darkfallen Archmage (2)', 'The San\'layn', '', 72, 6, 0, 1, 0, 37664, 0, 30713, 31023, 31024, 0, 40, 10, 0, 0, 0, 0, 0, 0, 0, 0),
	(10011, 'Darkfallen Archmage (3)', 'The San\'layn', '', 72, 6, 0, 1, 0, 37664, 0, 30713, 31023, 31024, 0, 40, 10, 0, 0, 0, 0, 0, 0, 0, 0),
	(37664, 'Darkfallen Archmage', 'The San\'layn', '', 72, 6, 0, 1, 0, 0, 0, 30713, 31023, 31024, 0, 40, 10, 0, 0, 0, 0, 0, 0, 0, 0),
	(10012, 'Darkfallen Blood Knight (1)', 'The San\'layn', '', 72, 6, 0, 1, 0, 37595, 0, 31025, 31026, 31025, 0, 40, 10, 0, 0, 0, 0, 0, 0, 0, 0),
	(10013, 'Darkfallen Blood Knight (2)', 'The San\'layn', '', 72, 6, 0, 1, 0, 37595, 0, 31025, 31026, 31025, 0, 40, 10, 0, 0, 0, 0, 0, 0, 0, 0),
	(10014, 'Darkfallen Blood Knight (3)', 'The San\'layn', '', 72, 6, 0, 1, 0, 37595, 0, 31025, 31026, 31025, 0, 40, 10, 0, 0, 0, 0, 0, 0, 0, 0),
	(37595, 'Darkfallen Blood Knight', 'The San\'layn', '', 72, 6, 0, 1, 0, 0, 0, 31025, 31026, 0, 0, 40, 10, 0, 0, 0, 0, 0, 0, 0, 0),
	(10020, 'Darkfallen Commander (1)', 'The San\'layn', '', 72, 6, 0, 1, 0, 37662, 0, 31028, 31029, 0, 0, 60, 10, 0, 0, 0, 0, 0, 0, 0, 0),
	(10021, 'Darkfallen Commander (2)', 'The San\'layn', '', 72, 6, 0, 1, 0, 37662, 0, 31028, 31029, 0, 0, 60, 10, 0, 0, 0, 0, 0, 0, 0, 0),
	(10022, 'Darkfallen Commander (3)', 'The San\'layn', '', 72, 6, 0, 1, 0, 37662, 0, 31028, 31029, 0, 0, 60, 10, 0, 0, 0, 0, 0, 0, 0, 0),
	(37662, 'Darkfallen Commander', 'The San\'layn', '', 72, 6, 0, 1, 0, 0, 0, 31028, 31029, 0, 0, 60, 10, 0, 0, 0, 0, 0, 0, 0, 0),
	(10026, 'Darkfallen Lieutenant (1)', 'The San\'layn', '', 72, 6, 0, 1, 0, 37665, 0, 31030, 31031, 31030, 0, 60, 10, 0, 0, 0, 0, 0, 0, 0, 0),
	(10027, 'Darkfallen Lieutenant (2)', 'The San\'layn', '', 72, 6, 0, 1, 0, 37665, 0, 31030, 31031, 31030, 0, 60, 10, 0, 0, 0, 0, 0, 0, 0, 0),
	(10028, 'Darkfallen Lieutenant (3)', 'The San\'layn', '', 72, 6, 0, 1, 0, 37665, 0, 31030, 31031, 31030, 0, 60, 10, 0, 0, 0, 0, 0, 0, 0, 0),
	(37665, 'Darkfallen Lieutenant', 'The San\'layn', '', 72, 6, 0, 1, 0, 0, 0, 31030, 31031, 0, 0, 60, 10, 0, 0, 0, 0, 0, 0, 0, 0),
	(10015, 'Darkfallen Noble (1)', 'The San\'layn', '', 72, 6, 0, 1, 0, 37663, 0, 31033, 31034, 31035, 31036, 40, 10, 0, 0, 0, 0, 0, 0, 0, 0),
	(10018, 'Darkfallen Noble (2)', 'The San\'layn', '', 72, 6, 0, 1, 0, 37663, 0, 31033, 31034, 31035, 31036, 40, 10, 0, 0, 0, 0, 0, 0, 0, 0),
	(10019, 'Darkfallen Noble (3)', 'The San\'layn', '', 72, 6, 0, 1, 0, 37663, 0, 31033, 31034, 31035, 31036, 40, 10, 0, 0, 0, 0, 0, 0, 0, 0),
	(37663, 'Darkfallen Noble', 'The San\'layn', '', 72, 6, 0, 1, 0, 0, 0, 31033, 31034, 31035, 31036, 40, 10, 0, 0, 0, 0, 0, 0, 0, 0),
	(10023, 'Darkfallen Tactician (1)', 'The San\'layn', '', 72, 6, 0, 1, 0, 37666, 0, 31037, 31038, 0, 0, 60, 0, 0, 0, 0, 0, 0, 0, 0, 0),
	(10024, 'Darkfallen Tactician (2)', 'The San\'layn', '', 72, 6, 0, 1, 0, 37666, 0, 31037, 31038, 0, 0, 60, 0, 0, 0, 0, 0, 0, 0, 0, 0),
	(10025, 'Darkfallen Tactician (3)', 'The San\'layn', '', 72, 6, 0, 1, 0, 37666, 0, 31037, 31038, 0, 0, 60, 0, 0, 0, 0, 0, 0, 0, 0, 0),
	(37666, 'Darkfallen Tactician', 'The San\'layn', '', 72, 6, 0, 1, 0, 0, 0, 31037, 31038, 0, 0, 60, 0, 0, 0, 0, 0, 0, 0, 0, 0),
	(14782, 'Deathbound Ward (1)', '', '', 72, 6, 0, 1, 0, 37007, 0, 30459, 0, 0, 0, 400, 1, 0, 0, 0, 0, 0, 0, 0, 0),
	(14783, 'Deathbound Ward (2)', '', '', 72, 6, 0, 1, 0, 37007, 0, 30459, 0, 0, 0, 125, 1, 0, 0, 0, 0, 0, 0, 0, 0),
	(14784, 'Deathbound Ward (3)', '', '', 72, 6, 0, 1, 0, 37007, 0, 30459, 0, 0, 0, 400, 1, 0, 0, 0, 0, 0, 0, 0, 0),
	(37007, 'Deathbound Ward', '', '', 72, 6, 0, 1, 0, 0, 0, 30459, 0, 0, 0, 125, 1, 0, 0, 0, 0, 0, 0, 0, 0),
	(14651, 'Deathspeaker Disciple (1)', 'Cult of the Damned', '', 72, 6, 0, 1, 0, 36807, 0, 30324, 0, 0, 0, 75, 10, 0, 0, 0, 0, 0, 0, 0, 0),
	(14802, 'Deathspeaker Attendant (1)', 'Cult of the Damned', '', 72, 7, 0, 1, 0, 36811, 0, 30327, 30359, 0, 0, 25, 10, 0, 0, 0, 0, 0, 0, 0, 0),
	(14803, 'Deathspeaker Attendant (2)', 'Cult of the Damned', '', 72, 7, 0, 1, 0, 36811, 0, 30327, 30359, 0, 0, 25, 10, 0, 0, 0, 0, 0, 0, 0, 0),
	(14804, 'Deathspeaker Attendant (3)', 'Cult of the Damned', '', 72, 7, 0, 1, 0, 36811, 0, 30327, 30359, 0, 0, 25, 10, 0, 0, 0, 0, 0, 0, 0, 0),
	(36811, 'Deathspeaker Attendant', 'Cult of the Damned', '', 72, 7, 0, 1, 0, 0, 0, 30327, 30359, 0, 0, 25, 10, 0, 0, 0, 0, 0, 0, 0, 172),
	(14652, 'Deathspeaker Disciple (2)', 'Cult of the Damned', '', 72, 6, 0, 1, 0, 36807, 0, 30324, 0, 0, 0, 25, 10, 0, 0, 0, 0, 0, 0, 0, 0),
	(14653, 'Deathspeaker Disciple (3)', 'Cult of the Damned', '', 72, 6, 0, 1, 0, 36807, 0, 30324, 0, 0, 0, 75, 10, 0, 0, 0, 0, 0, 0, 0, 0),
	(36807, 'Deathspeaker Disciple', 'Cult of the Damned', '', 72, 6, 0, 1, 0, 0, 0, 30324, 0, 0, 0, 25, 10, 0, 0, 0, 0, 0, 0, 0, 172),
	(14657, 'Deathspeaker High Priest (1)', 'Cult of the Damned', '', 72, 6, 0, 1, 0, 36829, 0, 30343, 0, 0, 0, 215, 10, 0, 0, 0, 0, 0, 0, 0, 0),
	(14658, 'Deathspeaker High Priest (2)', 'Cult of the Damned', '', 72, 6, 0, 1, 0, 36829, 0, 30343, 0, 0, 0, 75, 10, 0, 0, 0, 0, 0, 0, 0, 0),
	(14659, 'Deathspeaker High Priest (3)', 'Cult of the Damned', '', 72, 6, 0, 1, 0, 36829, 0, 30343, 0, 0, 0, 215, 10, 0, 0, 0, 0, 0, 0, 0, 0),
	(36829, 'Deathspeaker High Priest', 'Cult of the Damned', '', 72, 6, 0, 1, 0, 0, 0, 30343, 0, 0, 0, 75, 10, 0, 0, 0, 0, 0, 0, 0, 172),
	(14814, 'Deathspeaker Servant (1)', 'Cult of the Damned', '', 72, 7, 0, 1, 0, 36805, 0, 30323, 30360, 0, 0, 20, 10, 0, 0, 0, 0, 0, 0, 0, 0),
	(14815, 'Deathspeaker Servant (2)', 'Cult of the Damned', '', 72, 7, 0, 1, 0, 36805, 0, 30323, 30360, 0, 0, 20, 10, 0, 0, 0, 0, 0, 0, 0, 0),
	(16552, 'Deathspeaker Servant (3)', 'Cult of the Damned', '', 72, 7, 0, 1, 0, 36805, 0, 30323, 30360, 0, 0, 20, 10, 0, 0, 0, 0, 0, 0, 0, 0),
	(36805, 'Deathspeaker Servant', 'Cult of the Damned', '', 72, 7, 0, 1, 0, 0, 0, 30323, 30360, 0, 0, 20, 10, 0, 0, 0, 0, 0, 0, 0, 172),
	(14816, 'Deathspeaker Zealot (1)', 'Cult of the Damned', '', 72, 7, 0, 1, 0, 36808, 0, 30326, 30357, 0, 0, 30, 10, 0, 0, 0, 0, 0, 0, 0, 0),
	(14817, 'Deathspeaker Zealot (2)', 'Cult of the Damned', '', 72, 7, 0, 1, 0, 36808, 0, 30326, 30357, 0, 0, 30, 10, 0, 0, 0, 0, 0, 0, 0, 0),
	(14818, 'Deathspeaker Zealot (3)', 'Cult of the Damned', '', 72, 7, 0, 1, 0, 36808, 0, 30326, 30357, 0, 0, 30, 10, 0, 0, 0, 0, 0, 0, 0, 0),
	(36808, 'Deathspeaker Zealot', 'Cult of the Damned', '', 72, 7, 0, 1, 0, 0, 0, 30326, 30357, 0, 0, 30, 10, 0, 0, 0, 0, 0, 0, 0, 172),
	(14835, 'Decaying Colossus (1)', '', '', 0, 6, 0, 1, 0, 36880, 0, 25218, 0, 0, 0, 125, 1, 0, 0, 0, 0, 0, 0, 0, 0),
	(14836, 'Decaying Colossus (2)', '', '', 0, 6, 0, 1, 0, 36880, 0, 25218, 0, 0, 0, 125, 1, 0, 0, 0, 0, 0, 0, 0, 0),
	(14837, 'Decaying Colossus (3)', '', '', 0, 6, 0, 1, 0, 36880, 0, 25218, 0, 0, 0, 125, 1, 0, 0, 0, 0, 0, 0, 0, 0),
	(36880, 'Decaying Colossus', '', '', 0, 6, 0, 1, 0, 0, 0, 25218, 0, 0, 0, 125, 1, 0, 0, 0, 0, 0, 0, 0, 0),
	(39309, 'Drudge Ghoul (1)', '', '', 4096, 6, 0, 1, 0, 37695, 0, 24999, 0, 0, 0, 40, 15, 0, 0, 0, 0, 0, 0, 0, 0),
	(39310, 'Drudge Ghoul (2)', '', '', 4096, 6, 0, 1, 0, 37695, 0, 24999, 0, 0, 0, 20, 15, 0, 0, 0, 0, 0, 0, 0, 0),
	(39311, 'Drudge Ghoul (3)', '', '', 4096, 6, 0, 1, 0, 37695, 0, 24999, 0, 0, 0, 40, 15, 0, 0, 0, 0, 0, 0, 0, 0),
	(37695, 'Drudge Ghoul', '', '', 4096, 6, 0, 1, 0, 0, 0, 24999, 0, 0, 0, 20, 15, 0, 0, 0, 0, 0, 0, 0, 0),
	(10223, 'Empowered Vampiric Fiend (1)', '', '', 0, 3, 0, 0, 0, 37919, 0, 19110, 0, 0, 0, 40, 1, 0, 0, 0, 0, 0, 0, 0, 0),
	(10224, 'Empowered Vampiric Fiend (2)', '', '', 0, 3, 0, 0, 0, 37919, 0, 19110, 0, 0, 0, 12, 1, 0, 0, 0, 0, 0, 0, 0, 0),
	(10225, 'Empowered Vampiric Fiend (3)', '', '', 0, 3, 0, 0, 0, 37919, 0, 19110, 0, 0, 0, 40, 1, 0, 0, 0, 0, 0, 0, 0, 0),
	(37919, 'Empowered Vampiric Fiend', '', '', 0, 3, 0, 0, 0, 0, 0, 19110, 0, 0, 0, 12, 1, 0, 0, 0, 0, 0, 0, 0, 0),
	(14669, 'Flesh-eating Insect (1)', '', '', 0, 8, 0, 0, 0, 37782, 0, 7470, 5990, 513, 0, 1, 1, 0, 0, 0, 0, 0, 0, 0, 0),
	(14670, 'Flesh-eating Insect (2)', '', '', 0, 8, 0, 0, 0, 37782, 0, 7470, 5990, 513, 0, 0.3, 1, 0, 0, 0, 0, 0, 0, 0, 0),
	(14671, 'Flesh-eating Insect (3)', '', '', 0, 8, 0, 0, 0, 37782, 0, 7470, 5990, 513, 0, 1, 1, 0, 0, 0, 0, 0, 0, 0, 0),
	(37782, 'Flesh-eating Insect', '', '', 0, 8, 0, 0, 0, 0, 0, 7470, 5990, 513, 0, 0.3, 1, 0, 0, 0, 0, 0, 0, 0, 0),
	(14675, 'Frenzied Abomination (1)', '', '', 72, 6, 0, 1, 0, 37546, 0, 16206, 0, 0, 0, 90, 10, 0, 0, 0, 0, 0, 0, 0, 0),
	(14676, 'Frenzied Abomination (2)', '', '', 72, 6, 0, 1, 0, 37546, 0, 16206, 0, 0, 0, 50, 10, 0, 0, 0, 0, 0, 0, 0, 0),
	(14677, 'Frenzied Abomination (3)', '', '', 72, 6, 0, 1, 0, 37546, 0, 16206, 0, 0, 0, 90, 10, 0, 0, 0, 0, 0, 0, 0, 0),
	(37546, 'Frenzied Abomination', '', '', 72, 6, 0, 1, 0, 0, 0, 16206, 0, 0, 0, 50, 10, 0, 0, 0, 0, 0, 0, 0, 0),
	(10211, 'Frostwarden Handler (1)', '', '', 64, 7, 0, 1, 0, 37531, 0, 26623, 0, 0, 0, 300, 1, 0, 0, 0, 0, 0, 0, 0, 0),
	(10212, 'Frostwarden Handler (2)', '', '', 64, 7, 0, 1, 0, 37531, 0, 26623, 0, 0, 0, 90, 1, 0, 0, 0, 0, 0, 0, 0, 0),
	(10213, 'Frostwarden Handler (3)', '', '', 64, 7, 0, 1, 0, 37531, 0, 26623, 0, 0, 0, 300, 1, 0, 0, 0, 0, 0, 0, 0, 0),
	(37531, 'Frostwarden Handler', '', '', 64, 7, 0, 1, 0, 0, 0, 26623, 0, 0, 0, 90, 1, 0, 0, 0, 0, 0, 0, 0, 0),
	(10229, 'Frostwarden Sorceress (1)', '', '', 0, 7, 0, 1, 0, 37229, 0, 27548, 0, 0, 0, 90, 1, 0, 0, 0, 0, 0, 0, 0, 0),
	(10230, 'Frostwarden Sorceress (2)', '', '', 0, 7, 0, 1, 0, 37229, 0, 27548, 0, 0, 0, 25, 1, 0, 0, 0, 0, 0, 0, 0, 0),
	(10231, 'Frostwarden Sorceress (3)', '', '', 0, 7, 0, 1, 0, 37229, 0, 27548, 0, 0, 0, 90, 1, 0, 0, 0, 0, 0, 0, 0, 0),
	(37229, 'Frostwarden Sorceress', '', '', 0, 7, 0, 1, 0, 0, 0, 27548, 0, 0, 0, 25, 1, 0, 0, 0, 0, 0, 0, 0, 0),
	(10226, 'Frostwarden Warrior (1)', '', '', 0, 7, 0, 1, 0, 37228, 0, 26623, 0, 0, 0, 80, 10, 0, 0, 0, 0, 0, 0, 0, 0),
	(10227, 'Frostwarden Warrior (2)', '', '', 0, 7, 0, 1, 0, 37228, 0, 26623, 0, 0, 0, 25, 10, 0, 0, 0, 0, 0, 0, 0, 0),
	(10228, 'Frostwarden Warrior (3)', '', '', 0, 7, 0, 1, 0, 37228, 0, 26623, 0, 0, 0, 80, 10, 0, 0, 0, 0, 0, 0, 0, 0),
	(37228, 'Frostwarden Warrior', '', '', 0, 7, 0, 1, 0, 0, 0, 26623, 0, 0, 0, 25, 10, 0, 0, 0, 0, 0, 0, 0, 0),
	(10214, 'Frostwing Whelp (1)', '', '', 0, 6, 0, 1, 0, 37532, 0, 30640, 0, 0, 0, 20, 1, 0, 0, 0, 0, 0, 0, 0, 0),
	(10215, 'Frostwing Whelp (2)', '', '', 0, 6, 0, 1, 0, 37532, 0, 30640, 0, 0, 0, 10, 1, 0, 0, 0, 0, 0, 0, 0, 0),
	(10222, 'Frostwing Whelp (3)', '', '', 0, 6, 0, 1, 0, 37532, 0, 30640, 0, 0, 0, 20, 1, 0, 0, 0, 0, 0, 0, 0, 0),
	(37532, 'Frostwing Whelp', '', '', 0, 6, 0, 1, 0, 0, 0, 30640, 0, 0, 0, 10, 1, 0, 0, 0, 0, 0, 0, 0, 0);

--
-- Insert creature_proto IceCrownCitadel
--
INSERT INTO `creature_proto` (`entry`, `minlevel`, `maxlevel`, `faction`, `minhealth`, `maxhealth`, `mana`, `scale`, `npcflags`, `attacktime`, `attacktype`, `mindamage`, `maxdamage`, `can_ranged`, `rangedattacktime`, `rangedmindamage`, `rangedmaxdamage`, `respawntime`, `armor`, `resistance1`, `resistance2`, `resistance3`, `resistance4`, `resistance5`, `resistance6`, `combat_reach`, `bounding_radius`, `auras`, `boss`, `money`, `invisibility_type`, `walk_speed`, `run_speed`, `fly_speed`, `extra_a9_flags`, `spell1`, `spell2`, `spell3`, `spell4`, `spell5`, `spell6`, `spell7`, `spell8`, `spell_flags`, `modImmunities`, `isTrainingDummy`, `guardtype`, `summonguard`, `spelldataid`, `vehicleid`, `rooted`) VALUES
	(10006, 82, 82, 16, 1617600, 1617600, 91600, 1, 0, 2000, 0, 2715, 3900, 1, 2000, 720, 1046, 0, 8262, 0, 0, 0, 0, 0, 0, 3, 2, '', 0, 0, 0, 2.5, 8, 14, 0, 0, 0, 0, 0, 0, 0, 0, 0, 0, 0, 0, 0, 0, 0, 0, 0),
	(10007, 82, 82, 16, 539200, 539200, 91600, 1, 0, 2000, 0, 2715, 3900, 1, 2000, 720, 1046, 0, 8262, 0, 0, 0, 0, 0, 0, 3, 2, '', 0, 0, 0, 2.5, 8, 14, 0, 0, 0, 0, 0, 0, 0, 0, 0, 0, 0, 0, 0, 0, 0, 0, 0),
	(10008, 82, 82, 16, 1617600, 1617600, 91600, 1, 0, 2000, 0, 2715, 3900, 1, 2000, 720, 1046, 0, 8262, 0, 0, 0, 0, 0, 0, 3, 2, '', 0, 0, 0, 2.5, 8, 14, 0, 0, 0, 0, 0, 0, 0, 0, 0, 0, 0, 0, 0, 0, 0, 0, 0),
	(37571, 82, 82, 16, 539200, 539200, 91600, 1, 0, 2000, 0, 2715, 3900, 0, 0, 0, 0, 7200000, 8340, 0, 0, 0, 0, 0, 0, 3, 2, '', 0, 0, 0, 2.5, 8, 14, 0, 72057, 72065, 72066, 0, 0, 0, 0, 0, 0, 4, 0, 0, 0, 0, 0, 0),
	(10009, 82, 82, 16, 1294080, 1294080, 91600, 1, 0, 2000, 0, 2715, 3900, 1, 2000, 720, 1046, 0, 8262, 0, 0, 0, 0, 0, 0, 0, 0, '', 0, 7632, 0, 2.5, 8, 14, 0, 0, 0, 0, 0, 0, 0, 0, 0, 0, 0, 0, 0, 0, 0, 0, 0),
	(10010, 82, 82, 16, 431360, 431360, 91600, 1, 0, 2000, 0, 2715, 3900, 1, 2000, 720, 1046, 0, 8262, 0, 0, 0, 0, 0, 0, 0, 0, '', 0, 7632, 0, 2.5, 8, 14, 0, 0, 0, 0, 0, 0, 0, 0, 0, 0, 0, 0, 0, 0, 0, 0, 0),
	(10011, 82, 82, 16, 1294080, 1294080, 91600, 1, 0, 2000, 0, 2715, 3900, 1, 2000, 720, 1046, 0, 8262, 0, 0, 0, 0, 0, 0, 0, 0, '', 0, 7632, 0, 2.5, 8, 14, 0, 0, 0, 0, 0, 0, 0, 0, 0, 0, 0, 0, 0, 0, 0, 0, 0),
	(37664, 82, 82, 16, 431360, 431360, 91600, 1, 0, 2000, 0, 2715, 3900, 0, 0, 0, 0, 7200000, 8340, 0, 0, 0, 0, 0, 0, 0, 0, '', 0, 7632, 0, 2.5, 8, 14, 0, 70408, 70407, 70409, 70410, 0, 0, 0, 0, 0, 4, 0, 0, 0, 0, 0, 0),
	(10012, 82, 82, 16, 1294080, 1294080, 91600, 1, 0, 2000, 0, 2715, 3900, 1, 2000, 720, 1046, 0, 8262, 0, 0, 0, 0, 0, 0, 0, 0, '', 0, 7596, 0, 2.5, 8, 14, 0, 0, 0, 0, 0, 0, 0, 0, 0, 0, 0, 0, 0, 0, 0, 0, 0),
	(10013, 82, 82, 16, 431360, 431360, 91600, 1, 0, 2000, 0, 2715, 3900, 1, 2000, 720, 1046, 0, 8262, 0, 0, 0, 0, 0, 0, 0, 0, '', 0, 7596, 0, 2.5, 8, 14, 0, 0, 0, 0, 0, 0, 0, 0, 0, 0, 0, 0, 0, 0, 0, 0, 0),
	(10014, 82, 82, 16, 1294080, 1294080, 91600, 1, 0, 2000, 0, 2715, 3900, 1, 2000, 720, 1046, 0, 8262, 0, 0, 0, 0, 0, 0, 0, 0, '', 0, 7596, 0, 2.5, 8, 14, 0, 0, 0, 0, 0, 0, 0, 0, 0, 0, 0, 0, 0, 0, 0, 0, 0),
	(37595, 82, 82, 16, 431360, 431360, 91600, 1, 0, 2000, 0, 2715, 3900, 0, 0, 0, 0, 7200000, 8340, 0, 0, 0, 0, 0, 0, 0, 0, '', 0, 7596, 0, 2.5, 8, 14, 0, 70450, 70437, 71736, 0, 0, 0, 0, 0, 0, 4, 0, 0, 0, 0, 0, 0),
	(10020, 82, 82, 16, 1725440, 1725440, 91600, 1, 0, 2000, 0, 2715, 3900, 1, 2000, 720, 1046, 0, 8262, 0, 0, 0, 0, 0, 0, 0, 0, '', 0, 7731, 0, 2.5, 8, 14, 0, 0, 0, 0, 0, 0, 0, 0, 0, 0, 0, 0, 0, 0, 0, 0, 0),
	(10021, 82, 82, 16, 647040, 647040, 91600, 1, 0, 2000, 0, 2715, 3900, 1, 2000, 720, 1046, 0, 8262, 0, 0, 0, 0, 0, 0, 0, 0, '', 0, 7731, 0, 2.5, 8, 14, 0, 0, 0, 0, 0, 0, 0, 0, 0, 0, 0, 0, 0, 0, 0, 0, 0),
	(10022, 82, 82, 16, 1725440, 1725440, 91600, 1, 0, 2000, 0, 2715, 3900, 1, 2000, 720, 1046, 0, 8262, 0, 0, 0, 0, 0, 0, 0, 0, '', 0, 7731, 0, 2.5, 8, 14, 0, 0, 0, 0, 0, 0, 0, 0, 0, 0, 0, 0, 0, 0, 0, 0, 0),
	(37662, 82, 82, 16, 647040, 647040, 91600, 1, 0, 2000, 0, 2715, 3900, 0, 0, 0, 0, 7200000, 8340, 0, 0, 0, 0, 0, 0, 0, 0, '', 0, 7731, 0, 2.5, 8, 14, 0, 70750, 70449, 0, 0, 0, 0, 0, 0, 0, 4, 0, 0, 0, 0, 0, 0),
	(10026, 82, 82, 16, 1725440, 1725440, 91600, 1, 0, 2000, 0, 2715, 3900, 1, 2000, 720, 1046, 0, 10328, 0, 0, 0, 0, 0, 0, 0, 0, '', 0, 7624, 0, 2.5, 8, 14, 0, 0, 0, 0, 0, 0, 0, 0, 0, 0, 0, 0, 0, 0, 0, 0, 0),
	(10027, 82, 82, 16, 647040, 647040, 91600, 1, 0, 2000, 0, 2715, 3900, 1, 2000, 720, 1046, 0, 10328, 0, 0, 0, 0, 0, 0, 0, 0, '', 0, 7624, 0, 2.5, 8, 14, 0, 0, 0, 0, 0, 0, 0, 0, 0, 0, 0, 0, 0, 0, 0, 0, 0),
	(10028, 82, 82, 16, 1725440, 1725440, 91600, 1, 0, 2000, 0, 2715, 3900, 1, 2000, 720, 1046, 0, 10328, 0, 0, 0, 0, 0, 0, 0, 0, '', 0, 7624, 0, 2.5, 8, 14, 0, 0, 0, 0, 0, 0, 0, 0, 0, 0, 0, 0, 0, 0, 0, 0, 0),
	(37665, 82, 82, 16, 647040, 647040, 91600, 1, 0, 2000, 0, 2715, 3900, 0, 0, 0, 0, 7200000, 8340, 0, 0, 0, 0, 0, 0, 0, 0, '', 0, 7624, 0, 2.5, 8, 14, 0, 70435, 70423, 0, 0, 0, 0, 0, 0, 0, 4, 0, 0, 0, 0, 0, 0),
	(10015, 82, 82, 16, 1294080, 1294080, 91600, 1, 0, 2000, 0, 2715, 3900, 1, 2000, 720, 1046, 0, 8262, 0, 0, 0, 0, 0, 0, 0, 0, '', 0, 7340, 0, 2.5, 8, 14, 0, 0, 0, 0, 0, 0, 0, 0, 0, 0, 0, 0, 0, 0, 0, 0, 0),
	(10018, 82, 82, 16, 431360, 431360, 91600, 1, 0, 2000, 0, 2715, 3900, 1, 2000, 720, 1046, 0, 8262, 0, 0, 0, 0, 0, 0, 0, 0, '', 0, 7340, 0, 2.5, 8, 14, 0, 0, 0, 0, 0, 0, 0, 0, 0, 0, 0, 0, 0, 0, 0, 0, 0),
	(10019, 82, 82, 16, 1294080, 1294080, 91600, 1, 0, 2000, 0, 2715, 3900, 1, 2000, 720, 1046, 0, 8262, 0, 0, 0, 0, 0, 0, 0, 0, '', 0, 7340, 0, 2.5, 8, 14, 0, 0, 0, 0, 0, 0, 0, 0, 0, 0, 0, 0, 0, 0, 0, 0, 0),
	(37663, 82, 82, 16, 431360, 431360, 91600, 1, 0, 2000, 0, 2715, 3900, 0, 0, 0, 0, 7200000, 8340, 0, 0, 0, 0, 0, 0, 0, 0, '', 0, 7340, 0, 2.5, 8, 14, 0, 70645, 72960, 0, 0, 0, 0, 0, 0, 0, 4, 0, 0, 0, 0, 0, 0),
	(10023, 82, 82, 16, 1725440, 1725440, 0, 1, 0, 2000, 0, 2475, 3712.5, 1, 2000, 528, 792, 0, 8262, 0, 0, 0, 0, 0, 0, 0, 0, '', 0, 7670, 0, 2.5, 8, 14, 0, 0, 0, 0, 0, 0, 0, 0, 0, 0, 0, 0, 0, 0, 0, 0, 0),
	(10024, 82, 82, 16, 647040, 647040, 0, 1, 0, 2000, 0, 2475, 3712.5, 1, 2000, 528, 792, 0, 8262, 0, 0, 0, 0, 0, 0, 0, 0, '', 0, 7670, 0, 2.5, 8, 14, 0, 0, 0, 0, 0, 0, 0, 0, 0, 0, 0, 0, 0, 0, 0, 0, 0),
	(10025, 82, 82, 16, 1725440, 1725440, 0, 1, 0, 2000, 0, 2475, 3712.5, 1, 2000, 528, 792, 0, 8262, 0, 0, 0, 0, 0, 0, 0, 0, '', 0, 7670, 0, 2.5, 8, 14, 0, 0, 0, 0, 0, 0, 0, 0, 0, 0, 0, 0, 0, 0, 0, 0, 0),
	(37666, 82, 82, 16, 808860, 808860, 0, 1, 0, 2000, 0, 3660, 4815, 0, 0, 0, 0, 7200000, 10356, 0, 0, 0, 0, 0, 0, 0, 0, '', 0, 7670, 0, 2.5, 8, 14, 0, 70432, 70437, 0, 0, 0, 0, 0, 0, 0, 4, 0, 0, 0, 0, 0, 0),
	(14782, 82, 82, 1813, 5392400, 5392400, 0, 1, 0, 2000, 0, 3660, 4815, 1, 2000, 726, 1042, 0, 10328, 0, 0, 0, 0, 0, 0, 0, 0, '', 0, 0, 0, 2.5, 8, 14, 0, 0, 0, 0, 0, 0, 0, 0, 0, 0, 0, 0, 0, 0, 0, 0, 0),
	(14783, 82, 82, 1813, 1685125, 1685125, 0, 1, 0, 2000, 0, 3660, 4815, 1, 2000, 726, 1042, 0, 10328, 0, 0, 0, 0, 0, 0, 0, 0, '', 0, 0, 0, 2.5, 8, 14, 0, 0, 0, 0, 0, 0, 0, 0, 0, 0, 0, 0, 0, 0, 0, 0, 0),
	(14784, 82, 82, 1813, 5392400, 5392400, 0, 1, 0, 2000, 0, 3660, 4815, 1, 2000, 726, 1042, 0, 10328, 0, 0, 0, 0, 0, 0, 0, 0, '', 0, 0, 0, 2.5, 8, 14, 0, 0, 0, 0, 0, 0, 0, 0, 0, 0, 0, 0, 0, 0, 0, 0, 0),
	(37007, 81, 82, 1813, 1685125, 1685125, 0, 1, 0, 1000, 0, 1830, 2407.5, 0, 0, 0, 0, 7200000, 10356, 0, 0, 0, 0, 0, 0, 0, 0, '70733', 0, 0, 0, 2.5, 8, 14, 0, 71022, 71021, 0, 0, 0, 0, 0, 0, 0, 4, 0, 0, 0, 0, 0, 0),
	(14802, 82, 82, 312, 808800, 808800, 91600, 1, 0, 2000, 0, 2715, 3900, 1, 2000, 720, 1046, 0, 8262, 0, 0, 0, 0, 0, 0, 0, 0, '', 0, 8210, 0, 2.5, 8, 14, 0, 0, 0, 0, 0, 0, 0, 0, 0, 0, 0, 0, 0, 0, 0, 0, 0),
	(14803, 82, 82, 312, 269600, 269600, 91600, 1, 0, 2000, 0, 2715, 3900, 1, 2000, 720, 1046, 0, 8262, 0, 0, 0, 0, 0, 0, 0, 0, '', 0, 8210, 0, 2.5, 8, 14, 0, 0, 0, 0, 0, 0, 0, 0, 0, 0, 0, 0, 0, 0, 0, 0, 0),
	(14804, 82, 82, 312, 808800, 808800, 91600, 1, 0, 2000, 0, 2715, 3900, 1, 2000, 720, 1046, 0, 8262, 0, 0, 0, 0, 0, 0, 0, 0, '', 0, 8210, 0, 2.5, 8, 14, 0, 0, 0, 0, 0, 0, 0, 0, 0, 0, 0, 0, 0, 0, 0, 0, 0),
	(36811, 82, 82, 312, 269600, 269600, 91600, 1, 0, 2000, 0, 2715, 3900, 0, 0, 0, 0, 7200000, 8340, 0, 0, 0, 0, 0, 0, 0, 0, '', 0, 8210, 0, 2.5, 8, 14, 0, 69387, 69355, 71106, 0, 0, 0, 0, 0, 0, 0, 0, 0, 0, 0, 0, 0),
	(14651, 82, 82, 312, 808800, 808800, 91600, 1, 0, 2000, 0, 2715, 3900, 1, 2000, 720, 1046, 0, 8262, 0, 0, 0, 0, 0, 0, 0, 0, '', 0, 8200, 0, 2.5, 8, 14, 0, 0, 0, 0, 0, 0, 0, 0, 0, 0, 0, 0, 0, 0, 0, 0, 0),
	(14652, 82, 82, 312, 269600, 269600, 91600, 1, 0, 2000, 0, 2715, 3900, 1, 2000, 720, 1046, 0, 8262, 0, 0, 0, 0, 0, 0, 0, 0, '', 0, 8200, 0, 2.5, 8, 14, 0, 0, 0, 0, 0, 0, 0, 0, 0, 0, 0, 0, 0, 0, 0, 0, 0),
	(14653, 82, 82, 312, 808800, 808800, 91600, 1, 0, 2000, 0, 2715, 3900, 1, 2000, 720, 1046, 0, 8262, 0, 0, 0, 0, 0, 0, 0, 0, '', 0, 8200, 0, 2.5, 8, 14, 0, 0, 0, 0, 0, 0, 0, 0, 0, 0, 0, 0, 0, 0, 0, 0, 0),
	(36807, 82, 82, 312, 269600, 269600, 91600, 1, 0, 2000, 0, 2715, 3900, 0, 0, 0, 0, 7200000, 8340, 0, 0, 0, 0, 0, 0, 0, 0, '', 0, 8200, 0, 2.5, 8, 14, 0, 69391, 69387, 69389, 71107, 0, 0, 0, 0, 0, 4, 0, 0, 0, 0, 0, 0),
	(14657, 82, 82, 16, 2898415, 2898415, 41690, 1, 0, 2000, 0, 3472.5, 4800, 1, 2000, 720, 1040, 0, 10225, 0, 0, 0, 0, 0, 0, 0, 0, '', 0, 24250, 0, 2.5, 8, 14, 0, 0, 0, 0, 0, 0, 0, 0, 0, 0, 0, 0, 0, 0, 0, 0, 0),
	(14658, 82, 82, 16, 1011075, 1011075, 41690, 1, 0, 2000, 0, 3472.5, 4800, 1, 2000, 720, 1040, 0, 10225, 0, 0, 0, 0, 0, 0, 0, 0, '', 0, 24250, 0, 2.5, 8, 14, 0, 0, 0, 0, 0, 0, 0, 0, 0, 0, 0, 0, 0, 0, 0, 0, 0),
	(14659, 82, 82, 16, 2898415, 2898415, 41690, 1, 0, 2000, 0, 3472.5, 4800, 1, 2000, 720, 1040, 0, 10225, 0, 0, 0, 0, 0, 0, 0, 0, '', 0, 24250, 0, 2.5, 8, 14, 0, 0, 0, 0, 0, 0, 0, 0, 0, 0, 0, 0, 0, 0, 0, 0, 0),
	(36829, 82, 82, 16, 1011075, 1011075, 41690, 1, 0, 2000, 0, 3472.5, 4800, 0, 0, 0, 0, 7200000, 10253, 0, 0, 0, 0, 0, 0, 0, 0, '', 0, 24250, 0, 2.5, 8, 14, 0, 69491, 69483, 0, 0, 0, 0, 0, 0, 0, 4, 0, 0, 0, 0, 0, 0),
	(14814, 82, 82, 16, 215680, 215680, 91600, 1, 0, 2000, 0, 2715, 3900, 1, 2000, 720, 1046, 0, 8262, 0, 0, 0, 0, 0, 0, 0, 0, '', 0, 8260, 0, 2.5, 8, 14, 0, 0, 0, 0, 0, 0, 0, 0, 0, 0, 0, 0, 0, 0, 0, 0, 0),
	(14815, 82, 82, 16, 808800, 808800, 91600, 1, 0, 2000, 0, 2715, 3900, 1, 2000, 720, 1046, 0, 8262, 0, 0, 0, 0, 0, 0, 0, 0, '', 0, 8260, 0, 2.5, 8, 14, 0, 0, 0, 0, 0, 0, 0, 0, 0, 0, 0, 0, 0, 0, 0, 0, 0),
	(16552, 82, 82, 16, 808800, 808800, 91600, 1, 0, 2000, 0, 2715, 3900, 1, 2000, 720, 1046, 0, 8262, 0, 0, 0, 0, 0, 0, 0, 0, '', 0, 8260, 0, 2.5, 8, 14, 0, 0, 0, 0, 0, 0, 0, 0, 0, 0, 0, 0, 0, 0, 0, 0, 0),
	(36805, 82, 82, 16, 215680, 215680, 91600, 1, 0, 2000, 0, 2715, 3900, 0, 0, 0, 0, 7200000, 8340, 0, 0, 0, 0, 0, 0, 0, 0, '', 0, 8260, 0, 2.5, 8, 14, 0, 69576, 71108, 69405, 69404, 0, 0, 0, 0, 0, 0, 0, 0, 0, 0, 0, 0),
	(14816, 82, 82, 16, 1213290, 1213290, 0, 1, 0, 2000, 0, 3660, 4815, 1, 2000, 726, 1042, 0, 10328, 0, 0, 0, 0, 0, 0, 0, 0, '', 0, 7811, 0, 2.5, 8, 14, 0, 0, 0, 0, 0, 0, 0, 0, 0, 0, 0, 0, 0, 0, 0, 0, 0),
	(14817, 82, 82, 16, 404430, 404430, 0, 1, 0, 2000, 0, 3660, 4815, 1, 2000, 726, 1042, 0, 10328, 0, 0, 0, 0, 0, 0, 0, 0, '', 0, 7811, 0, 2.5, 8, 14, 0, 0, 0, 0, 0, 0, 0, 0, 0, 0, 0, 0, 0, 0, 0, 0, 0),
	(14818, 82, 82, 16, 1213290, 1213290, 0, 1, 0, 2000, 0, 3660, 4815, 1, 2000, 726, 1042, 0, 10328, 0, 0, 0, 0, 0, 0, 0, 0, '', 0, 7811, 0, 2.5, 8, 14, 0, 0, 0, 0, 0, 0, 0, 0, 0, 0, 0, 0, 0, 0, 0, 0, 0),
	(36808, 82, 82, 16, 404430, 404430, 0, 1, 0, 2000, 0, 3660, 4815, 0, 0, 0, 0, 7200000, 10356, 0, 0, 0, 0, 0, 0, 0, 0, '', 0, 7811, 0, 2.5, 8, 14, 0, 69492, 0, 0, 0, 0, 0, 0, 0, 0, 0, 0, 0, 0, 0, 0, 0),
	(14835, 80, 80, 21, 5670000, 5670000, 0, 1, 0, 2000, 0, 3165, 4395, 1, 2000, 690, 1018, 0, 9730, 0, 0, 0, 0, 0, 0, 4.42, 0.403, '', 0, 23039, 0, 2.5, 8, 14, 0, 0, 0, 0, 0, 0, 0, 0, 0, 0, 0, 0, 0, 0, 0, 0, 0),
	(14836, 80, 80, 21, 1575000, 1575000, 0, 1, 0, 2000, 0, 3165, 4395, 1, 2000, 690, 1018, 0, 9730, 0, 0, 0, 0, 0, 0, 4.42, 0.403, '', 0, 23039, 0, 2.5, 8, 14, 0, 0, 0, 0, 0, 0, 0, 0, 0, 0, 0, 0, 0, 0, 0, 0, 0),
	(14837, 80, 80, 21, 5670000, 5670000, 0, 1, 0, 2000, 0, 3165, 4395, 1, 2000, 690, 1018, 0, 9730, 0, 0, 0, 0, 0, 0, 4.42, 0.403, '', 0, 23039, 0, 2.5, 8, 14, 0, 0, 0, 0, 0, 0, 0, 0, 0, 0, 0, 0, 0, 0, 0, 0, 0),
	(36880, 80, 80, 21, 1575000, 1575000, 0, 1, 0, 2000, 0, 3165, 4395, 0, 0, 0, 0, 7200000, 9729, 0, 0, 0, 0, 0, 0, 4.42, 0.403, '', 0, 23039, 0, 2.5, 8, 14, 0, 0, 0, 0, 0, 0, 0, 0, 0, 0, 32, 0, 0, 0, 0, 0, 0),
	(39309, 80, 80, 21, 504000, 504000, 0, 1, 0, 2000, 0, 3165, 4395, 1, 2000, 690, 1018, 0, 9730, 0, 0, 0, 0, 0, 0, 1.25, 0.3875, '', 0, 0, 0, 2.5, 8, 14, 0, 0, 0, 0, 0, 0, 0, 0, 0, 0, 0, 0, 0, 0, 0, 0, 0),
	(39310, 80, 80, 21, 252000, 252000, 0, 1, 0, 2000, 0, 3165, 4395, 1, 2000, 690, 1018, 0, 9730, 0, 0, 0, 0, 0, 0, 1.25, 0.3875, '', 0, 0, 0, 2.5, 8, 14, 0, 0, 0, 0, 0, 0, 0, 0, 0, 0, 0, 0, 0, 0, 0, 0, 0),
	(39311, 80, 80, 21, 504000, 504000, 0, 1, 0, 2000, 0, 3165, 4395, 1, 2000, 690, 1018, 0, 9730, 0, 0, 0, 0, 0, 0, 1.25, 0.3875, '', 0, 0, 0, 2.5, 8, 14, 0, 0, 0, 0, 0, 0, 0, 0, 0, 0, 0, 0, 0, 0, 0, 0, 0),
	(37695, 80, 80, 21, 252000, 252000, 0, 1, 0, 2000, 0, 3165, 4395, 1, 2000, 690, 1018, 0, 9730, 0, 0, 0, 0, 0, 0, 1.25, 0.3875, '', 0, 0, 0, 2.5, 8, 14, 0, 0, 0, 0, 0, 0, 0, 0, 0, 0, 4, 0, 0, 0, 0, 0, 0),
	(10223, 80, 80, 14, 504000, 504000, 3994, 1, 0, 2000, 0, 583.8, 814.8, 0, 0, 0, 0, 0, 9730, 0, 0, 0, 0, 0, 0, 1, 0.5, '', 0, 0, 0, 2.5, 8, 14, 0, 0, 0, 0, 0, 0, 0, 0, 0, 0, 0, 0, 0, 0, 0, 0, 0),
	(10224, 80, 80, 14, 151200, 151200, 3994, 1, 0, 2000, 0, 583.8, 814.8, 0, 0, 0, 0, 0, 9730, 0, 0, 0, 0, 0, 0, 1, 0.5, '', 0, 0, 0, 2.5, 8, 14, 0, 0, 0, 0, 0, 0, 0, 0, 0, 0, 0, 0, 0, 0, 0, 0, 0),
	(10225, 80, 80, 14, 504000, 504000, 3994, 1, 0, 2000, 0, 583.8, 814.8, 0, 0, 0, 0, 0, 9730, 0, 0, 0, 0, 0, 0, 1, 0.5, '', 0, 0, 0, 2.5, 8, 14, 0, 0, 0, 0, 0, 0, 0, 0, 0, 0, 0, 0, 0, 0, 0, 0, 0),
	(37919, 80, 80, 14, 151200, 151200, 3994, 1, 0, 2000, 0, 583.8, 814.8, 0, 0, 0, 0, 0, 9730, 0, 0, 0, 0, 0, 0, 1, 0.5, '', 0, 0, 0, 2.5, 8, 14, 0, 41290, 70711, 70710, 0, 0, 0, 0, 0, 0, 0, 0, 0, 0, 0, 0, 0),
	(14669, 75, 75, 16, 4652, 4652, 0, 1, 0, 2000, 0, 171, 242.5, 0, 0, 0, 0, 0, 8235, 0, 0, 0, 0, 0, 0, 0.45, 0.15, '', 0, 0, 0, 2.5, 8, 14, 0, 0, 0, 0, 0, 0, 0, 0, 0, 0, 0, 0, 0, 0, 0, 0, 0),
	(14670, 75, 75, 16, 1396, 1396, 0, 1, 0, 2000, 0, 171, 242.5, 0, 0, 0, 0, 0, 8235, 0, 0, 0, 0, 0, 0, 0.45, 0.15, '', 0, 0, 0, 2.5, 8, 14, 0, 0, 0, 0, 0, 0, 0, 0, 0, 0, 0, 0, 0, 0, 0, 0, 0),
	(14671, 75, 75, 16, 4652, 4652, 0, 1, 0, 2000, 0, 171, 242.5, 0, 0, 0, 0, 0, 8235, 0, 0, 0, 0, 0, 0, 0.45, 0.15, '', 0, 0, 0, 2.5, 8, 14, 0, 0, 0, 0, 0, 0, 0, 0, 0, 0, 0, 0, 0, 0, 0, 0, 0),
	(37782, 75, 75, 16, 1396, 1396, 0, 1, 0, 2000, 0, 342, 485, 0, 0, 0, 0, 0, 8219, 0, 0, 0, 0, 0, 0, 2, 0.2, '', 0, 0, 0, 2.5, 8, 14, 0, 0, 0, 0, 0, 0, 0, 0, 0, 0, 0, 0, 0, 0, 0, 0, 0),
	(14675, 82, 82, 2209, 1213290, 1213290, 0, 1, 0, 2000, 0, 3660, 4815, 1, 2000, 726, 1042, 0, 10328, 0, 0, 0, 0, 0, 0, 4.5, 1.5, '', 0, 8516, 0, 2.5, 8, 14, 0, 0, 0, 0, 0, 0, 0, 0, 0, 0, 0, 0, 0, 0, 0, 0, 0),
	(14676, 82, 82, 2209, 674050, 674050, 0, 1, 0, 2000, 0, 3660, 4815, 1, 2000, 726, 1042, 0, 10328, 0, 0, 0, 0, 0, 0, 4.5, 1.5, '', 0, 8516, 0, 2.5, 8, 14, 0, 0, 0, 0, 0, 0, 0, 0, 0, 0, 0, 0, 0, 0, 0, 0, 0),
	(14677, 82, 82, 2209, 1213290, 1213290, 0, 1, 0, 2000, 0, 3660, 4815, 1, 2000, 726, 1042, 0, 10328, 0, 0, 0, 0, 0, 0, 4.5, 1.5, '', 0, 8516, 0, 2.5, 8, 14, 0, 0, 0, 0, 0, 0, 0, 0, 0, 0, 0, 0, 0, 0, 0, 0, 0),
	(37546, 82, 82, 2209, 674050, 674050, 0, 1, 0, 2000, 0, 3660, 4815, 0, 0, 0, 0, 7200000, 10356, 0, 0, 0, 0, 0, 0, 4.5, 1.5, '', 0, 8516, 0, 2.5, 8, 14, 0, 70191, 70371, 0, 0, 0, 0, 0, 0, 0, 4, 0, 0, 0, 0, 0, 0),
	(10211, 80, 80, 2209, 3780000, 3780000, 0, 1, 0, 2000, 0, 3165, 4395, 1, 2000, 690, 1018, 0, 9730, 0, 0, 0, 0, 0, 0, 1.5, 0.465, '', 0, 7423, 0, 2.5, 8, 14, 0, 0, 0, 0, 0, 0, 0, 0, 0, 0, 0, 0, 0, 0, 0, 0, 0),
	(10212, 80, 80, 2209, 1134000, 1134000, 0, 1, 0, 2000, 0, 3165, 4395, 1, 2000, 690, 1018, 0, 9730, 0, 0, 0, 0, 0, 0, 1.5, 0.465, '', 0, 7423, 0, 2.5, 8, 14, 0, 0, 0, 0, 0, 0, 0, 0, 0, 0, 0, 0, 0, 0, 0, 0, 0),
	(10213, 80, 80, 2209, 3780000, 3780000, 0, 1, 0, 2000, 0, 3165, 4395, 1, 2000, 690, 1018, 0, 9730, 0, 0, 0, 0, 0, 0, 1.5, 0.465, '', 0, 7423, 0, 2.5, 8, 14, 0, 0, 0, 0, 0, 0, 0, 0, 0, 0, 0, 0, 0, 0, 0, 0, 0),
	(37531, 80, 80, 2209, 1134000, 1134000, 0, 1, 0, 2000, 0, 3165, 4395, 0, 0, 0, 0, 7200000, 9730, 0, 0, 0, 0, 0, 0, 1.5, 0.465, '', 0, 7423, 0, 2.5, 8, 14, 0, 71337, 0, 0, 0, 0, 0, 0, 0, 0, 0, 0, 0, 0, 0, 0, 0),
	(10229, 80, 80, 2209, 907200, 907200, 8814, 1, 0, 2000, 0, 2595, 3742.5, 1, 2000, 630, 936, 0, 7784, 0, 0, 0, 0, 0, 0, 1.3, 0.403, '', 0, 7150, 0, 2.5, 8, 14, 0, 0, 0, 0, 0, 0, 0, 0, 0, 0, 0, 0, 0, 0, 0, 0, 0),
	(10230, 80, 80, 2209, 252000, 252000, 8814, 1, 0, 2000, 0, 2595, 3742.5, 1, 2000, 630, 936, 0, 7784, 0, 0, 0, 0, 0, 0, 1.3, 0.403, '', 0, 7150, 0, 2.5, 8, 14, 0, 0, 0, 0, 0, 0, 0, 0, 0, 0, 0, 0, 0, 0, 0, 0, 0),
	(10231, 80, 80, 2209, 907200, 907200, 8814, 1, 0, 2000, 0, 2595, 3742.5, 1, 2000, 630, 936, 0, 7784, 0, 0, 0, 0, 0, 0, 1.3, 0.403, '', 0, 7150, 0, 2.5, 8, 14, 0, 0, 0, 0, 0, 0, 0, 0, 0, 0, 0, 0, 0, 0, 0, 0, 0),
	(37229, 80, 80, 2209, 252000, 252000, 8814, 1, 0, 2000, 0, 2595, 3742.5, 1, 2000, 630, 936, 0, 7784, 0, 0, 0, 0, 0, 0, 1.3, 0.403, '', 0, 7150, 0, 2.5, 8, 14, 0, 71320, 71318, 71331, 71203, 0, 0, 0, 0, 0, 0, 0, 0, 0, 0, 0, 0),
	(10226, 80, 80, 2209, 1008000, 1008000, 0, 1, 0, 2000, 0, 3165, 4395, 1, 2000, 690, 1018, 0, 9730, 0, 0, 0, 0, 0, 0, 1.5, 0.465, '', 0, 7358, 0, 2.5, 8, 14, 0, 0, 0, 0, 0, 0, 0, 0, 0, 0, 0, 0, 0, 0, 0, 0, 0),
	(10227, 80, 80, 2209, 315000, 315000, 0, 1, 0, 2000, 0, 3165, 4395, 1, 2000, 690, 1018, 0, 9730, 0, 0, 0, 0, 0, 0, 1.5, 0.465, '', 0, 7358, 0, 2.5, 8, 14, 0, 0, 0, 0, 0, 0, 0, 0, 0, 0, 0, 0, 0, 0, 0, 0, 0),
	(10228, 80, 80, 2209, 1008000, 1008000, 0, 1, 0, 2000, 0, 3165, 4395, 1, 2000, 690, 1018, 0, 9730, 0, 0, 0, 0, 0, 0, 1.5, 0.465, '', 0, 7358, 0, 2.5, 8, 14, 0, 0, 0, 0, 0, 0, 0, 0, 0, 0, 0, 0, 0, 0, 0, 0, 0),
	(37228, 80, 80, 2209, 315000, 315000, 0, 1, 0, 2000, 0, 3165, 4395, 1, 2000, 690, 1018, 0, 9730, 0, 0, 0, 0, 0, 0, 1.5, 0.465, '', 0, 7358, 0, 2.5, 8, 14, 0, 71325, 71317, 71203, 0, 0, 0, 0, 0, 0, 0, 0, 0, 0, 0, 0, 0),
	(10214, 80, 80, 16, 252000, 252000, 3994, 1, 0, 2000, 0, 3127.5, 4365, 1, 2000, 682, 1012, 0, 9730, 0, 0, 0, 0, 0, 0, 0, 0, '', 0, 0, 0, 2.5, 8, 14, 0, 0, 0, 0, 0, 0, 0, 0, 0, 0, 0, 0, 0, 0, 0, 0, 0),
	(10215, 80, 80, 16, 126000, 126000, 3994, 1, 0, 2000, 0, 3127.5, 4365, 1, 2000, 682, 1012, 0, 9730, 0, 0, 0, 0, 0, 0, 0, 0, '', 0, 0, 0, 2.5, 8, 14, 0, 0, 0, 0, 0, 0, 0, 0, 0, 0, 0, 0, 0, 0, 0, 0, 0),
	(10222, 80, 80, 16, 252000, 252000, 3994, 1, 0, 2000, 0, 3127.5, 4365, 1, 2000, 682, 1012, 0, 9730, 0, 0, 0, 0, 0, 0, 0, 0, '', 0, 0, 0, 2.5, 8, 14, 0, 0, 0, 0, 0, 0, 0, 0, 0, 0, 0, 0, 0, 0, 0, 0, 0),
	(37532, 80, 80, 16, 126000, 126000, 3994, 1, 0, 2000, 0, 3127.5, 4365, 0, 0, 0, 0, 7200000, 9730, 0, 0, 0, 0, 0, 0, 0, 0, '', 0, 0, 0, 2.5, 8, 14, 0, 71350, 71361, 0, 0, 0, 0, 0, 0, 0, 4, 0, 0, 0, 0, 0, 0);

--
-- Update creature_difficulty IceCrownCitadel
--
REPLACE INTO `creature_difficulty` VALUES (37571, 10006, 10007, 10008);
REPLACE INTO `creature_difficulty` VALUES (37664, 10009, 10010, 10011);
REPLACE INTO `creature_difficulty` VALUES (37595, 10012, 10013, 10014);
REPLACE INTO `creature_difficulty` VALUES (37662, 10020, 10021, 10022);
REPLACE INTO `creature_difficulty` VALUES (37665, 10026, 10027, 10028);
REPLACE INTO `creature_difficulty` VALUES (37663, 10015, 10018, 10019);
REPLACE INTO `creature_difficulty` VALUES (37666, 10023, 10024, 10025);
REPLACE INTO `creature_difficulty` VALUES (37007, 14782, 14783, 14784);
REPLACE INTO `creature_difficulty` VALUES (36811, 14802, 14803, 14804);
REPLACE INTO `creature_difficulty` VALUES (36807, 14651, 14652, 14653);
REPLACE INTO `creature_difficulty` VALUES (36829, 14657, 14658, 14659);
REPLACE INTO `creature_difficulty` VALUES (36805, 14814, 14815, 16552);
REPLACE INTO `creature_difficulty` VALUES (36808, 14816, 14817, 14818);
REPLACE INTO `creature_difficulty` VALUES (36880, 14835, 14836, 14837);
REPLACE INTO `creature_difficulty` VALUES (37919, 10223, 10224, 10225);
REPLACE INTO `creature_difficulty` VALUES (37782, 14669, 14670, 14671);
REPLACE INTO `creature_difficulty` VALUES (37546, 14675, 14676, 14677);
REPLACE INTO `creature_difficulty` VALUES (37531, 10211, 10212, 10213);
REPLACE INTO `creature_difficulty` VALUES (37229, 10229, 10230, 10231);
REPLACE INTO `creature_difficulty` VALUES (37228, 10226, 10227, 10228);
REPLACE INTO `creature_difficulty` VALUES (37532, 10214, 10215, 10222);

--
-- Update world db version
--
UPDATE `world_db_version` SET `LastUpdate` = '2016-01-07_02_misc_creature' WHERE `LastUpdate` = '2016-01-07_01_misc_creature';
