DROP TABLE IF EXISTS `spellclickspells`;

-- ----------------------------
-- Table structure for `npc_spellclick_spells`
-- ----------------------------
DROP TABLE IF EXISTS `npc_spellclick_spells`;
CREATE TABLE `npc_spellclick_spells` (
  `npc_entry` int unsigned NOT NULL COMMENT 'reference to creature_template',
  `spell_id` int unsigned NOT NULL COMMENT 'spell which should be casted ',
  `cast_flags` tinyint unsigned NOT NULL COMMENT 'first bit defines caster: 1=player, 0=creature; second bit defines target, same mapping as caster bit',
  `user_type` smallint unsigned NOT NULL DEFAULT '0' COMMENT 'relation with summoner: 0-no 1-friendly 2-raid 3-party player can click',
  PRIMARY KEY (`npc_entry`,`spell_id`)
) ENGINE=MyISAM DEFAULT CHARSET=utf8mb3;

-- ----------------------------
-- Records of npc_spellclick_spells
-- ----------------------------
INSERT INTO `npc_spellclick_spells` VALUES ('28389', '51592', '1', '0');
INSERT INTO `npc_spellclick_spells` VALUES ('28389', '51593', '3', '0');
INSERT INTO `npc_spellclick_spells` VALUES ('25743', '46260', '1', '0');
INSERT INTO `npc_spellclick_spells` VALUES ('28782', '52280', '1', '0');
INSERT INTO `npc_spellclick_spells` VALUES ('31862', '61466', '1', '0');
INSERT INTO `npc_spellclick_spells` VALUES ('31861', '61466', '1', '0');
INSERT INTO `npc_spellclick_spells` VALUES ('32633', '61424', '1', '0');
INSERT INTO `npc_spellclick_spells` VALUES ('29501', '54575', '3', '0');
INSERT INTO `npc_spellclick_spells` VALUES ('29488', '54568', '3', '0');
INSERT INTO `npc_spellclick_spells` VALUES ('29912', '55479', '3', '0');
INSERT INTO `npc_spellclick_spells` VALUES ('31897', '60123', '2', '2');
INSERT INTO `npc_spellclick_spells` VALUES ('31896', '60123', '2', '2');
INSERT INTO `npc_spellclick_spells` VALUES ('31895', '60123', '2', '2');
INSERT INTO `npc_spellclick_spells` VALUES ('31894', '60123', '2', '2');
INSERT INTO `npc_spellclick_spells` VALUES ('31893', '60123', '2', '2');
INSERT INTO `npc_spellclick_spells` VALUES ('31883', '60123', '2', '2');
INSERT INTO `npc_spellclick_spells` VALUES ('33143', '62399', '0', '0');
INSERT INTO `npc_spellclick_spells` VALUES ('28162', '51026', '1', '0');
INSERT INTO `npc_spellclick_spells` VALUES ('31432', '59091', '1', '0');
INSERT INTO `npc_spellclick_spells` VALUES ('26200', '61286', '2', '0');
INSERT INTO `npc_spellclick_spells` VALUES ('26200', '39996', '1', '0');
INSERT INTO `npc_spellclick_spells` VALUES ('29856', '55364', '1', '0');
INSERT INTO `npc_spellclick_spells` VALUES ('28203', '50918', '1', '0');
INSERT INTO `npc_spellclick_spells` VALUES ('33843', '63792', '1', '0');
INSERT INTO `npc_spellclick_spells` VALUES ('33870', '63663', '1', '0');
INSERT INTO `npc_spellclick_spells` VALUES ('24083', '55074', '1', '0');
INSERT INTO `npc_spellclick_spells` VALUES ('32790', '57654', '1', '0');
INSERT INTO `npc_spellclick_spells` VALUES ('32788', '57539', '1', '0');
INSERT INTO `npc_spellclick_spells` VALUES ('30500', '56922', '2', '0');
INSERT INTO `npc_spellclick_spells` VALUES ('32640', '61424', '1', '0');
INSERT INTO `npc_spellclick_spells` VALUES ('29598', '54768', '1', '0');
INSERT INTO `npc_spellclick_spells` VALUES ('27661', '48365', '1', '0');
INSERT INTO `npc_spellclick_spells` VALUES ('27258', '48365', '1', '0');
INSERT INTO `npc_spellclick_spells` VALUES ('40471', '46598', '0', '1');
INSERT INTO `npc_spellclick_spells` VALUES ('36558', '67830', '1', '0');
INSERT INTO `npc_spellclick_spells` VALUES ('35644', '67830', '1', '0');
INSERT INTO `npc_spellclick_spells` VALUES ('40725', '75953', '1', '0');
INSERT INTO `npc_spellclick_spells` VALUES ('32286', '61666', '1', '0');
INSERT INTO `npc_spellclick_spells` VALUES ('29929', '58961', '1', '0');
INSERT INTO `npc_spellclick_spells` VALUES ('29602', '54908', '1', '0');
INSERT INTO `npc_spellclick_spells` VALUES ('29709', '55029', '1', '0');
INSERT INTO `npc_spellclick_spells` VALUES ('27626', '49138', '1', '0');
INSERT INTO `npc_spellclick_spells` VALUES ('28851', '52600', '1', '0');
INSERT INTO `npc_spellclick_spells` VALUES ('34120', '55089', '1', '0');
INSERT INTO `npc_spellclick_spells` VALUES ('30403', '56699', '1', '0');
INSERT INTO `npc_spellclick_spells` VALUES ('26813', '47424', '1', '0');
INSERT INTO `npc_spellclick_spells` VALUES ('26523', '48296', '1', '0');
INSERT INTO `npc_spellclick_spells` VALUES ('27496', '48881', '1', '0');
INSERT INTO `npc_spellclick_spells` VALUES ('27714', '49584', '1', '0');
INSERT INTO `npc_spellclick_spells` VALUES ('27996', '50343', '1', '0');
INSERT INTO `npc_spellclick_spells` VALUES ('28605', '52263', '1', '0');
INSERT INTO `npc_spellclick_spells` VALUES ('28606', '52263', '1', '0');
INSERT INTO `npc_spellclick_spells` VALUES ('28607', '52263', '1', '0');
INSERT INTO `npc_spellclick_spells` VALUES ('28833', '52447', '1', '0');
INSERT INTO `npc_spellclick_spells` VALUES ('30066', '57053', '1', '0');
INSERT INTO `npc_spellclick_spells` VALUES ('27894', '60682', '1', '0');
INSERT INTO `npc_spellclick_spells` VALUES ('28781', '60683', '1', '0');
INSERT INTO `npc_spellclick_spells` VALUES ('33060', '65031', '1', '0');
INSERT INTO `npc_spellclick_spells` VALUES ('33067', '65031', '1', '0');
INSERT INTO `npc_spellclick_spells` VALUES ('33062', '65030', '1', '0');
INSERT INTO `npc_spellclick_spells` VALUES ('33109', '62309', '1', '0');
INSERT INTO `npc_spellclick_spells` VALUES ('30234', '61421', '0', '0');
INSERT INTO `npc_spellclick_spells` VALUES ('32535', '61245', '1', '0');
INSERT INTO `npc_spellclick_spells` VALUES ('27924', '50007', '1', '0');
INSERT INTO `npc_spellclick_spells` VALUES ('28061', '50557', '1', '0');
INSERT INTO `npc_spellclick_spells` VALUES ('28192', '46598', '1', '0');
INSERT INTO `npc_spellclick_spells` VALUES ('28669', '46598', '0', '1');
INSERT INTO `npc_spellclick_spells` VALUES ('28670', '53173', '1', '0');
INSERT INTO `npc_spellclick_spells` VALUES ('28817', '52462', '1', '0');
INSERT INTO `npc_spellclick_spells` VALUES ('28864', '52589', '1', '0');
INSERT INTO `npc_spellclick_spells` VALUES ('29460', '46598', '1', '0');
INSERT INTO `npc_spellclick_spells` VALUES ('29679', '54952', '1', '0');
INSERT INTO `npc_spellclick_spells` VALUES ('29918', '54301', '1', '0');
INSERT INTO `npc_spellclick_spells` VALUES ('30468', '56795', '1', '0');
INSERT INTO `npc_spellclick_spells` VALUES ('30470', '56839', '1', '0');
INSERT INTO `npc_spellclick_spells` VALUES ('33799', '62783', '1', '0');
INSERT INTO `npc_spellclick_spells` VALUES ('30585', '57418', '1', '0');
INSERT INTO `npc_spellclick_spells` VALUES ('30645', '57612', '1', '0');
INSERT INTO `npc_spellclick_spells` VALUES ('32796', '60683', '1', '0');
INSERT INTO `npc_spellclick_spells` VALUES ('32795', '60682', '1', '0');
INSERT INTO `npc_spellclick_spells` VALUES ('31748', '56378', '1', '0');
INSERT INTO `npc_spellclick_spells` VALUES ('33519', '63163', '1', '0');
INSERT INTO `npc_spellclick_spells` VALUES ('30021', '55785', '3', '0');
INSERT INTO `npc_spellclick_spells` VALUES ('30021', '46598', '1', '0');
INSERT INTO `npc_spellclick_spells` VALUES ('39714', '74205', '1', '0');
INSERT INTO `npc_spellclick_spells` VALUES ('33357', '75648', '1', '0');
INSERT INTO `npc_spellclick_spells` VALUES ('28312', '46598', '1', '0');
INSERT INTO `npc_spellclick_spells` VALUES ('28312', '60968', '1', '0');
INSERT INTO `npc_spellclick_spells` VALUES ('28366', '60962', '1', '0');
INSERT INTO `npc_spellclick_spells` VALUES ('32627', '46598', '1', '0');
INSERT INTO `npc_spellclick_spells` VALUES ('32627', '60968', '1', '0');
INSERT INTO `npc_spellclick_spells` VALUES ('28094', '60968', '1', '0');
INSERT INTO `npc_spellclick_spells` VALUES ('27881', '60968', '1', '0');
INSERT INTO `npc_spellclick_spells` VALUES ('28614', '46598', '1', '0');
INSERT INTO `npc_spellclick_spells` VALUES ('29555', '47020', '1', '0');
INSERT INTO `npc_spellclick_spells` VALUES ('29433', '47020', '1', '0');
INSERT INTO `npc_spellclick_spells` VALUES ('25460', '46598', '1', '0');
INSERT INTO `npc_spellclick_spells` VALUES ('29625', '46598', '1', '0');
INSERT INTO `npc_spellclick_spells` VALUES ('30330', '46598', '1', '0');
INSERT INTO `npc_spellclick_spells` VALUES ('32189', '46598', '1', '0');
INSERT INTO `npc_spellclick_spells` VALUES ('33687', '46598', '1', '0');
INSERT INTO `npc_spellclick_spells` VALUES ('33778', '43671', '1', '0');
INSERT INTO `npc_spellclick_spells` VALUES ('30895', '46598', '1', '0');
INSERT INTO `npc_spellclick_spells` VALUES ('30337', '43671', '1', '0');
INSERT INTO `npc_spellclick_spells` VALUES ('33796', '62784', '1', '0');
INSERT INTO `npc_spellclick_spells` VALUES ('33792', '62785', '1', '0');
INSERT INTO `npc_spellclick_spells` VALUES ('33791', '62786', '1', '0');
INSERT INTO `npc_spellclick_spells` VALUES ('30852', '57897', '2', '1');
INSERT INTO `npc_spellclick_spells` VALUES ('26421', '47575', '1', '0');
INSERT INTO `npc_spellclick_spells` VALUES ('31157', '46598', '1', '0');
INSERT INTO `npc_spellclick_spells` VALUES ('33798', '62787', '1', '0');
INSERT INTO `npc_spellclick_spells` VALUES ('33800', '62774', '1', '0');
INSERT INTO `npc_spellclick_spells` VALUES ('33795', '62779', '1', '0');
INSERT INTO `npc_spellclick_spells` VALUES ('33793', '62780', '1', '0');
INSERT INTO `npc_spellclick_spells` VALUES ('33842', '63791', '1', '0');
INSERT INTO `npc_spellclick_spells` VALUES ('32930', '65343', '0', '0');
INSERT INTO `npc_spellclick_spells` VALUES ('27409', '48678', '1', '0');
INSERT INTO `npc_spellclick_spells` VALUES ('25765', '43671', '1', '0');
INSERT INTO `npc_spellclick_spells` VALUES ('26572', '46598', '1', '0');
INSERT INTO `npc_spellclick_spells` VALUES ('27761', '43671', '1', '0');
INSERT INTO `npc_spellclick_spells` VALUES ('28054', '50556', '1', '0');
INSERT INTO `npc_spellclick_spells` VALUES ('29500', '46598', '1', '0');
INSERT INTO `npc_spellclick_spells` VALUES ('30013', '43671', '1', '0');
INSERT INTO `npc_spellclick_spells` VALUES ('30174', '46598', '1', '0');
INSERT INTO `npc_spellclick_spells` VALUES ('33790', '62781', '1', '0');
INSERT INTO `npc_spellclick_spells` VALUES ('34935', '43671', '1', '0');
INSERT INTO `npc_spellclick_spells` VALUES ('29563', '56795', '2', '0');
INSERT INTO `npc_spellclick_spells` VALUES ('28222', '52082', '1', '0');
INSERT INTO `npc_spellclick_spells` VALUES ('24750', '46598', '1', '0');
INSERT INTO `npc_spellclick_spells` VALUES ('27241', '46598', '1', '0');
INSERT INTO `npc_spellclick_spells` VALUES ('28018', '46598', '1', '0');
INSERT INTO `npc_spellclick_spells` VALUES ('29351', '46598', '0', '0');
INSERT INTO `npc_spellclick_spells` VALUES ('29358', '46598', '0', '0');
INSERT INTO `npc_spellclick_spells` VALUES ('29698', '46598', '1', '0');
INSERT INTO `npc_spellclick_spells` VALUES ('29931', '46598', '1', '0');
INSERT INTO `npc_spellclick_spells` VALUES ('30204', '46598', '1', '0');
INSERT INTO `npc_spellclick_spells` VALUES ('30248', '61421', '0', '0');
INSERT INTO `npc_spellclick_spells` VALUES ('36794', '46598', '1', '0');
INSERT INTO `npc_spellclick_spells` VALUES ('36891', '46598', '1', '0');
INSERT INTO `npc_spellclick_spells` VALUES ('36896', '46598', '1', '0');
INSERT INTO `npc_spellclick_spells` VALUES ('38500', '46598', '1', '0');
INSERT INTO `npc_spellclick_spells` VALUES ('24418', '43768', '1', '0');
INSERT INTO `npc_spellclick_spells` VALUES ('33113', '46598', '1', '0');
INSERT INTO `npc_spellclick_spells` VALUES ('36678', '46598', '1', '0');
INSERT INTO `npc_spellclick_spells` VALUES ('33214', '46598', '1', '0');
INSERT INTO `npc_spellclick_spells` VALUES ('35636', '46598', '0', '0');
INSERT INTO `npc_spellclick_spells` VALUES ('35641', '46598', '0', '0');
INSERT INTO `npc_spellclick_spells` VALUES ('35637', '46598', '0', '0');
INSERT INTO `npc_spellclick_spells` VALUES ('35634', '46598', '0', '0');
INSERT INTO `npc_spellclick_spells` VALUES ('35638', '46598', '0', '0');
INSERT INTO `npc_spellclick_spells` VALUES ('34658', '46598', '0', '0');
INSERT INTO `npc_spellclick_spells` VALUES ('35635', '46598', '0', '0');
INSERT INTO `npc_spellclick_spells` VALUES ('35768', '46598', '0', '0');
INSERT INTO `npc_spellclick_spells` VALUES ('35633', '46598', '0', '0');
INSERT INTO `npc_spellclick_spells` VALUES ('35640', '46598', '0', '0');
INSERT INTO `npc_spellclick_spells` VALUES ('33669', '46598', '1', '0');
INSERT INTO `npc_spellclick_spells` VALUES ('36476', '46598', '1', '0');
INSERT INTO `npc_spellclick_spells` VALUES ('36661', '46598', '1', '0');
INSERT INTO `npc_spellclick_spells` VALUES ('34045', '65030', '1', '0');
INSERT INTO `npc_spellclick_spells` VALUES ('33782', '63151', '1', '0');
INSERT INTO `npc_spellclick_spells` VALUES ('33318', '63151', '1', '0');
INSERT INTO `npc_spellclick_spells` VALUES ('33323', '63151', '1', '0');
INSERT INTO `npc_spellclick_spells` VALUES ('33322', '63151', '1', '0');
INSERT INTO `npc_spellclick_spells` VALUES ('33317', '63151', '1', '0');
INSERT INTO `npc_spellclick_spells` VALUES ('33319', '63151', '1', '0');
INSERT INTO `npc_spellclick_spells` VALUES ('33316', '63151', '1', '0');
INSERT INTO `npc_spellclick_spells` VALUES ('33321', '63151', '1', '0');
INSERT INTO `npc_spellclick_spells` VALUES ('33324', '63151', '1', '0');
INSERT INTO `npc_spellclick_spells` VALUES ('33320', '63151', '1', '0');
INSERT INTO `npc_spellclick_spells` VALUES ('33845', '63151', '1', '0');
INSERT INTO `npc_spellclick_spells` VALUES ('33844', '63151', '1', '0');
INSERT INTO `npc_spellclick_spells` VALUES ('33217', '63151', '1', '0');
INSERT INTO `npc_spellclick_spells` VALUES ('40081', '46598', '0', '1');
INSERT INTO `npc_spellclick_spells` VALUES ('40470', '46598', '0', '1');
INSERT INTO `npc_spellclick_spells` VALUES ('40176', '74904', '1', '0');
INSERT INTO `npc_spellclick_spells` VALUES ('40176', '74905', '3', '0');
INSERT INTO `npc_spellclick_spells` VALUES ('40305', '46598', '1', '0');
INSERT INTO `npc_spellclick_spells` VALUES ('25596', '45875', '0', '0');
INSERT INTO `npc_spellclick_spells` VALUES ('38248', '71462', '1', '2');
INSERT INTO `npc_spellclick_spells` VALUES ('37945', '70766', '3', '0');
INSERT INTO `npc_spellclick_spells` VALUES ('38430', '70766', '3', '0');
INSERT INTO `npc_spellclick_spells` VALUES ('38186', '70766', '3', '0');
INSERT INTO `npc_spellclick_spells` VALUES ('38429', '70766', '3', '0');
INSERT INTO `npc_spellclick_spells` VALUES ('33293', '63852', '1', '0');
INSERT INTO `npc_spellclick_spells` VALUES ('28710', '46598', '1', '1');
INSERT INTO `npc_spellclick_spells` VALUES ('29838', '46598', '1', '0');
INSERT INTO `npc_spellclick_spells` VALUES ('33114', '46598', '1', '0');
INSERT INTO `npc_spellclick_spells` VALUES ('33167', '46598', '1', '0');
INSERT INTO `npc_spellclick_spells` VALUES ('34161', '46598', '1', '0');
INSERT INTO `npc_spellclick_spells` VALUES ('25762', '43671', '1', '0');
INSERT INTO `npc_spellclick_spells` VALUES ('27131', '48754', '1', '0');
INSERT INTO `npc_spellclick_spells` VALUES ('31110', '46598', '1', '0');
INSERT INTO `npc_spellclick_spells` VALUES ('31137', '46598', '1', '0');
INSERT INTO `npc_spellclick_spells` VALUES ('34125', '63215', '1', '0');
INSERT INTO `npc_spellclick_spells` VALUES ('31262', '46598', '1', '0');
INSERT INTO `npc_spellclick_spells` VALUES ('31409', '46598', '1', '0');
INSERT INTO `npc_spellclick_spells` VALUES ('31407', '46598', '1', '0');
INSERT INTO `npc_spellclick_spells` VALUES ('31408', '46598', '1', '0');
INSERT INTO `npc_spellclick_spells` VALUES ('31406', '46598', '1', '0');
INSERT INTO `npc_spellclick_spells` VALUES ('32490', '46598', '1', '0');
INSERT INTO `npc_spellclick_spells` VALUES ('31583', '46598', '1', '0');
INSERT INTO `npc_spellclick_spells` VALUES ('31830', '46598', '1', '0');
INSERT INTO `npc_spellclick_spells` VALUES ('31881', '46598', '1', '0');
INSERT INTO `npc_spellclick_spells` VALUES ('31884', '46598', '1', '0');
INSERT INTO `npc_spellclick_spells` VALUES ('32225', '46598', '1', '0');
INSERT INTO `npc_spellclick_spells` VALUES ('32227', '46598', '1', '0');
INSERT INTO `npc_spellclick_spells` VALUES ('32292', '46598', '1', '0');
INSERT INTO `npc_spellclick_spells` VALUES ('32344', '46598', '1', '0');
INSERT INTO `npc_spellclick_spells` VALUES ('37968', '46598', '1', '0');
INSERT INTO `npc_spellclick_spells` VALUES ('34802', '68503', '1', '0');
INSERT INTO `npc_spellclick_spells` VALUES ('35069', '66245', '1', '0');
INSERT INTO `npc_spellclick_spells` VALUES ('34775', '66245', '1', '0');
INSERT INTO `npc_spellclick_spells` VALUES ('30935', '46598', '1', '0');
INSERT INTO `npc_spellclick_spells` VALUES ('34162', '46598', '1', '0');
INSERT INTO `npc_spellclick_spells` VALUES ('35299', '46598', '1', '0');
INSERT INTO `npc_spellclick_spells` VALUES ('35069', '46598', '1', '0');
INSERT INTO `npc_spellclick_spells` VALUES ('35415', '66245', '1', '0');
INSERT INTO `npc_spellclick_spells` VALUES ('34944', '68458', '1', '0');
INSERT INTO `npc_spellclick_spells` VALUES ('35273', '68503', '1', '0');
INSERT INTO `npc_spellclick_spells` VALUES ('34776', '66245', '1', '0');
INSERT INTO `npc_spellclick_spells` VALUES ('34929', '43671', '1', '0');
INSERT INTO `npc_spellclick_spells` VALUES ('35413', '66245', '1', '0');
INSERT INTO `npc_spellclick_spells` VALUES ('29403', '49641', '1', '0');
INSERT INTO `npc_spellclick_spells` VALUES ('31785', '59656', '1', '0');
INSERT INTO `npc_spellclick_spells` VALUES ('31770', '59654', '1', '0');
INSERT INTO `npc_spellclick_spells` VALUES ('31736', '59592', '1', '0');
INSERT INTO `npc_spellclick_spells` VALUES ('31784', '59593', '1', '0');
INSERT INTO `npc_spellclick_spells` VALUES ('34111', '46598', '1', '0');
INSERT INTO `npc_spellclick_spells` VALUES ('33139', '46598', '1', '0');
INSERT INTO `npc_spellclick_spells` VALUES ('33498', '63126', '2', '0');
INSERT INTO `npc_spellclick_spells` VALUES ('27593', '49177', '1', '0');
INSERT INTO `npc_spellclick_spells` VALUES ('30560', '57347', '1', '1');
INSERT INTO `npc_spellclick_spells` VALUES ('34819', '65403', '1', '0');
INSERT INTO `npc_spellclick_spells` VALUES ('34824', '65403', '1', '0');
INSERT INTO `npc_spellclick_spells` VALUES ('34823', '65403', '1', '0');
INSERT INTO `npc_spellclick_spells` VALUES ('34812', '65403', '1', '0');
INSERT INTO `npc_spellclick_spells` VALUES ('34822', '65403', '1', '0');
INSERT INTO `npc_spellclick_spells` VALUES ('32823', '46598', '1', '0');
INSERT INTO `npc_spellclick_spells` VALUES ('32830', '46598', '1', '0');
INSERT INTO `npc_spellclick_spells` VALUES ('32840', '46598', '1', '0');
INSERT INTO `npc_spellclick_spells` VALUES ('30564', '57401', '1', '0');
INSERT INTO `npc_spellclick_spells` VALUES ('30850', '57897', '2', '1');
INSERT INTO `npc_spellclick_spells` VALUES ('33794', '62782', '1', '0');
INSERT INTO `npc_spellclick_spells` VALUES ('31269', '46598', '1', '0');
INSERT INTO `npc_spellclick_spells` VALUES ('28202', '50926', '1', '0');
INSERT INTO `npc_spellclick_spells` VALUES ('29414', '18277', '1', '0');
INSERT INTO `npc_spellclick_spells` VALUES ('30841', '57897', '2', '1');
INSERT INTO `npc_spellclick_spells` VALUES ('29708', '55028', '1', '0');
INSERT INTO `npc_spellclick_spells` VALUES ('40472', '46598', '0', '1');
INSERT INTO `npc_spellclick_spells` VALUES ('30236', '57573', '1', '0');
INSERT INTO `npc_spellclick_spells` VALUES ('29005', '60944', '1', '0');
INSERT INTO `npc_spellclick_spells` VALUES ('29579', '46598', '1', '1');
INSERT INTO `npc_spellclick_spells` VALUES ('34072', '51347', '3', '0');
INSERT INTO `npc_spellclick_spells` VALUES ('32370', '59724', '1', '0');
INSERT INTO `npc_spellclick_spells` VALUES ('26477', '61832', '1', '0');
INSERT INTO `npc_spellclick_spells` VALUES ('29863', '46598', '0', '1');
INSERT INTO `npc_spellclick_spells` VALUES ('29736', '43671', '1', '0');
INSERT INTO `npc_spellclick_spells` VALUES ('30123', '55957', '3', '0');
INSERT INTO `npc_spellclick_spells` VALUES ('27061', '47920', '1', '0');
INSERT INTO `npc_spellclick_spells` VALUES ('30272', '57401', '1', '0');
INSERT INTO `npc_spellclick_spells` VALUES ('29884', '55430', '1', '0');
INSERT INTO `npc_spellclick_spells` VALUES ('34778', '66245', '1', '0');
INSERT INTO `npc_spellclick_spells` VALUES ('34793', '66245', '1', '0');
INSERT INTO `npc_spellclick_spells` VALUES ('34777', '66245', '1', '0');
INSERT INTO `npc_spellclick_spells` VALUES ('34776', '46598', '1', '0');
INSERT INTO `npc_spellclick_spells` VALUES ('27354', '43671', '1', '0');
INSERT INTO `npc_spellclick_spells` VALUES ('35417', '66245', '1', '0');
INSERT INTO `npc_spellclick_spells` VALUES ('35419', '68503', '1', '0');
INSERT INTO `npc_spellclick_spells` VALUES ('35421', '68503', '1', '0');
INSERT INTO `npc_spellclick_spells` VALUES ('35429', '68458', '1', '0');
INSERT INTO `npc_spellclick_spells` VALUES ('35431', '66245', '1', '0');
INSERT INTO `npc_spellclick_spells` VALUES ('35431', '46598', '1', '0');
INSERT INTO `npc_spellclick_spells` VALUES ('35433', '66245', '1', '0');
INSERT INTO `npc_spellclick_spells` VALUES ('35433', '46598', '1', '0');
INSERT INTO `npc_spellclick_spells` VALUES ('35436', '66245', '1', '0');
INSERT INTO `npc_spellclick_spells` VALUES ('36355', '66245', '1', '0');
INSERT INTO `npc_spellclick_spells` VALUES ('36356', '66245', '1', '0');
INSERT INTO `npc_spellclick_spells` VALUES ('36357', '66245', '1', '0');
INSERT INTO `npc_spellclick_spells` VALUES ('36358', '66245', '1', '0');
INSERT INTO `npc_spellclick_spells` VALUES ('28319', '60968', '1', '0');
INSERT INTO `npc_spellclick_spells` VALUES ('32629', '60968', '1', '0');
INSERT INTO `npc_spellclick_spells` VALUES ('37227', '70104', '3', '0');
INSERT INTO `npc_spellclick_spells` VALUES ('36838', '70510', '1', '0');
INSERT INTO `npc_spellclick_spells` VALUES ('36839', '70510', '1', '0');
INSERT INTO `npc_spellclick_spells` VALUES ('35410', '43671', '1', '0');
INSERT INTO `npc_spellclick_spells` VALUES ('25334', '46598', '1', '0');
INSERT INTO `npc_spellclick_spells` VALUES ('30388', '46598', '1', '0');
INSERT INTO `npc_spellclick_spells` VALUES ('31856', '46598', '1', '0');
INSERT INTO `npc_spellclick_spells` VALUES ('31840', '46598', '1', '0');
INSERT INTO `npc_spellclick_spells` VALUES ('32152', '46598', '1', '0');
INSERT INTO `npc_spellclick_spells` VALUES ('32513', '46598', '1', '0');
INSERT INTO `npc_spellclick_spells` VALUES ('24992', '45008', '0', '0');
INSERT INTO `npc_spellclick_spells` VALUES ('26503', '47121', '0', '0');
INSERT INTO `npc_spellclick_spells` VALUES ('26809', '47416', '0', '0');
INSERT INTO `npc_spellclick_spells` VALUES ('26048', '46407', '0', '0');
INSERT INTO `npc_spellclick_spells` VALUES ('28161', '51037', '0', '0');
INSERT INTO `npc_spellclick_spells` VALUES ('33651', '46598', '1', '1');
INSERT INTO `npc_spellclick_spells` VALUES ('33432', '46598', '1', '1');
INSERT INTO `npc_spellclick_spells` VALUES ('35491', '46598', '0', '0');
INSERT INTO `npc_spellclick_spells` VALUES ('29857', '55460', '3', '0');
INSERT INTO `npc_spellclick_spells` VALUES ('28468', '46598', '1', '0');
INSERT INTO `npc_spellclick_spells` VALUES ('25968', '46598', '1', '0');
INSERT INTO `npc_spellclick_spells` VALUES ('26191', '46978', '2', '0');
INSERT INTO `npc_spellclick_spells` VALUES ('27923', '46598', '1', '1');
INSERT INTO `npc_spellclick_spells` VALUES ('35427', '43671', '1', '0');
INSERT INTO `npc_spellclick_spells` VALUES ('30108', '46598', '1', '0');
INSERT INTO `npc_spellclick_spells` VALUES ('30393', '46598', '1', '0');
INSERT INTO `npc_spellclick_spells` VALUES ('34146', '43671', '1', '0');
INSERT INTO `npc_spellclick_spells` VALUES ('34151', '43671', '1', '0');
INSERT INTO `npc_spellclick_spells` VALUES ('34150', '43671', '1', '0');
INSERT INTO `npc_spellclick_spells` VALUES ('27587', '49078', '1', '0');
INSERT INTO `npc_spellclick_spells` VALUES ('27587', '46598', '1', '1');
INSERT INTO `npc_spellclick_spells` VALUES ('30134', '43671', '1', '1');
INSERT INTO `npc_spellclick_spells` VALUES ('30134', '56603', '1', '0');
INSERT INTO `npc_spellclick_spells` VALUES ('31050', '46598', '1', '0');
INSERT INTO `npc_spellclick_spells` VALUES ('37966', '69342', '1', '0');
INSERT INTO `npc_spellclick_spells` VALUES ('37980', '69342', '1', '0');
INSERT INTO `npc_spellclick_spells` VALUES ('36812', '69342', '1', '0');
INSERT INTO `npc_spellclick_spells` VALUES ('27213', '43671', '0', '0');
INSERT INTO `npc_spellclick_spells` VALUES ('34796', '46598', '0', '0');
INSERT INTO `npc_spellclick_spells` VALUES ('31784', '46598', '1', '0');
INSERT INTO `npc_spellclick_spells` VALUES ('31785', '46598', '1', '0');
INSERT INTO `npc_spellclick_spells` VALUES ('27886', '48365', '1', '1');
INSERT INTO `npc_spellclick_spells` VALUES ('27939', '46598', '1', '0');
INSERT INTO `npc_spellclick_spells` VALUES ('30165', '43671', '1', '0');

-- ----------------------------
-- Table structure for `vehicle_seat_addon`
-- ----------------------------
DROP TABLE IF EXISTS `vehicle_seat_addon`;
CREATE TABLE `vehicle_seat_addon` (
  `SeatEntry` int unsigned NOT NULL COMMENT 'VehicleSeatEntry.dbc identifier',
  `SeatOrientation` float DEFAULT '0' COMMENT 'Seat Orientation override value',
  `ExitParamX` float DEFAULT '0',
  `ExitParamY` float DEFAULT '0',
  `ExitParamZ` float DEFAULT '0',
  `ExitParamO` float DEFAULT '0',
  `ExitParamValue` tinyint(1) DEFAULT '0',
  PRIMARY KEY (`SeatEntry`)
) ENGINE=InnoDB DEFAULT CHARSET=utf8mb3;

-- ----------------------------
-- Records of vehicle_seat_addon
-- ----------------------------
INSERT INTO `vehicle_seat_addon` VALUES ('861', '0', '-2', '2', '0', '0', '1');
INSERT INTO `vehicle_seat_addon` VALUES ('862', '0', '-2', '3', '0', '0', '1');
INSERT INTO `vehicle_seat_addon` VALUES ('2726', '0', '2803.32', '7051.41', '5.36291', '4.73481', '2');
INSERT INTO `vehicle_seat_addon` VALUES ('2727', '0', '2801.48', '7051.38', '5.36291', '4.73481', '2');
INSERT INTO `vehicle_seat_addon` VALUES ('2728', '0', '2801.17', '7046.47', '5.36201', '4.73481', '2');
INSERT INTO `vehicle_seat_addon` VALUES ('2729', '0', '2803.73', '7046.52', '5.36201', '4.73481', '2');
INSERT INTO `vehicle_seat_addon` VALUES ('2730', '0', '2807.86', '7038.57', '7.07581', '4.73481', '2');
INSERT INTO `vehicle_seat_addon` VALUES ('2764', '0', '-2', '2', '0', '0', '1');
INSERT INTO `vehicle_seat_addon` VALUES ('2765', '0', '-2', '-2', '0', '0', '1');
INSERT INTO `vehicle_seat_addon` VALUES ('2767', '0', '-2', '2', '0', '0', '1');
INSERT INTO `vehicle_seat_addon` VALUES ('2768', '0', '-2', '-2', '0', '0', '1');
INSERT INTO `vehicle_seat_addon` VALUES ('6446', '0', '-1', '4', '3', '0', '1');
INSERT INTO `vehicle_seat_addon` VALUES ('6447', '0', '1', '4', '3', '0', '1');
INSERT INTO `vehicle_seat_addon` VALUES ('7326', '0', '-1', '4', '3', '0', '1');
INSERT INTO `vehicle_seat_addon` VALUES ('7327', '0', '1', '4', '3', '0', '1');
INSERT INTO `vehicle_seat_addon` VALUES ('7328', '0', '-1', '4', '3', '0', '1');
INSERT INTO `vehicle_seat_addon` VALUES ('7329', '0', '1', '4', '3', '0', '1');

-- ----------------------------
-- Table structure for `vehicle_accessories`
-- ----------------------------
DROP TABLE IF EXISTS `vehicle_accessories`;
CREATE TABLE `vehicle_accessories` (
  `entry` mediumint unsigned NOT NULL DEFAULT '0',
  `accessory_entry` mediumint unsigned NOT NULL DEFAULT '0',
  `seat_id` tinyint NOT NULL DEFAULT '0',
  `minion` tinyint unsigned NOT NULL DEFAULT '0',
  `description` text NOT NULL,
  `summontype` tinyint unsigned NOT NULL DEFAULT '6' COMMENT 'see enum TempSummonType',
  `summontimer` int unsigned NOT NULL DEFAULT '30000' COMMENT 'timer, only relevant for certain summontypes',
  PRIMARY KEY (`entry`,`seat_id`)
) ENGINE=MyISAM DEFAULT CHARSET=utf8mb3 ROW_FORMAT=FIXED;

-- ----------------------------
-- Records of vehicle_accessories
-- ----------------------------
INSERT INTO `vehicle_accessories` VALUES ('28782', '28768', '0', '0', 'Acherus Deathcharger', '6', '30000');
INSERT INTO `vehicle_accessories` VALUES ('28312', '28319', '7', '1', 'Wintergrasp Siege Engine', '6', '30000');
INSERT INTO `vehicle_accessories` VALUES ('32627', '32629', '7', '1', 'Wintergrasp Siege Engine', '6', '30000');
INSERT INTO `vehicle_accessories` VALUES ('32930', '32933', '0', '1', 'Kologarn', '8', '0');
INSERT INTO `vehicle_accessories` VALUES ('32930', '32934', '1', '1', 'Kologarn', '8', '0');
INSERT INTO `vehicle_accessories` VALUES ('33109', '33167', '1', '1', 'Salvaged Demolisher', '6', '30000');
INSERT INTO `vehicle_accessories` VALUES ('33060', '33067', '7', '1', 'Salvaged Siege Engine', '6', '30000');
INSERT INTO `vehicle_accessories` VALUES ('29931', '29982', '0', '0', 'Drakkari Rider on Drakkari Rhino', '6', '300');
INSERT INTO `vehicle_accessories` VALUES ('33113', '33114', '2', '1', 'Flame Leviathan', '6', '30000');
INSERT INTO `vehicle_accessories` VALUES ('33113', '33114', '3', '1', 'Flame Leviathan', '6', '30000');
INSERT INTO `vehicle_accessories` VALUES ('33113', '33139', '7', '1', 'Flame Leviathan', '6', '30000');
INSERT INTO `vehicle_accessories` VALUES ('36678', '38309', '0', '1', 'Professor Putricide - trigger', '6', '30000');
INSERT INTO `vehicle_accessories` VALUES ('33214', '33218', '1', '1', 'Mechanolift 304-A', '6', '30000');
INSERT INTO `vehicle_accessories` VALUES ('35636', '34703', '0', '0', 'Lana Stouthammer\'s Mount - Lana Stouthammer <Grand Champion of Ironforge>', '8', '0');
INSERT INTO `vehicle_accessories` VALUES ('35637', '34705', '0', '0', 'Marshal Jacob Alerius\' Mount - Marshal Jacob Alerius <Grand Champion of Stormwind>', '8', '0');
INSERT INTO `vehicle_accessories` VALUES ('35768', '34701', '0', '0', 'Colosos\' Mount - Colosos', '8', '0');
INSERT INTO `vehicle_accessories` VALUES ('34658', '34657', '0', '0', 'Jaelyne Evensong\'s Mount - Jaelyne Evensong', '8', '0');
INSERT INTO `vehicle_accessories` VALUES ('35633', '34702', '0', '0', 'Ambrose Boltspark\'s Mount - Ambrose Boltspark', '8', '0');
INSERT INTO `vehicle_accessories` VALUES ('27241', '27268', '0', '0', 'Risen Gryphon', '6', '30000');
INSERT INTO `vehicle_accessories` VALUES ('27661', '27662', '0', '0', 'Wintergarde Gryphon', '6', '30000');
INSERT INTO `vehicle_accessories` VALUES ('29698', '29699', '0', '0', 'Drakuru Raptor', '6', '30000');
INSERT INTO `vehicle_accessories` VALUES ('33778', '33780', '0', '0', 'Tournament Hippogryph', '6', '30000');
INSERT INTO `vehicle_accessories` VALUES ('33687', '33695', '0', '0', 'Chillmaw', '6', '30000');
INSERT INTO `vehicle_accessories` VALUES ('33687', '33695', '1', '0', 'Chillmaw', '6', '30000');
INSERT INTO `vehicle_accessories` VALUES ('33687', '33695', '2', '0', 'Chillmaw', '6', '30000');
INSERT INTO `vehicle_accessories` VALUES ('29625', '29694', '1', '1', 'Hyldsmeet Proto-Drake', '6', '30000');
INSERT INTO `vehicle_accessories` VALUES ('30330', '30332', '0', '0', 'Jotunheim Proto-Drake', '6', '30000');
INSERT INTO `vehicle_accessories` VALUES ('32189', '32190', '0', '1', 'Skybreaker Recon Fighter', '6', '30000');
INSERT INTO `vehicle_accessories` VALUES ('36678', '38308', '1', '1', 'Professor Putricide - trigger', '6', '30000');
INSERT INTO `vehicle_accessories` VALUES ('32640', '32642', '1', '1', 'Traveler Mammoth (H) - Vendor', '6', '30000');
INSERT INTO `vehicle_accessories` VALUES ('32640', '32641', '2', '1', 'Traveler Mammoth (H) - Vendor & Repairer', '6', '30000');
INSERT INTO `vehicle_accessories` VALUES ('32633', '32638', '1', '1', 'Traveler Mammoth (A) - Vendor', '6', '30000');
INSERT INTO `vehicle_accessories` VALUES ('32633', '32639', '2', '1', 'Traveler Mammoth (A) - Vendor & Repairer', '6', '30000');
INSERT INTO `vehicle_accessories` VALUES ('33669', '33666', '0', '0', 'Demolisher Engineer Blastwrench', '6', '30000');
INSERT INTO `vehicle_accessories` VALUES ('29555', '29556', '0', '0', 'Goblin Sapper', '6', '30000');
INSERT INTO `vehicle_accessories` VALUES ('28018', '28006', '0', '0', 'Thiassi the Light Bringer', '1', '30000');
INSERT INTO `vehicle_accessories` VALUES ('28054', '28053', '-1', '0', 'Lucky Wilhelm - Apple', '6', '10000');
INSERT INTO `vehicle_accessories` VALUES ('28614', '28616', '0', '1', 'Scarlet Gryphon Rider', '6', '30000');
INSERT INTO `vehicle_accessories` VALUES ('36476', '36477', '0', '0', 'Krick and Ick', '6', '30000');
INSERT INTO `vehicle_accessories` VALUES ('29433', '29440', '0', '0', 'Goblin Sapper in K3', '6', '30000');
INSERT INTO `vehicle_accessories` VALUES ('36661', '36658', '0', '0', 'Scourgelord Tyrannus and Rimefang', '6', '30000');
INSERT INTO `vehicle_accessories` VALUES ('36891', '31260', '0', '0', 'Ymirjar Skycaller on Drake', '6', '30000');
INSERT INTO `vehicle_accessories` VALUES ('24750', '24751', '0', '1', 'Excelsior rides Hidalgo the Master Falconer', '6', '30000');
INSERT INTO `vehicle_accessories` VALUES ('30234', '30245', '0', '1', 'Hover Disk - Nexus Lord', '6', '1000');
INSERT INTO `vehicle_accessories` VALUES ('30248', '30249', '0', '1', 'Hover Disk - Scion of Eternity', '6', '1000');
INSERT INTO `vehicle_accessories` VALUES ('33293', '33329', '0', '0', 'XT-002 Deconstructor - Heart', '6', '30000');
INSERT INTO `vehicle_accessories` VALUES ('31269', '27559', '0', '0', 'Kor\'kron Battle Wyvern', '6', '300');
INSERT INTO `vehicle_accessories` VALUES ('29838', '29836', '0', '0', 'Drakkari Battle Rider on Drakkari Rhino, not minion', '6', '30000');
INSERT INTO `vehicle_accessories` VALUES ('29931', '29982', '1', '0', 'Drakkari Rider on Drakkari Rhino', '6', '300');
INSERT INTO `vehicle_accessories` VALUES ('29931', '29982', '2', '0', 'Drakkari Rider on Drakkari Rhino', '6', '300');
INSERT INTO `vehicle_accessories` VALUES ('31262', '31263', '0', '0', 'Carrion Hunter rides Blight Falconer', '6', '300');
INSERT INTO `vehicle_accessories` VALUES ('31406', '32256', '6', '1', 'Shield Visual Loc Bunny on Alliance Infra-green Bomber', '8', '0');
INSERT INTO `vehicle_accessories` VALUES ('31406', '32221', '5', '1', 'Banner Bunny, Side, Alliance on Alliance Infra-green Bomber', '8', '0');
INSERT INTO `vehicle_accessories` VALUES ('31406', '32221', '4', '1', 'Banner Bunny, Side, Alliance on Alliance Infra-green Bomber', '8', '0');
INSERT INTO `vehicle_accessories` VALUES ('31406', '32217', '3', '1', 'Banner Bunny, Hanging, Alliance on Alliance Infra-green Bomber', '8', '0');
INSERT INTO `vehicle_accessories` VALUES ('31406', '31409', '2', '1', 'Alliance Engineering Seat on rides Alliance Infra-green Bomber', '8', '0');
INSERT INTO `vehicle_accessories` VALUES ('31406', '31407', '1', '1', 'Alliance Turret Seat on Alliance Infra-green Bomber', '8', '0');
INSERT INTO `vehicle_accessories` VALUES ('31406', '31408', '0', '1', 'Alliance Bomber Seat on Alliance Infra-green Bomber', '8', '0');
INSERT INTO `vehicle_accessories` VALUES ('31583', '31630', '1', '1', 'Skytalon Explosion Bunny on Frostbrood Skytalon', '8', '0');
INSERT INTO `vehicle_accessories` VALUES ('31881', '31891', '0', '1', 'Kor\'kron Transport Pilot rides Kor\'kron Troop Transport', '6', '300');
INSERT INTO `vehicle_accessories` VALUES ('31881', '31884', '1', '1', 'Kor\'kron Suppression Turret on Kor\'kron Troop Transport', '8', '0');
INSERT INTO `vehicle_accessories` VALUES ('31881', '31882', '2', '0', 'Kor\'kron Infiltrator on Kor\'kron Troop Transport', '6', '300');
INSERT INTO `vehicle_accessories` VALUES ('31881', '31882', '3', '0', 'Kor\'kron Infiltrator on Kor\'kron Troop Transport', '6', '300');
INSERT INTO `vehicle_accessories` VALUES ('31881', '31882', '4', '0', 'Kor\'kron Infiltrator on Kor\'kron Troop Transport', '6', '300');
INSERT INTO `vehicle_accessories` VALUES ('31881', '31882', '5', '0', 'Kor\'kron Infiltrator on Kor\'kron Troop Transport', '6', '300');
INSERT INTO `vehicle_accessories` VALUES ('31884', '31882', '0', '1', 'Kor\'kron Infiltrator rides Kor\'kron Suppression Turret', '8', '0');
INSERT INTO `vehicle_accessories` VALUES ('32225', '32223', '0', '1', 'Skybreaker Transport Pilot rides Skybreaker Troop Transport', '6', '300');
INSERT INTO `vehicle_accessories` VALUES ('32225', '32227', '1', '1', 'Skybreaker Suppression Turret on Skybreaker Troop Transport', '8', '0');
INSERT INTO `vehicle_accessories` VALUES ('32225', '32222', '2', '0', 'Skybreaker Infiltrator on Skybreaker Troop Transport', '6', '300');
INSERT INTO `vehicle_accessories` VALUES ('32225', '32222', '3', '0', 'Skybreaker Infiltrator on Skybreaker Troop Transport', '6', '300');
INSERT INTO `vehicle_accessories` VALUES ('32225', '32222', '4', '0', 'Skybreaker Infiltrator on Skybreaker Troop Transport', '6', '300');
INSERT INTO `vehicle_accessories` VALUES ('32225', '32222', '5', '0', 'Skybreaker Infiltrator on Skybreaker Troop Transport', '6', '300');
INSERT INTO `vehicle_accessories` VALUES ('32227', '32222', '0', '1', 'Skybreaker Infiltrator rides Skybreaker Suppression Turret', '6', '300');
INSERT INTO `vehicle_accessories` VALUES ('32490', '32486', '0', '0', 'Scourge Death Knight rides Scourge Deathcharger', '6', '300');
INSERT INTO `vehicle_accessories` VALUES ('32344', '32274', '0', '0', 'Alliance Bomber Pilot rides Alliance Rescue Craft', '6', '300');
INSERT INTO `vehicle_accessories` VALUES ('32344', '32531', '2', '1', 'Banner Bunny, Side, Alliance, Small rides Alliance Rescue Craft', '8', '0');
INSERT INTO `vehicle_accessories` VALUES ('32823', '34812', '0', '1', 'Bountiful Table - The Turkey Chair', '8', '0');
INSERT INTO `vehicle_accessories` VALUES ('32823', '34823', '1', '1', 'Bountiful Table - The Cranberry Chair', '8', '0');
INSERT INTO `vehicle_accessories` VALUES ('32823', '34819', '2', '1', 'Bountiful Table - The Stuffing Chair', '8', '0');
INSERT INTO `vehicle_accessories` VALUES ('32823', '34824', '3', '1', 'Bountiful Table - The Sweet Potato Chair', '8', '0');
INSERT INTO `vehicle_accessories` VALUES ('32823', '34822', '4', '1', 'Bountiful Table - The Pie Chair', '8', '0');
INSERT INTO `vehicle_accessories` VALUES ('32823', '32830', '5', '1', 'Bountiful Table - Food Holder', '8', '0');
INSERT INTO `vehicle_accessories` VALUES ('32823', '32840', '6', '1', 'Bountiful Table - Plate Holder', '8', '0');
INSERT INTO `vehicle_accessories` VALUES ('32830', '32824', '0', '1', 'Food Holder - [PH] Pilgrim\'s Bounty Table - Turkey', '8', '0');
INSERT INTO `vehicle_accessories` VALUES ('32830', '32827', '1', '1', 'Food Holder - [PH] Pilgrim\'s Bounty Table - Cranberry Sauce', '8', '0');
INSERT INTO `vehicle_accessories` VALUES ('32830', '32831', '2', '1', 'Food Holder - [PH] Pilgrim\'s Bounty Table - Stuffing', '8', '0');
INSERT INTO `vehicle_accessories` VALUES ('32830', '32825', '3', '1', 'Food Holder - [PH] Pilgrim\'s Bounty Table - Yams', '8', '0');
INSERT INTO `vehicle_accessories` VALUES ('32830', '32829', '4', '1', 'Food Holder - [PH] Pilgrim\'s Bounty Table - Pie', '8', '0');
INSERT INTO `vehicle_accessories` VALUES ('32840', '32839', '0', '1', 'Plate Holder - Sturdy Plate', '8', '0');
INSERT INTO `vehicle_accessories` VALUES ('32840', '32839', '1', '1', 'Plate Holder - Sturdy Plate', '8', '0');
INSERT INTO `vehicle_accessories` VALUES ('32840', '32839', '2', '1', 'Plate Holder - Sturdy Plate', '8', '0');
INSERT INTO `vehicle_accessories` VALUES ('32840', '32839', '3', '1', 'Plate Holder - Sturdy Plate', '8', '0');
INSERT INTO `vehicle_accessories` VALUES ('32840', '32839', '4', '1', 'Plate Holder - Sturdy Plate', '8', '0');
INSERT INTO `vehicle_accessories` VALUES ('36896', '28717', '1', '0', 'Overlord Drakuru on Stonespine Gargoyle', '6', '30000');
INSERT INTO `vehicle_accessories` VALUES ('40081', '40083', '0', '1', 'Orb Carrier', '6', '30000');
INSERT INTO `vehicle_accessories` VALUES ('40081', '40100', '1', '1', 'Orb Carrier', '6', '30000');
INSERT INTO `vehicle_accessories` VALUES ('40470', '40083', '0', '1', 'Orb Carrier', '6', '30000');
INSERT INTO `vehicle_accessories` VALUES ('40470', '40100', '1', '1', 'Orb Carrier', '6', '30000');
INSERT INTO `vehicle_accessories` VALUES ('40471', '40083', '0', '1', 'Orb Carrier', '6', '30000');
INSERT INTO `vehicle_accessories` VALUES ('40471', '40100', '1', '1', 'Orb Carrier', '6', '30000');
INSERT INTO `vehicle_accessories` VALUES ('40471', '40468', '2', '1', 'Orb Carrier', '6', '30000');
INSERT INTO `vehicle_accessories` VALUES ('40471', '40469', '3', '1', 'Orb Carrier', '6', '30000');
INSERT INTO `vehicle_accessories` VALUES ('40472', '40083', '0', '1', 'Orb Carrier', '6', '30000');
INSERT INTO `vehicle_accessories` VALUES ('40472', '40100', '1', '1', 'Orb Carrier', '6', '30000');
INSERT INTO `vehicle_accessories` VALUES ('40472', '40468', '2', '1', 'Orb Carrier', '6', '30000');
INSERT INTO `vehicle_accessories` VALUES ('40472', '40469', '3', '1', 'Orb Carrier', '6', '30000');
INSERT INTO `vehicle_accessories` VALUES ('24083', '24849', '0', '0', 'Proto Drake Rider mounted to Enslaved Proto Drake', '6', '30000');
INSERT INTO `vehicle_accessories` VALUES ('27626', '27627', '0', '1', 'Tatjana\'s Horse', '5', '0');
INSERT INTO `vehicle_accessories` VALUES ('29579', '29599', '0', '1', 'Brann Snow Target', '7', '0');
INSERT INTO `vehicle_accessories` VALUES ('28669', '28717', '1', '1', 'Flying Fiend', '8', '0');
INSERT INTO `vehicle_accessories` VALUES ('29863', '28518', '0', '1', 'Persistence', '8', '0');
INSERT INTO `vehicle_accessories` VALUES ('34776', '34778', '1', '1', 'Siege Engine - Flame Turret', '6', '30000');
INSERT INTO `vehicle_accessories` VALUES ('34776', '34778', '2', '1', 'Siege Engine - Flame Turret', '6', '30000');
INSERT INTO `vehicle_accessories` VALUES ('34776', '34777', '7', '1', 'Siege Engine - Siege Turret', '6', '30000');
INSERT INTO `vehicle_accessories` VALUES ('35069', '36356', '1', '1', 'Siege Engine - Flame Turret', '6', '30000');
INSERT INTO `vehicle_accessories` VALUES ('35069', '36356', '2', '1', 'Siege Engine - Flame Turret', '6', '30000');
INSERT INTO `vehicle_accessories` VALUES ('35069', '36355', '7', '1', 'Siege Engine - Siege Turret', '6', '30000');
INSERT INTO `vehicle_accessories` VALUES ('31406', '32274', '7', '0', 'Alliance Bomber Pilot rides Alliance Infra-green Bomber', '6', '300');
INSERT INTO `vehicle_accessories` VALUES ('32513', '31856', '0', '1', 'Horde Bomber Seat on Horde Infra-green Bomber', '8', '0');
INSERT INTO `vehicle_accessories` VALUES ('32513', '31840', '1', '1', 'Horde Turret Seat on Horde Infra-green Bomber', '8', '0');
INSERT INTO `vehicle_accessories` VALUES ('32513', '32152', '2', '1', 'Horde Engineering Seat on rides Horde Infra-green Bomber', '8', '0');
INSERT INTO `vehicle_accessories` VALUES ('32513', '32214', '3', '1', 'Banner Bunny, Hanging, Horde on Horde Infra-green Bomber', '8', '0');
INSERT INTO `vehicle_accessories` VALUES ('32513', '32215', '4', '1', 'Banner Bunny, Side, Horde on Horde Infra-green Bomber', '8', '0');
INSERT INTO `vehicle_accessories` VALUES ('32513', '32215', '5', '1', 'Banner Bunny, Side, Horde on Horde Infra-green Bomber', '8', '0');
INSERT INTO `vehicle_accessories` VALUES ('32513', '32256', '6', '1', 'Shield Visual Loc Bunny on Horde Infra-green Bomber', '8', '0');
INSERT INTO `vehicle_accessories` VALUES ('32513', '32317', '7', '0', 'Horde Bomber Pilot rides Horde Infra-green Bomber', '6', '300');
INSERT INTO `vehicle_accessories` VALUES ('33651', '34050', '5', '1', 'VX-001 Rocket Seat 6', '8', '30000');
INSERT INTO `vehicle_accessories` VALUES ('33651', '34050', '6', '1', 'VX-001 Rocket Seat 7', '8', '30000');
INSERT INTO `vehicle_accessories` VALUES ('33432', '34071', '3', '1', 'MKII MKII turret Seat 1', '8', '30000');
INSERT INTO `vehicle_accessories` VALUES ('35638', '35572', '0', '0', 'Mokra the Skullcrusher\'s Mount - Mokra the Skullcrusher <Grand Champion of Orgrimmar>', '8', '0');
INSERT INTO `vehicle_accessories` VALUES ('35635', '35569', '0', '0', 'Eressea Dawnsinger\'s Mount - Eressea Dawnsinger', '8', '0');
INSERT INTO `vehicle_accessories` VALUES ('35640', '35571', '0', '0', 'Runok Wildmane\'s Mount - Runok Wildmane', '8', '0');
INSERT INTO `vehicle_accessories` VALUES ('35641', '35570', '0', '0', 'Zul\'tore\'s Mount - Zul\'tore', '8', '0');
INSERT INTO `vehicle_accessories` VALUES ('35634', '35617', '0', '0', 'Deathstalker Visceri\'s Mount - Deathstalker Visceri', '8', '0');
INSERT INTO `vehicle_accessories` VALUES ('35491', '35451', '0', '0', 'Black Knight\'s Skeletal Gryphon - The Black Knight', '8', '0');
INSERT INTO `vehicle_accessories` VALUES ('29708', '29805', '0', '0', 'Captive Proto-Drake', '8', '0');
INSERT INTO `vehicle_accessories` VALUES ('28468', '28451', '1', '1', 'Stampy', '8', '0');
INSERT INTO `vehicle_accessories` VALUES ('30013', '29730', '0', '1', 'Stormcrest Eagle', '5', '0');
INSERT INTO `vehicle_accessories` VALUES ('25968', '25801', '0', '0', 'Lunchbox', '8', '0');
INSERT INTO `vehicle_accessories` VALUES ('30108', '30401', '1', '1', 'Stormcrest Eagle', '8', '0');
INSERT INTO `vehicle_accessories` VALUES ('29500', '29498', '0', '1', 'Brunnhildar Warbear', '8', '0');
INSERT INTO `vehicle_accessories` VALUES ('30174', '30175', '0', '1', 'Hyldsmeet Warbear', '8', '0');
INSERT INTO `vehicle_accessories` VALUES ('30393', '30390', '0', '0', 'Veranus', '8', '0');
INSERT INTO `vehicle_accessories` VALUES ('34146', '34137', '0', '0', 'Snow Mound', '8', '0');
INSERT INTO `vehicle_accessories` VALUES ('34146', '34137', '1', '0', 'Snow Mound', '8', '0');
INSERT INTO `vehicle_accessories` VALUES ('34146', '34137', '2', '0', 'Snow Mound', '8', '0');
INSERT INTO `vehicle_accessories` VALUES ('34146', '34137', '3', '0', 'Snow Mound', '8', '0');
INSERT INTO `vehicle_accessories` VALUES ('34151', '34137', '0', '0', 'Snow Mound', '8', '0');
INSERT INTO `vehicle_accessories` VALUES ('34151', '34137', '1', '0', 'Snow Mound', '8', '0');
INSERT INTO `vehicle_accessories` VALUES ('34151', '34137', '2', '0', 'Snow Mound', '8', '0');
INSERT INTO `vehicle_accessories` VALUES ('34151', '34137', '3', '0', 'Snow Mound', '8', '0');
INSERT INTO `vehicle_accessories` VALUES ('34151', '34137', '4', '0', 'Snow Mound', '8', '0');
INSERT INTO `vehicle_accessories` VALUES ('34151', '34137', '5', '0', 'Snow Mound', '8', '0');
INSERT INTO `vehicle_accessories` VALUES ('34151', '34137', '6', '0', 'Snow Mound', '8', '0');
INSERT INTO `vehicle_accessories` VALUES ('34151', '34137', '7', '0', 'Snow Mound', '8', '0');
INSERT INTO `vehicle_accessories` VALUES ('34150', '34137', '0', '0', 'Snow Mound', '8', '0');
INSERT INTO `vehicle_accessories` VALUES ('34150', '34137', '1', '0', 'Snow Mound', '8', '0');
INSERT INTO `vehicle_accessories` VALUES ('34150', '34137', '2', '0', 'Snow Mound', '8', '0');
INSERT INTO `vehicle_accessories` VALUES ('34150', '34137', '3', '0', 'Snow Mound', '8', '0');
INSERT INTO `vehicle_accessories` VALUES ('34150', '34137', '4', '0', 'Snow Mound', '8', '0');
INSERT INTO `vehicle_accessories` VALUES ('34150', '34137', '5', '0', 'Snow Mound', '8', '0');
INSERT INTO `vehicle_accessories` VALUES ('27587', '27163', '1', '1', '7th Legion Siege Engineer Rides Alliance Steam Tank', '5', '0');
INSERT INTO `vehicle_accessories` VALUES ('27587', '27588', '2', '1', '7th Legion Elite Rides Alliance Steam Tank', '5', '0');
INSERT INTO `vehicle_accessories` VALUES ('27587', '27588', '3', '1', '7th Legion Elite Rides Alliance Steam Tank', '5', '0');
INSERT INTO `vehicle_accessories` VALUES ('25762', '25760', '0', '1', 'Kvaldir Raider', '8', '0');
INSERT INTO `vehicle_accessories` VALUES ('25762', '25760', '1', '1', 'Kvaldir Raider', '8', '0');
INSERT INTO `vehicle_accessories` VALUES ('25762', '25760', '2', '1', 'Kvaldir Raider', '8', '0');
INSERT INTO `vehicle_accessories` VALUES ('25762', '25760', '3', '1', 'Kvaldir Raider', '8', '0');
INSERT INTO `vehicle_accessories` VALUES ('25762', '25760', '4', '1', 'Kvaldir Raider', '8', '0');
INSERT INTO `vehicle_accessories` VALUES ('25762', '25760', '5', '1', 'Kvaldir Raider', '8', '0');
INSERT INTO `vehicle_accessories` VALUES ('25762', '25760', '6', '1', 'Kvaldir Raider', '8', '0');
INSERT INTO `vehicle_accessories` VALUES ('30134', '30107', '0', '1', 'Brann flying machine', '8', '0');
INSERT INTO `vehicle_accessories` VALUES ('29351', '29558', '0', '1', 'Niffelem Frost Giant', '8', '30000');
INSERT INTO `vehicle_accessories` VALUES ('29351', '29558', '1', '1', 'Niffelem Frost Giant', '8', '30000');
INSERT INTO `vehicle_accessories` VALUES ('29351', '29558', '2', '1', 'Niffelem Frost Giant', '8', '30000');
INSERT INTO `vehicle_accessories` VALUES ('29351', '29558', '3', '1', 'Niffelem Frost Giant', '8', '30000');
INSERT INTO `vehicle_accessories` VALUES ('29358', '29558', '0', '1', 'Frostworg', '8', '30000');
INSERT INTO `vehicle_accessories` VALUES ('29358', '29558', '1', '1', 'Frostworg', '8', '30000');
INSERT INTO `vehicle_accessories` VALUES ('27131', '27438', '0', '1', 'Grizzly Bear - Rainbow Trout', '6', '30000');
INSERT INTO `vehicle_accessories` VALUES ('27761', '27535', '0', '1', 'Fordragon Battle Steed', '7', '30000');
INSERT INTO `vehicle_accessories` VALUES ('31050', '31016', '0', '0', '31050 - 31016', '6', '30000');
INSERT INTO `vehicle_accessories` VALUES ('29460', '29458', '0', '1', 'Brunnhildar Drakerider', '8', '0');
INSERT INTO `vehicle_accessories` VALUES ('27213', '27206', '0', '0', 'Onslaught Warhorse - Onslaught Knight', '8', '30000');
INSERT INTO `vehicle_accessories` VALUES ('34796', '34800', '0', '0', 'Snobold Vassal', '5', '0');
INSERT INTO `vehicle_accessories` VALUES ('34796', '34800', '1', '0', 'Snobold Vassal', '5', '0');
INSERT INTO `vehicle_accessories` VALUES ('34796', '34800', '2', '0', 'Snobold Vassal', '5', '0');
INSERT INTO `vehicle_accessories` VALUES ('34796', '34800', '3', '0', 'Snobold Vassal', '5', '0');
INSERT INTO `vehicle_accessories` VALUES ('31784', '31801', '1', '1', 'Geargrinder\'s Jumpbot', '6', '30000');
INSERT INTO `vehicle_accessories` VALUES ('31785', '31801', '1', '1', 'Thunderbomb\'s Jumpbot', '6', '30000');
INSERT INTO `vehicle_accessories` VALUES ('27886', '27887', '0', '1', 'Valgarde Gryphon', '5', '0');
INSERT INTO `vehicle_accessories` VALUES ('27939', '32580', '0', '0', 'Kvaldir Crewman', '4', '300000');
INSERT INTO `vehicle_accessories` VALUES ('27939', '32579', '1', '0', 'Kvaldir Crewman', '4', '300000');
INSERT INTO `vehicle_accessories` VALUES ('27939', '32577', '2', '0', 'Kvaldir Crewman', '4', '300000');
INSERT INTO `vehicle_accessories` VALUES ('27939', '32578', '3', '0', 'Kvaldir Crewman', '4', '300000');
INSERT INTO `vehicle_accessories` VALUES ('27939', '32576', '4', '0', 'Orabus the Helmsman', '4', '300000');
INSERT INTO `vehicle_accessories` VALUES ('30165', '30166', '0', '1', 'Stormcrest Eagle - Frostborn Stormrider', '8', '30000');
INSERT INTO `vehicle_accessories` VALUES ('28710', '28646', '0', '1', 'Vics Flying Machine', '6', '30000');
INSERT INTO `vehicle_accessories` VALUES ('33109', '33620', '2', '1', 'Salvaged Demolisher - Earthen Stoneshaper', '6', '30000');

INSERT INTO `world_db_version` (`id`, `LastUpdate`) VALUES ('100', '20220116-01_vehicles');
